1527604198860585121,ARKW,B,100,51.84
1527604199244429473,ARKW,S,100,54.22
1527604198284523687,ARKW,B,100,50.25
1527604200505342119,ARKW,S,100,55.81
1527604198815103144,ARKW,S,100,54.22
1527604197236996349,ARKW,B,100,50.25
1527604198852917501,ARKW,S,100,55.81
1527604200328855909,ARKW,S,100,63.79
1527604197370497719,ARKW,B,100,44.52
1527604198611094199,ARKW,S,100,61.66
1527604196892611922,ARKW,B,200,52.69
1527604204540094293,ARKW,B,30,39.84
1527604204035271142,ARKW,B,10,44.96
1527604202629261961,ARKW,B,100,0
1527604200840981905,ARKW,S,50,54
1527604202687786932,ARKW,S,10,57.02
1527604201707827162,ARKW,B,50,40
1527604204280710217,ARKW,S,12,55
1527604204494029916,ARKW,B,50,47
1527604205096502604,ARKW,S,100,60
1527604202215671398,ARKW,B,13,40.01
1527604203454891703,ARKW,B,2,40.54
1527604203190388480,ARKW,S,500,53.16
1527604201388672773,ARKW,S,200,53.17
1527604204392777630,ARKW,B,1,35
1527604204429871139,ARKW,B,15,48
1527604201811450536,ARKW,S,200,53.68
1527604201307808146,ARKW,S,200,53.69
1527604201686934028,ARKW,S,200,53.42
1527604203712259115,ARKW,S,500,53.16
1527604204318270509,ARKW,S,200,53.17
1527604204702200239,ARKW,S,100,63.78
1527604202554651056,ARKW,B,100,42.4
1527604204398968277,ARKW,S,500,53.15
1527604203649826262,ARKW,S,200,53.65
1527604203729911255,ARKW,S,200,53.65
1527604202680024539,ARKW,S,200,53.16
1527604201669134812,ARKW,S,500,53.05
1527604201558315368,ARKW,S,200,53.66
1527604203065971048,ARKW,S,200,53.17
1527604203010986347,ARKW,S,200,53.66
1527604204776526247,ARKW,S,500,53.05
1527604200993722795,ARKW,S,200,53.13
1527604201260388779,ARKW,S,200,53.12
1527604204454154703,ARKW,S,200,53.66
1527604203058434543,ARKW,S,500,53.19
1527604204841341428,ARKW,S,200,53.2
1527604207566529640,ARKW,S,500,53.17
1527604206250763371,ARKW,S,200,53.18
1527604207659656299,ARKW,S,200,53.17
1527604205124440056,ARKW,S,500,53.16
1527604205927124985,ARKW,S,200,53.16
1527604211740989414,ARKW,B,50,0
1527604210366261581,ARKW,S,100,59.5
1527604230325839834,ARKW,S,500,53.16
1527604230861362017,ARKW,S,500,53.07
1527604240977418651,ARKW,S,500,53.06
1527604269203901828,ARKW,B,200,52.79
1527604269215125313,ARKW,S,500,53.07
1527604269693419947,ARKW,B,200,53
1527604272212361644,ARKW,B,200,52.91
1527604272606691756,ARKW,B,200,52.92
1527604270406058685,ARKW,S,500,53.11
1527604271981609734,ARKW,B,200,52.9
1527604295282524683,ARKW,B,200,52.71
1527604292077421122,ARKW,S,500,53.1
1527604293268668994,ARKW,S,200,53.57
1527604291489104451,ARKW,S,200,53.57
1527604294611632708,ARKW,S,200,53.16
1527604294260753064,ARKW,B,200,52.7
1527604291833368605,ARKW,B,200,52.69
1527604294536204420,ARKW,B,200,52.79
1527604296924405851,ARKW,S,500,53.09
1527604299040421006,ARKW,S,200,53.17
1527604297338778767,ARKW,S,200,53.17
1527604303323465707,ARKW,S,500,53.08
1527604319933016512,ARKW,S,200,53.15
1527604316961024449,ARKW,S,200,53.14
1527604317925583297,ARKW,S,200,53.13
1527604318822705601,ARKW,S,200,53.15
1527604323996617280,ARKW,B,200,53
1527604324444293698,ARKW,B,200,52.91
1527604321345948227,ARKW,B,200,52.92
1527604325078160246,ARKW,B,200,52.9
1527604321302776409,ARKW,B,200,52.74
1527604324095664078,ARKW,B,200,52.83
1527604323342471600,ARKW,B,200,53
1527604321549210967,ARKW,B,200,52.75
1527604322605389592,ARKW,B,200,52.74
1527604324655291769,ARKW,B,200,52.83
1527604322184985788,ARKW,B,200,53
1527604322752405450,ARKW,B,200,52.92
1527604323286196170,ARKW,B,200,52.93
1527604325658545867,ARKW,B,200,52.91
1527604333522793715,ARKW,S,200,53.51
1527604332838139156,ARKW,S,500,53.09
1527604332975502615,ARKW,S,200,53.16
1527604333371012375,ARKW,S,200,53.15
1527604333418263832,ARKW,B,200,52.93
1527604330276730137,ARKW,B,200,53.01
1527604330765497747,ARKW,B,100,53
1527604330836426129,ARKW,B,200,52.9
1527604333761953169,ARKW,B,200,52.9
1527604336670435095,ARKW,B,200,52.89
1527604336555398654,ARKW,S,200,53.48
1527604337352578584,ARKW,S,500,53.1
1527604335010584090,ARKW,S,200,53.13
1527604337428928026,ARKW,S,200,53.13
1527604337532083252,ARKW,S,200,53.14
1527604340823999736,ARKW,S,200,53.15
1527604349111263051,ARKW,B,200,52.88
1527604347445206860,ARKW,B,200,52.88
1527604348613058974,ARKW,B,200,52.87
1527604350593360295,ARKW,S,200,53.13
1527604347780751784,ARKW,S,200,53.12
1527604348847415720,ARKW,S,200,53.11
1527604350017298856,ARKW,S,200,53.1
1527604350944642608,ARKW,S,200,53.1
1527604347724348859,ARKW,B,200,53
1527604349974145588,ARKW,S,200,53.1
1527604358436318486,ARKW,S,200,53.11
1527604355464654103,ARKW,S,200,53.1
1527604359533919030,ARKW,S,200,53.1
1527604357563679040,ARKW,B,200,52.86
1527604356019323201,ARKW,B,200,52.86
1527604360249725530,ARKW,B,200,52.85
1527604367103708072,ARKW,S,500,53.09
1527604367381121965,ARKW,S,200,53.09
1527604365676399570,ARKW,B,200,52.7
1527604366324632043,ARKW,B,200,52.69
1527604364064361012,ARKW,B,200,52.78
1527604365705855811,ARKW,S,500,53.08
1527604366538687303,ARKW,S,200,53.08
1527604364159942572,ARKW,S,200,53.08
1527604369767231910,ARKW,S,200,53.09
1527604368993907111,ARKW,S,200,53.08
1527604368384168970,ARKW,S,200,53.08
1527604369742730404,ARKW,S,200,53.08
1527604368861009091,ARKW,S,200,53.08
1527604369196821010,ARKW,S,200,53.08
1527604369451048252,ARKW,S,200,53.08
1527604374025700145,ARKW,S,200,53.08
1527604382488895446,ARKW,S,200,53.09
1527604383853486038,ARKW,S,200,53.08
1527604388401019191,ARKW,B,200,53
1527604389650528570,ARKW,B,200,52.91
1527604386112239931,ARKW,B,200,52.92
1527604386562610335,ARKW,B,200,52.9
1527604388967151423,ARKW,B,200,53.01
1527604386349512512,ARKW,B,200,52.92
1527604388809209664,ARKW,B,200,52.92
1527604387199582806,ARKW,S,200,53.42
1527604389207016022,ARKW,S,200,53.13
1527604389167301209,ARKW,S,200,53.42
1527604386733163119,ARKW,S,500,53.09
1527604387693331057,ARKW,S,200,53.12
1527604385801699954,ARKW,S,200,53.12
1527604389301062907,ARKW,S,200,53.13
1527604393900784551,ARKW,S,200,53.14
1527604394916002450,ARKW,S,200,53.15
1527604397541046930,ARKW,S,200,53.15
1527604403507404084,ARKW,B,200,52.92
1527604403742547674,ARKW,B,200,53.01
1527604408065813687,ARKW,B,200,0
1527604407760481929,ARKW,B,200,52.76
1527604407340466170,ARKW,B,200,52.84
1527604411779253307,ARKW,B,200,53.01
1527604415276844093,ARKW,B,200,52.92
1527604411288519742,ARKW,B,200,52.93
1527604416265157276,ARKW,B,200,52.91
1527604417560941817,ARKW,B,200,52.77
1527604417442916895,ARKW,B,200,52.85
1527604418805832391,ARKW,B,200,53.01
1527604419135544009,ARKW,B,200,52.93
1527604419383925449,ARKW,B,200,52.94
1527604420635668339,ARKW,B,200,52.92
1527604424119727007,ARKW,B,200,52.78
1527604422954103729,ARKW,B,200,52.77
1527604424159180026,ARKW,B,200,52.85
1527604424930138150,ARKW,B,200,53.01
1527604431325324644,ARKW,B,200,52.78
1527604429811848944,ARKW,B,200,53.01
1527604431243286257,ARKW,B,200,0
1527604431766656753,ARKW,B,200,52.93
1527604430261901330,ARKW,B,200,52.91
1527604439613604116,ARKW,S,200,53.44
1527604439312400680,ARKW,S,500,53.1
1527604437796684076,ARKW,S,200,53.14
1527604438507946284,ARKW,S,200,53.13
1527604440839857760,ARKW,S,200,53.15
1527604444031194574,ARKW,S,200,53.16
1527604444377168861,ARKW,S,200,53.17
1527604449523293316,ARKW,S,200,53.47
1527604446857944220,ARKW,S,500,53.11
1527604445802552479,ARKW,S,200,0
1527604445984152735,ARKW,S,200,53.16
1527604445864746159,ARKW,B,200,53.02
1527604448242523311,ARKW,B,200,52.82
1527604446753086640,ARKW,B,200,52.82
1527604446214642865,ARKW,B,200,52.96
1527604448768848885,ARKW,B,200,52.95
1527604446868304886,ARKW,B,200,0
1527604453245663629,ARKW,B,200,52.94
1527604461589627749,ARKW,B,200,52.93
1527604459776181094,ARKW,B,200,52.93
1527604465656117171,ARKW,B,200,52.79
1527604466567591861,ARKW,B,200,52.78
1527604462878903595,ARKW,B,200,52.86
1527604463683110102,ARKW,S,200,53.12
1527604466430182706,ARKW,S,200,53.13
1527604464743155047,ARKW,S,200,53.11
1527604466039851443,ARKW,S,200,53.11
1527604468174797186,ARKW,B,200,53
1527604469171009922,ARKW,S,500,53.1
1527604471012440455,ARKW,S,200,53.1
1527604468567755279,ARKW,B,200,52.74
1527604471355597806,ARKW,B,200,52.73
1527604467463218166,ARKW,B,200,52.81
1527604467864957252,ARKW,S,500,53.09
1527604469448831304,ARKW,S,200,53.09
1527604467728651352,ARKW,S,500,53.08
1527604469515031642,ARKW,S,200,53.08
1527604475152582180,ARKW,S,500,53.07
1527604473987679782,ARKW,S,200,53.07
1527604473226746527,ARKW,S,500,53.05
1527604474574690976,ARKW,S,200,53.06
1527604475690572448,ARKW,S,200,53.05
1527604472684739784,ARKW,S,500,53.04
1527604475128904908,ARKW,S,200,53.04
1527604477208781723,ARKW,S,500,53.03
1527604476300256360,ARKW,S,500,53.02
1527604478522361848,ARKW,S,200,0
1527604479869585400,ARKW,S,200,53.02
1527604478226013899,ARKW,S,200,53.02
1527604480747905809,ARKW,S,200,53.02
1527604481702453743,ARKW,S,200,53.03
1527604483013173743,ARKW,S,200,53.02
1527604483869279154,ARKW,S,200,53.02
1527604483936264709,ARKW,S,500,53.01
1527604487245879600,ARKW,S,200,53.07
1527604485847013681,ARKW,S,200,53.07
1527604489414853800,ARKW,S,200,53.08
1527604497339942068,ARKW,S,200,53.09
1527604499980256436,ARKW,S,200,53.09
1527604500765009834,ARKW,S,200,53.37
1527604498873116603,ARKW,B,104,52.98
1527604497190873022,ARKW,S,500,53.02
1527604497676953981,ARKW,S,200,53.07
1527604498093697405,ARKW,S,200,53.06
1527604498817673807,ARKW,S,200,53.08
1527604499262932413,ARKW,B,200,52.73
1527604503712508585,ARKW,B,200,52.72
1527604505446331285,ARKW,B,200,52.8
1527604502797962181,ARKW,S,200,53.09
1527604502934821315,ARKW,S,200,53.38
1527604503079524829,ARKW,S,500,53.03
1527604502004406755,ARKW,S,200,53.08
1527604502414858723,ARKW,S,200,53.07
1527604505512948128,ARKW,S,200,53.09
1527604501719010436,ARKW,S,200,53.1
1527604507473767551,ARKW,S,200,53.11
1527604509364484208,ARKW,S,200,53.41
1527604507694758010,ARKW,S,500,53.03
1527604509384079484,ARKW,S,200,53.11
1527604509658019964,ARKW,S,200,53.1
1527604514294849054,ARKW,S,200,53.41
1527604512294231619,ARKW,S,500,53.04
1527604511044197957,ARKW,S,200,53.11
1527604511655386693,ARKW,S,200,53.1
1527604525662163955,ARKW,S,500,53.03
1527604528974877375,ARKW,S,200,53.04
1527604530406777010,ARKW,S,200,53.05
1527604529142587571,ARKW,S,200,0
1527604527464014129,ARKW,S,200,53.03
1527604530499711768,ARKW,S,200,0
1527604530823853114,ARKW,S,200,53.03
1527604529472828796,ARKW,S,500,53.02
1527604528916518737,ARKW,S,500,53.01
1527604535301199152,ARKW,S,200,53.06
1527604533643728177,ARKW,S,200,53.06
1527604547483354338,ARKW,S,200,53.07
1527604546246034659,ARKW,S,200,53.07
1527604549958911440,ARKW,S,200,53.08
1527604564480202041,ARKW,S,500,53
1527604563772121076,ARKW,S,500,52.99
1527604579609190368,ARKW,B,200,52.86
1527604581090304051,ARKW,B,104,52.87
1527604582850539857,ARKW,B,200,52.67
1527604582684340924,ARKW,S,500,52.98
1527604582135412882,ARKW,B,200,52.75
1527604596811314543,ARKW,S,200,53.02
1527604598495655279,ARKW,S,200,53.01
1527604603573386088,ARKW,S,200,53.03
1527604605884267478,ARKW,S,200,53.04
1527604606979718574,ARKW,S,200,53.28
1527604606643402622,ARKW,S,200,53.29
1527604607002482079,ARKW,S,200,53.16
1527604610670870684,ARKW,B,200,52.9
1527604612908073120,ARKW,B,200,52.85
1527604609248936097,ARKW,B,200,52.86
1527604612745806068,ARKW,B,104,52.91
1527604609002347221,ARKW,S,500,0
1527604612302022166,ARKW,B,200,52.91
1527604612993514192,ARKW,S,200,53.3
1527604611703110383,ARKW,S,500,52.99
1527604610497707485,ARKW,S,200,53.05
1527604612021091805,ARKW,S,200,53.04
1527604621261987390,ARKW,B,200,52.84
1527604619372191295,ARKW,B,200,52.84
1527604625627824713,ARKW,B,200,52.83
1527604625332089563,ARKW,B,200,52.71
1527604621902853406,ARKW,B,200,0
1527604638377714340,ARKW,B,100,52.93
1527604638578188967,ARKW,B,200,52.85
1527604638799962791,ARKW,B,200,52.86
1527604634673626033,ARKW,B,200,52.84
1527604636021394142,ARKW,B,200,52.83
1527604639866511270,ARKW,B,200,52.72
1527604642716737473,ARKW,B,200,52.9
1527604642729975748,ARKW,B,200,52.84
1527604643032686532,ARKW,B,200,52.85
1527604642240370216,ARKW,B,200,0
1527604643010025005,ARKW,B,200,52.79
1527604669639695674,ARKW,B,200,52.9
1527604676529723427,ARKW,B,100,52.91
1527604681950518727,ARKW,B,200,52.72
1527604685745970655,ARKW,B,200,52.9
1527604682211614182,ARKW,B,200,52.84
1527604682696252902,ARKW,B,200,52.85
1527604682892489098,ARKW,B,200,52.72
1527604682252601022,ARKW,B,200,52.71
1527604684664063683,ARKW,B,200,52.78
1527604683597996443,ARKW,S,200,53
1527604690115901134,ARKW,S,200,53.01
1527604688318969551,ARKW,S,200,53.01
1527604688936515286,ARKW,S,200,52.99
1527604687944303458,ARKW,S,200,52.99
1527604689877623854,ARKW,S,200,52.99
1527604686748709000,ARKW,S,200,52.99
1527604693152162909,ARKW,S,400,55.65
1527604693622383709,ARKW,B,400,0
1527604693582799986,ARKW,B,400,50.15
1527604694181143666,ARKW,S,400,55.66
1527604702087646475,ARKW,S,200,52.99
1527604703315534983,ARKW,S,200,52.99
1527604701593517179,ARKW,S,200,52.99
1527604705798795834,ARKW,S,200,52.99
1527604706252864120,ARKW,S,200,52.99
1527604703929161128,ARKW,S,200,52.99
1527604706751800425,ARKW,B,200,52.88
1527604705255220351,ARKW,B,200,52.69
1527604706917737599,ARKW,B,200,52.77
1527604706810389665,ARKW,B,200,52.69
1527604705269310626,ARKW,B,200,52.76
1527604704259073223,ARKW,B,200,52.69
1527604704258156196,ARKW,B,200,52.76
1527604707469038173,ARKW,S,500,0
1527604705118982752,ARKW,S,200,52.98
1527604707967517874,ARKW,B,200,52.86
1527604708732076938,ARKW,S,500,52.97
1527604711376978826,ARKW,S,200,53.23
1527604710082708363,ARKW,S,200,53.23
1527604710418383761,ARKW,S,200,52.98
1527604708145153849,ARKW,B,104,52.87
1527604707718711102,ARKW,S,500,52.96
1527604711825021471,ARKW,S,200,52.96
1527604708681522621,ARKW,S,200,52.96
1527604715539542273,ARKW,S,200,52.96
1527604714251497743,ARKW,S,200,0
1527604714060014644,ARKW,S,200,52.96
1527604712565229462,ARKW,S,200,52.99
1527604715382818710,ARKW,S,200,52.99
1527604713259714474,ARKW,B,200,52.87
1527604715152727573,ARKW,S,200,0
1527604718816179282,ARKW,B,200,52.84
1527604719167779922,ARKW,B,200,0
1527604720364205155,ARKW,B,200,52.82
1527604717477737586,ARKW,S,200,53.01
1527604723521110103,ARKW,B,200,52.89
1527604723363812389,ARKW,S,200,53.25
1527604724803114021,ARKW,S,200,53.02
1527604722707797070,ARKW,S,500,0
1527604722215752785,ARKW,S,200,53
1527604723611472977,ARKW,S,200,52.99
1527604725559796438,ARKW,S,500,52.98
1527604727429035528,ARKW,S,200,52.98
1527604725574366760,ARKW,B,200,52.81
1527604727370971158,ARKW,B,200,52.69
1527604726166354135,ARKW,B,200,52.68
1527604726476142810,ARKW,B,200,52.75
1527604726158754402,ARKW,B,200,52.87
1527604727250655482,ARKW,B,200,52.69
1527604725127240336,ARKW,B,200,52.76
1527604727442513246,ARKW,S,200,52.98
1527604738632066888,ARKW,B,200,52.89
1527604741921187657,ARKW,B,200,52.84
1527604737774987082,ARKW,B,200,52.83
1527604739906255099,ARKW,S,200,53.03
1527604738390341884,ARKW,S,200,53.03
1527604743322234401,ARKW,S,200,53.04
1527604744260778988,ARKW,B,200,52.9
1527604744656681965,ARKW,B,200,52.73
1527604742921419758,ARKW,B,200,52.73
1527604745102588911,ARKW,B,200,52.85
1527604750248062080,ARKW,S,200,53.05
1527604747482575750,ARKW,B,200,52.75
1527604747466913204,ARKW,B,200,52.74
1527604748952876473,ARKW,B,200,52.81
1527604749824767537,ARKW,B,200,52.9
1527604747563392035,ARKW,S,200,53.06
1527604747422293086,ARKW,B,200,52.88
1527604746637237343,ARKW,B,200,52.88
1527604747487829102,ARKW,B,200,52.87
1527604746579435140,ARKW,S,200,53.3
1527604748192800544,ARKW,B,104,52.91
1527604747231128216,ARKW,S,200,53.31
1527604746505973840,ARKW,S,200,53.18
1527604749999304927,ARKW,S,500,53.01
1527604747717734628,ARKW,S,200,53.05
1527604750129852778,ARKW,S,200,53.06
1527604746709764286,ARKW,B,200,52.93
1527604754570421018,ARKW,S,200,53.07
1527604753058308891,ARKW,S,200,53.07
1527604751504293297,ARKW,B,104,52.94
1527604753624513988,ARKW,B,200,52.94
1527604754024808455,ARKW,S,200,53.32
1527604751331016753,ARKW,S,500,53.04
1527604754686066738,ARKW,S,200,53.07
1527604750774026291,ARKW,S,200,53.06
1527604753354178728,ARKW,S,200,53.08
1527604756834126304,ARKW,S,500,53.03
1527604761468770985,ARKW,S,200,53.06
1527604762608900777,ARKW,S,200,53.05
1527604759838759594,ARKW,S,200,53.06
1527604760603892394,ARKW,S,200,53.04
1527604762309008042,ARKW,S,200,53.03
1527604763448679096,ARKW,B,200,52.86
1527604761511303865,ARKW,B,200,0
1527604762809572087,ARKW,S,200,53.03
1527604759182679697,ARKW,S,200,53.03
1527604762960830103,ARKW,B,200,0
1527604761544597553,ARKW,B,200,52.74
1527604761798352964,ARKW,B,200,52.81
1527604759510623441,ARKW,S,200,53.03
1527604759609081978,ARKW,S,200,53.03
1527604759708438340,ARKW,S,200,0
1527604764226823227,ARKW,S,200,53.03
1527604765278147243,ARKW,S,200,53.03
1527604770744790305,ARKW,S,200,53.03
1527604771355730464,ARKW,S,200,53.03
1527604774697150779,ARKW,S,200,53.03
1527604774191740469,ARKW,S,200,53.03
1527604772600138724,ARKW,S,200,53.03
1527604773805497230,ARKW,B,200,52.93
1527604777221962260,ARKW,B,200,52.88
1527604778024843796,ARKW,B,200,52.89
1527604777992149316,ARKW,B,200,52.87
1527604778594306769,ARKW,S,200,53.04
1527604779771661009,ARKW,S,200,53.03
1527604776551419308,ARKW,B,200,52.86
1527604780088070517,ARKW,S,200,53.03
1527604777435437466,ARKW,B,200,52.74
1527604778216631035,ARKW,B,200,52.81
1527604779875871497,ARKW,S,200,53.03
1527604779231325210,ARKW,S,200,53.03
1527604777305354402,ARKW,S,200,53.03
1527604778747544665,ARKW,S,200,53.03
1527604778280227781,ARKW,S,200,53.03
1527604777159103780,ARKW,S,200,53.03
1527604783367332841,ARKW,S,200,53.03
1527604783508621818,ARKW,S,200,53.03
1527604781657295522,ARKW,S,200,53.03
1527604793129433721,ARKW,S,200,53.03
1527604789701645594,ARKW,B,200,52.93
1527604797679032930,ARKW,B,200,52.73
1527604796811753195,ARKW,B,200,52.72
1527604797368221152,ARKW,B,200,52.79
1527604794620231984,ARKW,B,200,52.91
1527604795581907377,ARKW,B,200,52.72
1527604796899377585,ARKW,B,200,52.78
1527604795346370994,ARKW,B,200,52.72
1527604793883935155,ARKW,B,200,52.72
1527604796263350724,ARKW,B,104,52.92
1527604794531824070,ARKW,S,500,53.02
1527604794887487942,ARKW,B,200,52.84
1527604795632566726,ARKW,B,200,52.85
1527604797614178761,ARKW,S,200,53.02
1527604797595965438,ARKW,B,200,52.83
1527604800003459335,ARKW,B,200,52.92
1527604801883479680,ARKW,S,200,53.03
1527604798917648001,ARKW,S,200,53.02
1527604804884195052,ARKW,S,200,53.02
1527604808112771509,ARKW,B,200,52.72
1527604807483692245,ARKW,B,200,52.79
1527604808787082550,ARKW,S,200,53.02
1527604807494844627,ARKW,S,200,53.03
1527604808806744275,ARKW,S,200,53.02
1527604810182157302,ARKW,S,200,53.02
1527604813611240394,ARKW,B,200,52.93
1527604813699320780,ARKW,B,200,52.87
1527604814239337420,ARKW,B,200,52.88
1527604812066032652,ARKW,B,200,52.86
1527604815584370747,ARKW,S,200,53.07
1527604818497839163,ARKW,S,200,53.07
1527604821435643112,ARKW,B,200,52.75
1527604820395330240,ARKW,B,200,52.74
1527604822292935501,ARKW,S,200,53.05
1527604819462107982,ARKW,S,200,53.04
1527604820509832014,ARKW,S,200,53.03
1527604821774807886,ARKW,S,200,53.02
1527604822164681550,ARKW,S,200,53.04
1527604821362324518,ARKW,B,200,52.73
1527604821405447261,ARKW,B,200,52.8
1527604819535002749,ARKW,S,200,53.02
1527604820444058563,ARKW,S,200,53.02
1527604823536769971,ARKW,S,200,53.02
1527604827222132052,ARKW,S,200,53.02
1527604827115909216,ARKW,S,200,53.02
1527604830551487732,ARKW,S,200,53.03
1527604831915554036,ARKW,S,200,53.02
1527604828468231234,ARKW,S,200,53.02
1527604828668189708,ARKW,S,200,53.02
1527604831729909982,ARKW,S,500,53.01
1527604829570367998,ARKW,S,200,53.01
1527604829015409286,ARKW,S,200,53.01
1527604828872360414,ARKW,S,200,53.01
1527604828315435504,ARKW,S,200,53.01
1527604829878276058,ARKW,S,200,53.01
1527604831284683990,ARKW,S,200,53.01
1527604829874952486,ARKW,S,200,53.01
1527604834837209117,ARKW,S,200,53.01
1527604834673383638,ARKW,B,200,52.9
1527604837613929944,ARKW,B,200,52.71
1527604837518785405,ARKW,B,200,52.78
1527604847999534477,ARKW,B,200,52.91
1527604847804112241,ARKW,B,200,52.85
1527604848802815345,ARKW,B,200,52.86
1527604847028362747,ARKW,S,200,53.01
1527604848138280468,ARKW,B,200,52.84
1527604845646864525,ARKW,B,200,52.72
1527604846927832432,ARKW,B,200,52.91
1527604847703385457,ARKW,B,200,52.84
1527604848380372337,ARKW,B,200,52.85
1527604848273785801,ARKW,S,200,53.01
1527604847914846899,ARKW,S,200,53.01
1527604846566576802,ARKW,S,200,53.01
1527604846296569852,ARKW,S,200,53.01
1527604850988039826,ARKW,S,200,53.01
1527604850193229423,ARKW,B,200,52.83
1527604849446974903,ARKW,B,200,52.71
1527604850998605239,ARKW,B,200,52.82
1527604850583304201,ARKW,B,200,52.71
1527604852592769469,ARKW,B,200,52.89
1527604853228599743,ARKW,B,200,52.83
1527604849802312128,ARKW,B,200,52.84
1527604853128662846,ARKW,B,200,52.82
1527604853655718738,ARKW,S,500,53
1527604851501484886,ARKW,S,200,53
1527604859181213576,ARKW,S,200,53
1527604859714355808,ARKW,B,200,52.9
1527604861798993695,ARKW,S,200,53
1527604865824343098,ARKW,S,200,53
1527604863074784351,ARKW,S,200,53
1527604863228692751,ARKW,B,200,52.71
1527604862475488283,ARKW,B,200,52.7
1527604865380308809,ARKW,B,200,52.77
1527604865091702920,ARKW,B,200,52.9
1527604870342976110,ARKW,B,200,52.84
1527604866841125487,ARKW,B,200,52.85
1527604867243582067,ARKW,B,200,52.83
1527604868544670230,ARKW,B,200,52.71
1527604870089091630,ARKW,B,200,52.89
1527604866741381682,ARKW,B,200,52.83
1527604867346737714,ARKW,B,200,52.84
1527604869054217700,ARKW,S,200,53
1527604866650294041,ARKW,B,200,52.72
1527604869515341937,ARKW,B,200,52.79
1527604870679392594,ARKW,B,200,52.9
1527604867000349729,ARKW,B,200,52.72
1527604867988975234,ARKW,B,200,52.79
1527604873549033461,ARKW,S,200,53.05
1527604872307978230,ARKW,S,200,53.05
1527604878853569810,ARKW,S,200,53.06
1527604886069745604,ARKW,S,200,53.07
1527604886917519301,ARKW,S,200,53.07
1527604887539652749,ARKW,S,200,53.32
1527604887149975858,ARKW,B,104,52.94
1527604884636866871,ARKW,B,200,52.89
1527604885143787831,ARKW,B,200,52.9
1527604887330593919,ARKW,S,500,53.01
1527604886663371908,ARKW,S,200,53.06
1527604887623867524,ARKW,S,200,53.07
1527604887756905615,ARKW,B,200,52.77
1527604886296435856,ARKW,B,200,52.88
1527604887383022736,ARKW,B,200,52.77
1527604886361775249,ARKW,B,200,0
1527604885017567224,ARKW,S,200,53.32
1527604883855941785,ARKW,S,500,53.05
1527604886938034331,ARKW,S,200,53.07
1527604885904466076,ARKW,S,200,53.07
1527604884316856524,ARKW,S,100,53.04
1527604887952662752,ARKW,S,500,53.04
1527604890893558188,ARKW,S,200,53.08
1527604891087479391,ARKW,B,200,52.84
1527604894812498421,ARKW,S,200,53.06
1527604896139602421,ARKW,S,200,53.05
1527604892821121526,ARKW,S,200,53.04
1527604894153556474,ARKW,S,200,53.04
1527604895781617386,ARKW,S,200,53.04
1527604897152311464,ARKW,S,200,53.04
1527604900646939638,ARKW,B,200,52.95
1527604898140254158,ARKW,B,200,52.77
1527604902413680770,ARKW,B,200,52.84
1527604911527786347,ARKW,B,200,52.96
1527604917150727920,ARKW,B,200,52.76
1527604914822103624,ARKW,B,200,52.83
1527604919072966378,ARKW,B,200,52.97
1527604920544315115,ARKW,B,200,52.9
1527604921064998635,ARKW,B,200,52.91
1527604919023749472,ARKW,B,104,52.98
1527604922203163187,ARKW,S,200,53.33
1527604918820784720,ARKW,S,500,53.05
1527604920072063572,ARKW,S,200,53.08
1527604920706517588,ARKW,S,200,53.07
1527604922116657183,ARKW,B,200,52.89
1527604923368494649,ARKW,S,200,53.09
1527604924392971407,ARKW,B,200,52.98
1527604924140592717,ARKW,B,200,52.98
1527604925910722850,ARKW,B,200,52.98
1527604925242386775,ARKW,S,200,53.34
1527604926086490458,ARKW,S,200,53.35
1527604924546197875,ARKW,S,500,53.06
1527604925566790004,ARKW,S,200,53.1
1527604926053067124,ARKW,S,200,53.09
1527604922787672992,ARKW,B,200,52.98
1527604924838253934,ARKW,S,200,53.11
1527604923069961583,ARKW,S,200,53.11
1527604927286695003,ARKW,B,200,52.98
1527604930295389451,ARKW,S,200,53.34
1527604930861751578,ARKW,S,500,53.07
1527604930025446684,ARKW,S,200,53.09
1527604927913942301,ARKW,S,200,53.09
1527604928286716213,ARKW,S,200,53.07
1527604927574485626,ARKW,S,200,53.1
1527604927555152608,ARKW,S,200,53.11
1527604926872031254,ARKW,S,200,53.12
1527604929231917078,ARKW,S,200,53.12
1527604929089903988,ARKW,B,200,53
1527604933026521979,ARKW,B,104,53.01
1527604930973344915,ARKW,S,200,53.37
1527604932484474023,ARKW,S,500,53.08
1527604931112936618,ARKW,S,200,53.12
1527604931804341418,ARKW,S,200,53.11
1527604932952142351,ARKW,S,200,53.13
1527604935101085966,ARKW,B,200,0
1527604934493712950,ARKW,S,200,53.37
1527604934910521932,ARKW,S,500,53.09
1527604934511080016,ARKW,S,200,53.12
1527604931295621713,ARKW,S,200,53.11
1527604934769291944,ARKW,S,200,53.13
1527604936223976901,ARKW,B,200,53.02
1527604936017867894,ARKW,B,104,53.03
1527604937318300443,ARKW,B,200,52.96
1527604937705683739,ARKW,B,200,52.97
1527604936409710951,ARKW,S,200,53.14
1527604936068858217,ARKW,S,200,53.39
1527604937068413310,ARKW,S,500,53.1
1527604939031347585,ARKW,S,200,53.14
1527604939273568641,ARKW,S,200,53.13
1527604935422560702,ARKW,B,200,52.95
1527604936052635421,ARKW,B,200,52.94
1527604941673525738,ARKW,B,200,53.03
1527604942272461534,ARKW,B,200,53.03
1527604942226920239,ARKW,S,200,53.39
1527604940596450097,ARKW,S,200,53.4
1527604943738639175,ARKW,S,500,53.11
1527604942012879689,ARKW,S,200,53.15
1527604942497321801,ARKW,S,200,53.14
1527604947833633996,ARKW,S,200,53.16
1527604945368244188,ARKW,B,200,53.04
1527604946709571377,ARKW,S,200,53.17
1527604944099075892,ARKW,S,200,53.17
1527604946310654809,ARKW,S,200,53.41
1527604945422445613,ARKW,S,500,53.12
1527604946727463983,ARKW,S,200,53.16
1527604947712470063,ARKW,S,200,0
1527604948032417698,ARKW,S,200,53.17
1527604947775326211,ARKW,S,200,53.18
1527604944030337704,ARKW,B,104,53.05
1527604947033393852,ARKW,B,200,53.05
1527604947673091135,ARKW,S,200,53.43
1527604944851504192,ARKW,S,200,53.19
1527604945056304194,ARKW,S,200,53.43
1527604945818684506,ARKW,S,500,53.13
1527604944933817436,ARKW,S,200,53.18
1527604945254485084,ARKW,S,200,53.17
1527604953692199536,ARKW,B,200,53.06
1527604954004431215,ARKW,S,200,53.42
1527604953470247311,ARKW,S,500,53.14
1527604953551905170,ARKW,S,200,53.17
1527604954519544210,ARKW,S,200,53.16
1527604955910572334,ARKW,S,200,53.15
1527604953016699183,ARKW,S,200,53.14
1527604959836861504,ARKW,B,200,53.05
1527604958696278202,ARKW,S,200,53.14
1527604969499664152,ARKW,B,200,52.84
1527604972235352106,ARKW,B,200,52.91
1527604973547454594,ARKW,B,200,53.04
1527604972659409627,ARKW,B,200,52.98
1527604973420544731,ARKW,B,200,52.99
1527604976471522079,ARKW,B,200,53.05
1527604977679619177,ARKW,S,200,53.18
1527604975306833006,ARKW,B,200,52.88
1527604974371634667,ARKW,B,200,53.06
1527604976564209022,ARKW,B,200,53
1527604977194141054,ARKW,B,200,53.01
1527604974413580781,ARKW,B,200,53.06
1527604981873526532,ARKW,S,200,53.19
1527604979386107937,ARKW,S,200,53.44
1527604981551351844,ARKW,B,104,53.07
1527604981829552214,ARKW,S,500,53.17
1527604979673876570,ARKW,S,200,53.19
1527604980457818456,ARKW,S,200,53.17
1527604978609180800,ARKW,S,500,53.16
1527604981499478044,ARKW,S,200,53.2
1527604979007943555,ARKW,B,200,53.08
1527604989587911243,ARKW,S,200,53.21
1527604988163945036,ARKW,S,200,53.21
1527604996278354568,ARKW,B,200,52.88
1527604997567382152,ARKW,B,200,52.99
1527604995681321609,ARKW,B,200,52.88
1527604999026606729,ARKW,B,200,52.88
1527604997227916207,ARKW,B,200,52.87
1527604997369474124,ARKW,B,200,52.94
1527604995690533934,ARKW,B,200,53.08
1527605000106846806,ARKW,B,200,52.88
1527605000522934889,ARKW,S,500,53.15
1527605000828332673,ARKW,B,200,53.06
1527605000984832643,ARKW,B,200,53
1527605001415993987,ARKW,B,200,53.01
1527605000757690116,ARKW,B,200,52.99
1527605007882253999,ARKW,B,200,53.07
1527605007338569095,ARKW,B,200,52.87
1527605005375896989,ARKW,B,200,52.94
1527605009152750672,ARKW,B,200,53.08
1527605011112611558,ARKW,B,200,52.88
1527605008566479945,ARKW,B,200,53.08
1527605009615711306,ARKW,B,200,53
1527605009969343562,ARKW,B,200,53.01
1527605009524295695,ARKW,S,200,53.44
1527605008986638396,ARKW,S,500,53.16
1527605009005979979,ARKW,S,200,53.19
1527605009525811531,ARKW,S,200,53.18
1527605012759944292,ARKW,S,200,53.2
1527605015338982500,ARKW,S,200,53.2
1527605023812338963,ARKW,B,104,53.09
1527605024327583015,ARKW,B,200,53.09
1527605023710497532,ARKW,S,200,53.45
1527605024590121741,ARKW,S,500,53.17
1527605023173692175,ARKW,S,200,53.2
1527605023951342351,ARKW,S,200,53.19
1527605028976950903,ARKW,B,200,52.89
1527605026361212536,ARKW,B,200,52.99
1527605028829232760,ARKW,B,200,52.89
1527605026843623033,ARKW,B,200,52.89
1527605026253995656,ARKW,B,200,53.08
1527605027186900618,ARKW,B,200,53.01
1527605027283369610,ARKW,B,200,53.02
1527605032294437741,ARKW,B,200,0
1527605041036275226,ARKW,B,200,53
1527605039430184475,ARKW,B,200,53
1527605042121641323,ARKW,B,200,52.89
1527605040930983276,ARKW,B,200,52.99
1527605042228989292,ARKW,B,200,52.89
1527605040229354861,ARKW,B,200,52.89
1527605041597156936,ARKW,B,200,52.88
1527605041738780357,ARKW,B,200,52.95
1527605039334725649,ARKW,S,200,53.18
1527605040352237585,ARKW,S,200,53.17
1527605045347754516,ARKW,B,200,53.08
1527605042857130773,ARKW,B,200,53.03
1527605043446364949,ARKW,B,200,53.02
1527605045608201667,ARKW,B,200,53.01
1527605042739829060,ARKW,S,200,53.21
1527605045024020804,ARKW,S,200,53.21
1527605045189897541,ARKW,B,200,53.09
1527605050768129109,ARKW,S,200,53.19
1527605048635653206,ARKW,S,200,53.18
1527605050741193814,ARKW,S,200,53.17
1527605050859817893,ARKW,B,200,53
1527605049117543335,ARKW,B,200,52.88
1527605050314363418,ARKW,B,200,52.95
1527605047299383206,ARKW,B,200,53.09
1527605047264078984,ARKW,S,200,53.17
1527605047582918414,ARKW,B,200,53.02
1527605048267769614,ARKW,B,200,53.03
1527605049064884409,ARKW,B,200,53.01
1527605052293197779,ARKW,B,200,52.89
1527605051529049146,ARKW,B,200,52.88
1527605053684659260,ARKW,S,200,53.18
1527605055193166908,ARKW,S,200,53.17
1527605054668750545,ARKW,B,200,52.95
1527605053899492449,ARKW,S,200,53.17
1527605051447403679,ARKW,S,200,53.17
1527605056810728194,ARKW,S,200,53.17
1527605058549217220,ARKW,B,200,53.08
1527605055764284599,ARKW,B,200,53.02
1527605056815744183,ARKW,B,200,53.03
1527605055666975393,ARKW,B,200,53.09
1527605062185332355,ARKW,B,200,53.01
1527605060447383172,ARKW,B,200,53.01
1527605064025780331,ARKW,B,200,0
1527605061234143340,ARKW,B,200,53
1527605062502658156,ARKW,B,200,52.89
1527605061590921325,ARKW,B,200,52.89
1527605060730305795,ARKW,B,200,53.09
1527605060914789639,ARKW,B,200,53.01
1527605061929811207,ARKW,B,200,53.02
1527605066339302428,ARKW,B,200,52.9
1527605064715463457,ARKW,B,200,52.89
1527605068913534584,ARKW,B,200,52.96
1527605076037514397,ARKW,S,200,53.19
1527605073062048926,ARKW,S,200,53.18
1527605074013893790,ARKW,S,200,53.17
1527605074347144350,ARKW,S,200,0
1527605075205210607,ARKW,S,200,53.17
1527605072779269380,ARKW,S,200,53.17
1527605075237852576,ARKW,S,200,53.17
1527605076561745365,ARKW,S,200,53.17
1527605076746556925,ARKW,S,200,53.17
1527605072972937580,ARKW,B,200,53.08
1527605078383865078,ARKW,S,200,53.17
1527605080360299803,ARKW,S,200,53.17
1527605080901905533,ARKW,S,200,53.17
1527605079831261579,ARKW,B,200,52.88
1527605079852192288,ARKW,B,200,52.95
1527605083566194632,ARKW,S,200,53.17
1527605083388540286,ARKW,S,200,53.17
1527605086649412573,ARKW,S,200,53.18
1527605088772123613,ARKW,S,200,53.17
1527605088042470578,ARKW,S,200,53.17
1527605088710754953,ARKW,S,200,53.17
1527605094110714189,ARKW,B,200,53.09
1527605090140477779,ARKW,B,200,53.02
1527605090521766227,ARKW,B,200,53.03
1527605090867602820,ARKW,B,200,53.01
1527605090032608646,ARKW,B,200,52.89
1527605097985095065,ARKW,B,200,52.96
1527605096291317641,ARKW,B,200,53.09
1527605097578314348,ARKW,B,200,53.03
1527605098239507052,ARKW,B,200,53.04
1527605096204483198,ARKW,B,200,53.02
1527605094490072948,ARKW,B,200,52.9
1527605094700585374,ARKW,B,200,52.89
1527605094471668129,ARKW,B,200,52.91
1527605096884642982,ARKW,B,200,52.96
1527605099471280274,ARKW,B,100,50.45
1527605101540710546,ARKW,S,100,55.82
1527605106387092676,ARKW,S,200,53.19
1527605104268969157,ARKW,S,200,53.18
1527605104572925125,ARKW,S,200,53.19
1527605106254972101,ARKW,S,200,53.17
1527605103624035577,ARKW,S,200,53.17
1527605106570884624,ARKW,S,200,53.17
1527605110266233817,ARKW,S,200,53.17
1527605110828602049,ARKW,S,200,53.17
1527605107928712966,ARKW,S,200,53.17
1527605114957632292,ARKW,B,200,53.08
1527605113418916937,ARKW,B,200,53.03
1527605114885153865,ARKW,B,200,53.04
1527605115230790759,ARKW,B,200,53.02
1527605116680287270,ARKW,B,200,53.09
1527605118230544610,ARKW,S,200,53.22
1527605116631859430,ARKW,S,200,53.22
1527605119069602199,ARKW,B,100,52.06
1527605119657985402,ARKW,B,200,52.92
1527605117796173179,ARKW,B,200,52.92
1527605118634248484,ARKW,S,200,53.46
1527605116783970597,ARKW,S,200,53.46
1527605119339940200,ARKW,B,104,0
1527605118401202922,ARKW,B,200,53.09
1527605116589525739,ARKW,B,200,53.09
1527605119700519680,ARKW,S,500,53.18
1527605118006741765,ARKW,S,200,53.21
1527605118084926213,ARKW,S,200,53.2
1527605118290316078,ARKW,B,200,53.1
1527605118985067595,ARKW,B,200,0
1527605119480192075,ARKW,B,200,53.04
1527605118169346278,ARKW,S,200,53.22
1527605116312973543,ARKW,S,200,53.22
1527605122924952465,ARKW,B,200,53.02
1527605120616185961,ARKW,S,200,53.2
1527605122954182761,ARKW,S,200,53.19
1527605123048947817,ARKW,S,200,53.2
1527605122175988966,ARKW,B,200,53.04
1527605126069556998,ARKW,B,200,52.9
1527605124513928967,ARKW,B,200,52.9
1527605128574942570,ARKW,B,200,52.97
1527605131589926250,ARKW,B,200,52.97
1527605138001356988,ARKW,S,200,53.19
1527605139369814204,ARKW,S,200,53.18
1527605140620961980,ARKW,S,200,53.19
1527605137909088502,ARKW,B,200,53.08
1527605141897167851,ARKW,B,200,52.89
1527605144544166891,ARKW,B,200,52.89
1527605141640403594,ARKW,B,200,52.96
1527605144796420746,ARKW,B,200,52.96
1527605147353231198,ARKW,B,200,53.09
1527605152788868447,ARKW,B,200,53.08
1527605151679018588,ARKW,B,104,53.09
1527605152741881461,ARKW,B,200,53.09
1527605152250846639,ARKW,B,200,53.04
1527605150243282352,ARKW,B,200,53.03
1527605152039231015,ARKW,B,200,53.1
1527605151226783164,ARKW,B,200,53.1
1527605150735140790,ARKW,S,200,53.46
1527605153478412214,ARKW,S,200,53.46
1527605153392625612,ARKW,S,500,53.19
1527605152586205134,ARKW,S,200,53.22
1527605153025624014,ARKW,S,200,53.21
1527605155501729943,ARKW,S,200,53.23
1527605155801427820,ARKW,B,200,53.12
1527605156794431024,ARKW,S,200,53.48
1527605155041015345,ARKW,S,200,53.48
1527605155528603210,ARKW,S,500,53.2
1527605158564165198,ARKW,S,200,53.23
1527605154641573455,ARKW,S,200,53.22
1527605162445744625,ARKW,B,100,53.13
1527605158756788740,ARKW,B,200,53.13
1527605162012751774,ARKW,S,200,53.48
1527605160243279775,ARKW,S,200,53.48
1527605169071038611,ARKW,S,200,53.35
1527605167574065300,ARKW,S,200,53.35
1527605174325823262,ARKW,S,500,53.22
1527605172355156642,ARKW,S,200,53.23
1527605174923184802,ARKW,S,200,53.23
1527605172747913894,ARKW,S,200,53.24
1527605175070707369,ARKW,S,200,53.22
1527605173637112830,ARKW,S,200,53.22
1527605173282628900,ARKW,B,200,53.14
1527605173158130189,ARKW,S,200,53.22
1527605177507943978,ARKW,S,200,53.22
1527605176132277974,ARKW,S,200,53.22
1527605179796660208,ARKW,S,200,53.22
1527605177876062201,ARKW,S,200,53.22
1527605178635449993,ARKW,S,200,53.22
1527605177830868217,ARKW,S,200,53.22
1527605176257086870,ARKW,S,200,53.22
1527605177740495836,ARKW,S,200,53.22
1527605185137295983,ARKW,B,200,53.15
1527605186605763960,ARKW,S,200,53.49
1527605186328612217,ARKW,S,200,53.49
1527605186794048925,ARKW,S,500,53.23
1527605187616263582,ARKW,B,200,52.95
1527605185702874527,ARKW,B,200,52.95
1527605186141441439,ARKW,S,200,53.24
1527605185210502560,ARKW,S,200,53.24
1527605187075594783,ARKW,S,200,53.25
1527605186012994131,ARKW,S,200,53.23
1527605185072695717,ARKW,S,200,53.23
1527605186757036510,ARKW,B,200,53.15
1527605186665089507,ARKW,B,200,53.07
1527605187867347427,ARKW,B,200,53.08
1527605185273772101,ARKW,B,200,53.06
1527605190078449365,ARKW,S,200,53.23
1527605191459625017,ARKW,S,200,53.23
1527605189833967834,ARKW,S,200,53.23
1527605191460720160,ARKW,S,200,53.23
1527605194713748533,ARKW,S,200,53.23
1527605194225442176,ARKW,B,200,52.94
1527605197073898880,ARKW,B,200,52.94
1527605196788209423,ARKW,S,200,53.23
1527605194046578429,ARKW,B,200,53.01
1527605196944449277,ARKW,B,200,53.01
1527605200704184667,ARKW,S,200,53.23
1527605200484513827,ARKW,S,200,53.23
1527605199376666813,ARKW,B,200,53.14
1527605205473376742,ARKW,B,200,0
1527605204282980839,ARKW,B,200,52.94
1527605203696368105,ARKW,B,200,53.01
1527605203140173598,ARKW,B,200,52.95
1527605205783502622,ARKW,B,200,52.95
1527605203990382324,ARKW,S,200,53.23
1527605202425456454,ARKW,S,200,53.23
1527605205261265550,ARKW,S,200,53.23
1527605202397301562,ARKW,S,200,53.23
1527605205799803584,ARKW,S,200,53.23
1527605202253258379,ARKW,S,200,53.23
1527605210272382707,ARKW,B,200,53.14
1527605212758753015,ARKW,B,200,53.05
1527605213728358135,ARKW,B,200,53.06
1527605211414834042,ARKW,B,200,52.93
1527605210728672123,ARKW,B,200,52.93
1527605215633071334,ARKW,B,200,53
1527605218337414374,ARKW,B,200,53
1527605219728644239,ARKW,B,200,53.15
1527605219197739678,ARKW,B,200,52.94
1527605221813609118,ARKW,B,200,52.94
1527605222480660566,ARKW,S,200,53.23
1527605219249146479,ARKW,S,200,53.23
1527605226723485463,ARKW,S,200,53.23
1527605226201098204,ARKW,B,200,53.01
1527605225063065565,ARKW,B,200,53.01
1527605225275080720,ARKW,S,200,53.23
1527605226005950018,ARKW,S,200,53.23
1527605230285536684,ARKW,B,200,53.13
1527605229655014852,ARKW,S,500,53.22
1527605228557811141,ARKW,S,200,53.47
1527605227850481094,ARKW,S,200,53.47
1527605230726069702,ARKW,S,200,53.23
1527605228754812361,ARKW,B,104,53.14
1527605231507658199,ARKW,B,200,52.92
1527605229585815000,ARKW,B,200,52.92
1527605228048405992,ARKW,B,200,53.12
1527605228645176810,ARKW,B,200,53.04
1527605228726769130,ARKW,B,200,53.05
1527605235523549805,ARKW,B,200,52.92
1527605233543576174,ARKW,B,200,52.92
1527605236268577026,ARKW,B,200,52.99
1527605236079505667,ARKW,B,200,52.99
1527605238108647041,ARKW,B,200,53.13
1527605243090631902,ARKW,S,200,53.24
1527605241347374303,ARKW,S,200,0
1527605241202670828,ARKW,B,200,53.06
1527605241643990252,ARKW,B,200,53.07
1527605242123518847,ARKW,S,200,53.22
1527605242123918312,ARKW,S,200,53.25
1527605249386953661,ARKW,B,200,53.14
1527605249923824574,ARKW,B,200,52.94
1527605251190635454,ARKW,B,200,53.06
1527605252800068542,ARKW,B,200,52.94
1527605252742797923,ARKW,S,200,53.23
1527605249875860068,ARKW,S,200,53.22
1527605251074775652,ARKW,S,200,53.23
1527605249451060480,ARKW,S,200,53.22
1527605250130293687,ARKW,S,200,53.22
1527605249445114808,ARKW,B,200,53.05
1527605251985683384,ARKW,B,200,53.05
1527605250514479591,ARKW,S,200,53.22
1527605249508043248,ARKW,S,200,53.22
1527605253195748518,ARKW,B,200,52.93
1527605256113673382,ARKW,B,200,52.93
1527605253383447679,ARKW,B,200,53.13
1527605253268169858,ARKW,B,200,53.05
1527605253916451970,ARKW,B,200,53.06
1527605263069169192,ARKW,B,200,52.93
1527605261759366697,ARKW,B,200,52.93
1527605262546148203,ARKW,B,200,53
1527605265385036651,ARKW,B,200,53
1527605262258852473,ARKW,S,200,53.22
1527605267894543342,ARKW,B,200,53.14
1527605269469242351,ARKW,B,200,53.07
1527605269851972591,ARKW,B,200,53.08
1527605271041821168,ARKW,B,200,0
1527605272884339434,ARKW,B,200,52.94
1527605272674427627,ARKW,B,200,52.94
1527605273058090868,ARKW,B,200,53.01
1527605271420346229,ARKW,B,200,53.01
1527605277960816065,ARKW,B,104,53.12
1527605279647823775,ARKW,B,200,53.13
1527605280482959402,ARKW,S,200,53.23
1527605282467651626,ARKW,S,200,53.22
1527605279101788203,ARKW,S,200,53.23
1527605281154524191,ARKW,S,200,53.22
1527605280892380285,ARKW,S,200,53.22
1527605280247309522,ARKW,S,200,53.22
1527605282614341907,ARKW,S,200,53.22
1527605283831753470,ARKW,S,200,53.22
1527605287363752078,ARKW,S,200,53.22
1527605286540518417,ARKW,S,200,0
1527605283203754084,ARKW,S,200,53.22
1527605291549208556,ARKW,S,200,53.22
1527605288367064912,ARKW,B,200,52.94
1527605291170891600,ARKW,B,200,52.94
1527605290785290394,ARKW,S,200,53.22
1527605289030445225,ARKW,S,200,53.22
1527605291148906823,ARKW,S,200,53.22
1527605292235185797,ARKW,S,200,53.22
1527605295871991080,ARKW,S,200,53.22
1527605298195134648,ARKW,B,200,53.01
1527605296149756089,ARKW,B,200,53.01
1527605297148010448,ARKW,B,200,53.14
1527605301332412935,ARKW,B,200,52.95
1527605304512612871,ARKW,B,200,52.95
1527605302591623464,ARKW,B,200,53.14
1527605303287681326,ARKW,B,200,53.07
1527605304621076782,ARKW,B,200,53.08
1527605305707868535,ARKW,B,200,52.96
1527605308320133495,ARKW,B,200,52.96
1527605308776921878,ARKW,S,200,53.5
1527605307102083863,ARKW,S,200,53.5
1527605308590537534,ARKW,S,500,53.24
1527605305698171715,ARKW,S,200,53.25
1527605304784993092,ARKW,S,200,53.25
1527605306559449517,ARKW,S,500,53.23
1527605305167602529,ARKW,S,200,53.26
1527605309003314101,ARKW,B,200,53.16
1527605311651886007,ARKW,B,200,53.08
1527605312371012535,ARKW,B,200,53.09
1527605312160916234,ARKW,S,200,53.51
1527605309244105483,ARKW,S,200,53.27
1527605310314898187,ARKW,S,200,53.51
1527605312802185996,ARKW,S,200,53.51
1527605308981633848,ARKW,S,500,53.25
1527605309689094968,ARKW,B,104,53.17
1527605311855190843,ARKW,S,200,53.26
1527605310106166076,ARKW,S,200,53.26
1527605309351004492,ARKW,S,200,53.27
1527605316994907806,ARKW,S,200,53.25
1527605315822142178,ARKW,S,200,53.25
1527605316048326353,ARKW,S,200,53.25
1527605317970372598,ARKW,B,200,52.96
1527605320530536438,ARKW,B,200,52.96
1527605327693100322,ARKW,B,200,53.03
1527605330387612962,ARKW,B,200,53.03
1527605326790998276,ARKW,S,200,53.25
1527605327626979171,ARKW,S,200,53.25
1527605328345326018,ARKW,B,200,53.16
1527605328272191598,ARKW,S,200,53.25
1527605329879199897,ARKW,S,200,53.25
1527605327609491648,ARKW,S,200,53.25
1527605329656248279,ARKW,S,200,53.25
1527605328801865304,ARKW,B,200,52.96
1527605327163989593,ARKW,B,200,52.96
1527605327244664555,ARKW,B,200,53.03
1527605326543691500,ARKW,B,200,53.03
1527605329767806049,ARKW,B,200,53.17
1527605333944924205,ARKW,S,200,53.28
1527605332394735662,ARKW,S,200,53.28
1527605332349128723,ARKW,B,200,53.1
1527605333036535827,ARKW,B,200,53.11
1527605333913542610,ARKW,B,200,53.09
1527605332444433426,ARKW,B,100,53.17
1527605341197998910,ARKW,S,200,53.26
1527605342764964670,ARKW,S,200,53.25
1527605339890096959,ARKW,S,200,53.26
1527605340541994397,ARKW,S,200,53.25
1527605340325660062,ARKW,B,200,53.08
1527605344587777755,ARKW,S,200,53.25
1527605345559087416,ARKW,S,200,53.25
1527605343928103837,ARKW,S,200,0
1527605364511610365,ARKW,S,200,53.29
1527605363065886206,ARKW,S,200,53.29
1527605366214785759,ARKW,B,100,53.18
1527605368330877665,ARKW,B,100,53.17
1527605367289969378,ARKW,B,200,0
1527605365632957155,ARKW,B,200,52.98
1527605365831727845,ARKW,B,200,53.1
1527605364815723251,ARKW,B,200,53.17
1527605368866896638,ARKW,S,200,53.53
1527605366896753407,ARKW,S,200,53.53
1527605368122276614,ARKW,B,104,53.18
1527605367980391193,ARKW,S,500,53.25
1527605368494586654,ARKW,S,200,53.28
1527605368860932894,ARKW,S,200,53.27
1527605366247593037,ARKW,S,200,53.29
1527605370978781643,ARKW,B,200,53.18
1527605381606027169,ARKW,B,200,53.17
1527605378622151011,ARKW,S,60,53.2
1527605383768376297,ARKW,B,200,53.09
1527605383768966122,ARKW,B,200,53.09
1527605384951240257,ARKW,S,200,53.27
1527605382895769154,ARKW,S,200,53.26
1527605385099417154,ARKW,S,200,53.25
1527605383941592645,ARKW,S,200,53.27
1527605383465408071,ARKW,B,200,53.08
1527605386089272905,ARKW,B,200,53.08
1527605383586912564,ARKW,B,200,53.16
1527605390069216152,ARKW,B,200,53.15
1527605387654379778,ARKW,B,200,53.07
1527605386336778499,ARKW,B,200,53.07
1527605391524314747,ARKW,B,200,53.14
1527605396073370333,ARKW,S,200,53.25
1527605397578159864,ARKW,S,200,53.25
1527605396003535978,ARKW,S,200,53.25
1527605398145253442,ARKW,S,200,53.25
1527605398813460496,ARKW,S,200,53.25
1527605395576637470,ARKW,S,200,53.25
1527605394986431089,ARKW,S,200,53.25
1527605397992971252,ARKW,S,200,53.25
1527605401359584314,ARKW,B,200,53.16
1527605401104088428,ARKW,B,500,53.17
1527605402026314774,ARKW,B,200,53.17
1527605399888401343,ARKW,S,200,53.3
1527605402787255231,ARKW,S,200,53.3
1527605404243936848,ARKW,S,200,53.31
1527605403657324605,ARKW,S,200,53.54
1527605406194026557,ARKW,S,200,53.54
1527605404672346293,ARKW,B,104,53.21
1527605405598698676,ARKW,S,500,53.28
1527605405419399612,ARKW,S,200,53.3
1527605406650821052,ARKW,S,200,53.29
1527605406163105875,ARKW,S,200,53.31
1527605409188509003,ARKW,B,200,53.14
1527605410193438027,ARKW,B,200,53.15
1527605409096169110,ARKW,B,200,53.13
1527605409985259556,ARKW,B,200,53.12
1527605426550685398,ARKW,S,200,53.29
1527605427930873558,ARKW,S,200,53.28
1527605429160197846,ARKW,S,200,53.29
1527605426448253083,ARKW,B,200,53.11
1527605428965752987,ARKW,B,200,53.11
1527605428831239969,ARKW,B,200,53.1
1527605429909215742,ARKW,S,200,53.28
1527605437528772126,ARKW,B,40,53
1527605436550516255,ARKW,B,200,53
1527605445458920394,ARKW,S,200,53.29
1527605442293072843,ARKW,S,200,53.28
1527605444279534539,ARKW,S,200,53.29
1527605445596158213,ARKW,S,200,53.28
1527605458594960061,ARKW,B,200,53.18
1527605460297169462,ARKW,S,200,53.28
1527605465388326998,ARKW,S,200,53.28
1527605470978261562,ARKW,S,200,53.28
1527605468522562160,ARKW,S,200,53.28
1527605471926634474,ARKW,S,200,53.28
1527605479930236788,ARKW,B,200,53.21
1527605484846616784,ARKW,S,200,53.32
1527605483256778961,ARKW,S,200,53.32
1527605485009473789,ARKW,S,200,53.57
1527605482346156286,ARKW,S,200,53.33
1527605483137765630,ARKW,S,200,53.57
1527605484030628115,ARKW,S,500,53.29
1527605485842092834,ARKW,B,500,53.22
1527605490179069210,ARKW,B,200,53.22
1527605489441542562,ARKW,B,104,53.23
1527605492648484822,ARKW,S,200,53.57
1527605490890481623,ARKW,S,200,53.57
1527605489362903075,ARKW,S,500,53.3
1527605492891557930,ARKW,S,200,53.32
1527605493346705450,ARKW,S,200,53.31
1527605494368015750,ARKW,S,200,53.3
1527605496587418092,ARKW,S,200,53.3
1527605505112229988,ARKW,S,200,53.3
1527605508533789644,ARKW,S,200,53.3
1527605506501718119,ARKW,S,200,53.3
1527605510601340056,ARKW,S,200,53.3
1527605510159180674,ARKW,S,200,53.3
1527605508557808685,ARKW,S,200,53.3
1527605507154704895,ARKW,S,200,53.33
1527605509870975487,ARKW,S,200,53.33
1527605512541644770,ARKW,S,200,53.34
1527605513496966477,ARKW,B,200,53.23
1527605513344217592,ARKW,S,200,53.58
1527605512195764729,ARKW,S,200,53.58
1527605512712712720,ARKW,S,500,53.31
1527605511741665812,ARKW,S,200,53.33
1527605512594616852,ARKW,S,200,53.32
1527605511123091210,ARKW,S,200,53.31
1527605514566164760,ARKW,B,200,53.22
1527605560049861340,ARKW,B,200,53.2
1527605570615893609,ARKW,B,500,53.21
1527605574998642265,ARKW,B,200,53.21
1527605581839541177,ARKW,B,200,53.12
1527605583170446265,ARKW,B,200,53.13
1527605579851637690,ARKW,B,200,53.14
1527605581392782266,ARKW,B,200,53.12
1527605591771075442,ARKW,S,500,53.3
1527605590325547892,ARKW,S,200,53.3
1527605593585933994,ARKW,B,200,53.2
1527605596750171917,ARKW,S,200,53.3
1527605597316099234,ARKW,S,200,53.3
1527605599032033175,ARKW,B,200,53.21
1527605613571687351,ARKW,S,200,53.34
1527605612053939128,ARKW,S,200,53.34
1527605614834761480,ARKW,S,200,53.35
1527605618093802909,ARKW,S,200,53.58
1527605616434824606,ARKW,S,200,53.58
1527605614764050440,ARKW,B,104,53.25
1527605615783463193,ARKW,S,500,53.34
1527605615784642853,ARKW,S,200,53.35
1527605618101143845,ARKW,S,200,53.35
1527605618158029116,ARKW,S,500,53.33
1527605614860388671,ARKW,S,200,53.33
1527605620732735384,ARKW,S,200,53.33
1527605625328956491,ARKW,S,500,53.32
1527605630645148409,ARKW,B,200,53.24
1527605631034521753,ARKW,B,200,53.19
1527605627587655834,ARKW,B,200,53.18
1527605628808133117,ARKW,B,200,53.17
1527605626928168408,ARKW,S,200,53.36
1527605629819092440,ARKW,S,200,53.36
1527605636180616607,ARKW,B,200,53.25
1527605635719209686,ARKW,B,500,53.26
1527605636728999922,ARKW,S,200,53.6
1527605639180832754,ARKW,S,200,53.6
1527605636036153492,ARKW,S,500,0
1527605639023153303,ARKW,S,200,53.36
1527605637384491160,ARKW,S,200,53.36
1527605639261835456,ARKW,S,500,53.34
1527605637303303367,ARKW,S,200,53.37
1527605642993273593,ARKW,S,200,53.35
1527605639833717498,ARKW,S,200,53.34
1527605643962886491,ARKW,S,200,53.34
1527605645217906283,ARKW,S,200,53.34
1527605649871024843,ARKW,S,200,53.34
1527605650384668409,ARKW,B,200,53.16
1527605648640427770,ARKW,B,200,53.16
1527605658636142356,ARKW,B,200,53.24
1527605659068679980,ARKW,B,104,53.25
1527605665470847784,ARKW,B,200,53.25
1527605666961097211,ARKW,S,200,0
1527605669818474771,ARKW,B,400,53.26
1527605672226346758,ARKW,S,200,53.34
1527605672893209688,ARKW,S,200,53.34
1527605673779654711,ARKW,S,200,53.34
1527605677522538648,ARKW,S,200,53.34
1527605677402083543,ARKW,S,200,53.34
1527605677328421163,ARKW,S,200,53.34
1527605684444226072,ARKW,S,200,53.35
1527605685507285528,ARKW,S,200,53.34
1527605682878571033,ARKW,S,200,53.35
1527605686728363084,ARKW,S,200,53.34
1527605682939208084,ARKW,S,200,53.34
1527605683166490324,ARKW,S,200,53.34
1527605689870339126,ARKW,B,200,53.26
1527605689139970754,ARKW,B,200,53.25
1527605695000305410,ARKW,S,200,53.34
1527605692152463784,ARKW,S,200,53.34
1527605697945769677,ARKW,S,200,53.34
1527605701939383611,ARKW,B,200,53.26
1527605708841461378,ARKW,S,200,53.35
1527605710170990210,ARKW,S,200,53.34
1527605711432033922,ARKW,S,200,53.35
1527605716001125060,ARKW,S,200,53.34
1527605722704788540,ARKW,B,200,53.25
1527605722183647921,ARKW,S,200,53.34
1527605722005271773,ARKW,S,200,53.34
1527605724852952172,ARKW,S,200,53.34
1527605725013798576,ARKW,S,200,53.34
1527605726867513874,ARKW,S,200,53.34
1527605725942612854,ARKW,S,200,53.34
1527605726104494161,ARKW,S,200,53.34
1527605728159072721,ARKW,S,200,53.34
1527605736234063020,ARKW,B,200,53.15
1527605734787617965,ARKW,B,200,53.15
1527605740773958914,ARKW,B,200,53.14
1527605739162559747,ARKW,B,200,53.14
1527605749455695006,ARKW,B,200,53.24
1527605750081433079,ARKW,B,104,53.25
1527605752011989289,ARKW,B,200,53.25
1527605752916283023,ARKW,B,600,53.26
1527605757692166408,ARKW,S,200,53.34
1527605755621438154,ARKW,S,200,53.34
1527605755824699907,ARKW,S,200,53.34
1527605767607699579,ARKW,B,200,53.24
1527605764301560889,ARKW,B,600,53.25
1527605779953998453,ARKW,S,200,53.34
1527605779745856466,ARKW,B,200,53.25
1527605780648287662,ARKW,S,200,53.34
1527605781405658404,ARKW,S,200,53.34
1527605782575309979,ARKW,S,200,53.34
1527605784002034144,ARKW,S,200,53.34
1527605782822779739,ARKW,S,200,53.34
1527605787685233430,ARKW,S,200,53.34
1527605786141795725,ARKW,S,200,53.34
1527605789916932199,ARKW,S,200,53.34
1527605788527659332,ARKW,S,200,53.34
1527605789505336301,ARKW,S,200,53.34
1527605791166834359,ARKW,B,104,53.26
1527605790466717086,ARKW,S,200,53.34
1527605799080967762,ARKW,B,200,53.24
1527605801145482876,ARKW,B,104,53.25
1527605815027192003,ARKW,S,200,53.34
1527605814639350019,ARKW,B,200,53.24
1527605818992252445,ARKW,B,200,53.25
1527605819791973763,ARKW,S,200,53.34
1527605822522461879,ARKW,B,200,53.26
1527605822534782685,ARKW,B,104,53.27
1527605824535884176,ARKW,B,200,53.2
1527605825488777616,ARKW,B,200,53.21
1527605826841703983,ARKW,S,200,53.38
1527605825585051184,ARKW,S,200,53.38
1527605826859541578,ARKW,B,200,53.19
1527605827763612034,ARKW,B,200,53.27
1527605827014800171,ARKW,S,200,53.62
1527605826351117100,ARKW,S,200,53.62
1527605826991535824,ARKW,S,500,53.35
1527605827352180434,ARKW,S,200,0
1527605827721410258,ARKW,S,200,53.37
1527605827249620534,ARKW,S,200,53.39
1527605832481302396,ARKW,B,200,53.18
1527605831280355581,ARKW,S,200,53.37
1527605832624236797,ARKW,S,200,53.36
1527605829305035006,ARKW,S,200,53.35
1527605830023579552,ARKW,S,200,53.35
1527605830325441259,ARKW,S,200,53.35
1527605829121744507,ARKW,S,200,53.35
1527605829092253477,ARKW,S,200,53.35
1527605837185491059,ARKW,S,200,53.35
1527605836893590181,ARKW,S,200,53.35
1527605845531898967,ARKW,B,200,53.26
1527605842701530963,ARKW,S,200,53.35
1527605843981233805,ARKW,S,200,53.35
1527605846039294135,ARKW,S,500,53.34
1527605861051447622,ARKW,S,200,53.35
1527605862174603590,ARKW,S,200,53.34
1527605859475765575,ARKW,S,200,53.35
1527605875115133708,ARKW,B,200,53.27
1527605878012017268,ARKW,S,200,53.62
1527605879487625844,ARKW,S,200,0
1527605876466940533,ARKW,S,200,53.62
1527605875890616971,ARKW,S,200,53.62
1527605878353263243,ARKW,S,200,53.62
1527605876222229157,ARKW,B,104,53.29
1527605878031874934,ARKW,S,500,53.35
1527605876547943289,ARKW,S,200,53.38
1527605877372058489,ARKW,S,200,53.37
1527605890930089791,ARKW,S,200,53.36
1527605889831116608,ARKW,S,200,53.35
1527605890568920943,ARKW,B,200,53.26
1527605888899391457,ARKW,B,104,53.27
1527605897298373791,ARKW,S,200,53.35
1527605893962722610,ARKW,S,200,53.35
1527605899089557077,ARKW,B,200,53.25
1527605899557156519,ARKW,B,104,53.26
1527605898702509318,ARKW,B,200,53.17
1527605897632634119,ARKW,B,200,53.17
1527605902689168344,ARKW,B,200,53.16
1527605911595440595,ARKW,B,200,53.24
1527605912299100671,ARKW,B,200,53.25
1527605947372756016,ARKW,B,200,53.26
1527605945284058934,ARKW,B,104,53.27
1527605948938891806,ARKW,B,104,53.26
1527605949560763669,ARKW,B,200,53.25
1527605952364393749,ARKW,B,200,53.25
1527605949219387317,ARKW,B,200,53.26
1527605950840881386,ARKW,S,200,53.35
1527605956432668633,ARKW,S,200,53.35
1527605956964886602,ARKW,S,200,53.35
1527605955527048479,ARKW,S,200,53.35
1527605960933588481,ARKW,B,200,53.27
1527605959662255887,ARKW,B,104,53.28
1527605969658010015,ARKW,B,200,53.28
1527605968940532776,ARKW,S,200,53.62
1527605967142552617,ARKW,S,200,53.62
1527605970195352138,ARKW,B,104,53.3
1527605967880164471,ARKW,B,200,53.29
1527605970308797559,ARKW,B,200,53.29
1527605966443688071,ARKW,S,500,53.37
1527605968535924875,ARKW,S,200,53.4
1527605968687055262,ARKW,B,200,53.22
1527605971337708225,ARKW,S,200,53.41
1527605975573806323,ARKW,B,200,53.3
1527605976308874120,ARKW,S,200,53.65
1527605976453774280,ARKW,B,104,53.33
1527605978238451076,ARKW,B,100,51.18
1527605976142218115,ARKW,B,100,51.18
1527605975532013033,ARKW,B,100,49.86
1527605978311395783,ARKW,B,100,49.86
1527605977683299750,ARKW,B,100,49.86
1527605977278878664,ARKW,S,200,53.66
1527605977878664141,ARKW,S,200,53.64
1527605975137752585,ARKW,B,100,51.19
1527605974835304828,ARKW,S,500,53.38
1527605976109390205,ARKW,S,200,53.42
1527605978247194037,ARKW,B,200,53.3
1527605977902540312,ARKW,B,104,53.31
1527605982214582762,ARKW,B,200,53.21
1527605980791206379,ARKW,B,200,53.21
1527605980471653218,ARKW,S,200,53.4
1527605981834343266,ARKW,S,200,53.39
1527605982864896866,ARKW,S,200,53.38
1527605983152403298,ARKW,S,200,53.4
1527605979630629856,ARKW,B,200,53.29
1527605982854804525,ARKW,B,104,53.3
1527605979343189651,ARKW,S,500,53.37
1527605980468770452,ARKW,S,200,53.64
1527605979873900181,ARKW,S,200,53.64
1527605979226076825,ARKW,S,200,53.4
1527605981378806373,ARKW,S,200,53.38
1527605980120777318,ARKW,S,200,53.38
1527605981404758630,ARKW,S,200,53.37
1527605981033700465,ARKW,S,200,53.37
1527605979329633528,ARKW,B,200,53.29
1527605984746095548,ARKW,B,200,53.2
1527605987528491964,ARKW,B,200,53.2
1527605986477693747,ARKW,S,200,53.38
1527605983573793588,ARKW,S,200,53.37
1527605984823106356,ARKW,S,200,53.38
1527606011260673674,ARKW,S,200,53.38
1527606009920790155,ARKW,S,200,53.38
1527606011295407755,ARKW,S,200,53.39
1527606011103192208,ARKW,B,200,53.21
1527606009144910993,ARKW,B,200,53.21
1527606011861771409,ARKW,B,200,53.2
1527606010503875781,ARKW,S,200,53.37
1527606009050483936,ARKW,B,200,53.27
1527606012172750048,ARKW,B,200,53.27
1527606013031542298,ARKW,S,200,53.37
1527606012456997609,ARKW,B,300,53.29
1527606015837349827,ARKW,S,200,53.37
1527606016911310446,ARKW,S,200,53.37
1527606013781707991,ARKW,S,200,53.37
1527606018345177432,ARKW,B,200,53.19
1527606021113680216,ARKW,B,200,53.19
1527606023615525782,ARKW,S,200,53.37
1527606024948149155,ARKW,S,200,53.37
1527606022148396797,ARKW,B,200,53.27
1527606026491043762,ARKW,S,200,53.37
1527606033587588030,ARKW,B,200,53.26
1527606030984498123,ARKW,B,104,53.27
1527606051094397161,ARKW,B,200,53.18
1527606049367720170,ARKW,B,200,53.18
1527606049183630494,ARKW,S,500,53.36
1527606048772129951,ARKW,S,200,53.61
1527606048157140128,ARKW,S,200,53.61
1527606051567043744,ARKW,S,200,53.37
1527606052370057536,ARKW,B,200,53.17
1527606062025984858,ARKW,S,500,53.35
1527606063624801116,ARKW,S,200,53.35
1527606080649083916,ARKW,S,200,53.35
1527606081241332855,ARKW,S,200,53.35
1527606082603942972,ARKW,S,200,53.35
1527606083580055589,ARKW,S,200,53.35
1527606085569676533,ARKW,S,200,0
1527606094533250535,ARKW,S,200,53.35
1527606108328765250,ARKW,S,200,53.35
1527606107952081294,ARKW,S,200,53.38
1527606110424361358,ARKW,S,200,53.38
1527606114933913043,ARKW,S,200,53.36
1527606116265014739,ARKW,S,200,53.35
1527606113403450836,ARKW,S,200,53.36
1527606114424454919,ARKW,S,200,53.35
1527606116147466489,ARKW,S,200,53.35
1527606117865932606,ARKW,S,200,53.35
1527606126760733734,ARKW,S,200,53.35
1527606127424161698,ARKW,S,200,53.35
1527606126166220261,ARKW,S,200,53.35
1527606132877742755,ARKW,S,200,53.35
1527606134106279916,ARKW,S,200,53.35
1527606133717403519,ARKW,S,200,53.35
1527606135867902034,ARKW,S,200,53.35
1527606137437949599,ARKW,S,200,53.35
1527606138242037218,ARKW,B,104,53.27
1527606139448230392,ARKW,S,200,0
1527606140798796280,ARKW,S,200,53.35
1527606142070784504,ARKW,S,200,53.36
1527606138840908307,ARKW,S,200,53.35
1527606139968849808,ARKW,B,600,53.27
1527606163056513512,ARKW,B,200,53.16
1527606163098063337,ARKW,B,200,53.16
1527606161364584274,ARKW,S,500,53.34
1527606159858239316,ARKW,S,200,53.58
1527606162322327380,ARKW,S,200,53.58
1527606159830779733,ARKW,S,200,53.35
1527606160160974194,ARKW,S,200,53.36
1527606160548881792,ARKW,S,200,53.34
1527606161631143298,ARKW,S,200,0
1527606167484933634,ARKW,S,200,53.34
1527606166623921706,ARKW,S,200,53.34
1527606165394140366,ARKW,S,200,53.34
1527606166311057826,ARKW,S,200,53.34
1527606164698685301,ARKW,S,200,53.34
1527606168639775353,ARKW,S,200,53.34
1527606168448915169,ARKW,S,200,53.34
1527606173940265983,ARKW,S,200,53.34
1527606174523277057,ARKW,S,200,53.34
1527606184467703591,ARKW,S,200,53.34
1527606181961339345,ARKW,S,200,53.37
1527606184639861201,ARKW,S,200,53.37
1527606197958843095,ARKW,S,200,53.35
1527606195073030872,ARKW,S,200,53.34
1527606196451777240,ARKW,S,200,53.35
1527606197397068521,ARKW,S,200,53.34
1527606205298057736,ARKW,S,200,53.38
1527606205947912719,ARKW,S,200,53.38
1527606205259559090,ARKW,S,200,53.39
1527606204085944102,ARKW,B,200,53.27
1527606203573531228,ARKW,B,104,53.28
1527606211805295842,ARKW,S,200,53.62
1527606213220676834,ARKW,S,200,53.4
1527606214540309730,ARKW,S,200,53.62
1527606215046837477,ARKW,S,200,53.62
1527606213675300089,ARKW,S,500,53.35
1527606213419906299,ARKW,S,200,53.38
1527606214516847867,ARKW,S,200,53.37
1527606212550989652,ARKW,S,200,53.39
1527606223525805014,ARKW,B,200,53.22
1527606220169444311,ARKW,B,200,53.23
1527606222397537614,ARKW,B,200,53.21
1527606226835124198,ARKW,B,200,53.2
1527606230341358011,ARKW,B,200,53.19
1527606245009390060,ARKW,S,200,53.37
1527606243717872109,ARKW,S,200,53.36
1527606243818797549,ARKW,S,200,53.37
1527606241342388718,ARKW,S,200,53.35
1527606244423236433,ARKW,B,104,53.27
1527606244990909300,ARKW,B,200,53.18
1527606243053861749,ARKW,B,200,53.18
1527606243672324983,ARKW,S,200,53.35
1527606243339796222,ARKW,B,200,53.26
1527606241644183295,ARKW,B,200,53.26
1527606245250277077,ARKW,B,200,53.17
1527606248043028181,ARKW,B,200,53.17
1527606320593495945,ARKW,S,200,53.37
1527606319176411018,ARKW,S,200,53.36
1527606319621072778,ARKW,S,200,53.37
1527606321470564234,ARKW,S,200,53.35
1527606320397747527,ARKW,S,200,53.35
1527606321398548110,ARKW,S,200,53.35
1527606402484778031,ARKW,S,200,53.37
1527606400022262832,ARKW,S,200,53.36
1527606401182446640,ARKW,S,200,53.37
1527606401783608368,ARKW,S,200,53.35
1527606407129966934,ARKW,S,200,53.35
1527606412729004070,ARKW,S,200,53.35
1527606408974600703,ARKW,S,200,53.35
1527606424094715629,ARKW,S,200,53.36
1527606425176714989,ARKW,S,200,53.35
1527606422565826286,ARKW,S,200,53.36
1527606440222748090,ARKW,B,200,53.27
1527606438818573888,ARKW,B,104,53.28
1527606443848753900,ARKW,S,200,53.4
1527606443207877357,ARKW,S,200,53.4
1527606497868930389,ARKW,S,200,53.41
1527606496684170582,ARKW,S,200,53.41
1527606502181304577,ARKW,S,200,53.64
1527606500153161986,ARKW,S,200,53.64
1527606500772083970,ARKW,S,200,53.42
1527606501656819972,ARKW,S,200,53.64
1527606499831773849,ARKW,S,500,53.39
1527606500786764443,ARKW,S,200,53.4
1527606502894860955,ARKW,S,200,53.4
1527606500816124687,ARKW,S,100,53.38
1527606502502300452,ARKW,S,500,53.38
1527606504161814463,ARKW,S,200,53.38
1527606505877088259,ARKW,S,500,53.37
1527606535879737422,ARKW,S,200,53.38
1527606537255010382,ARKW,S,200,53.37
1527606534527598671,ARKW,S,200,53.38
1527606536534082186,ARKW,S,200,53.37
1527606552913497124,ARKW,S,200,53.41
1527606554347949093,ARKW,S,200,53.41
1527606552615046201,ARKW,B,200,53.24
1527606551654091834,ARKW,B,200,53.23
1527606556682142087,ARKW,B,200,53.22
1527606556870973424,ARKW,S,200,53.42
1527606572009789180,ARKW,B,200,53.21
1527606574579324668,ARKW,B,200,53.21
1527606576373541647,ARKW,S,200,53.4
1527606577435486991,ARKW,S,200,53.39
1527606579175992079,ARKW,S,200,53.4
1527606579825650447,ARKW,S,200,53.38
1527606577603980048,ARKW,S,200,53.37
1527606576667613363,ARKW,S,200,53.37
1527606576027335833,ARKW,S,200,53.37
1527606576958406537,ARKW,B,200,0
1527606577106198103,ARKW,S,200,53.37
1527606585165231004,ARKW,S,200,53.37
1527606590537106105,ARKW,B,200,53.11
1527606589310665402,ARKW,B,200,53.11
1527606589540650339,ARKW,B,100,53.31
1527606591094771045,ARKW,B,200,53.21
1527606591884479845,ARKW,B,200,53.22
1527606591295654381,ARKW,S,200,53.38
1527606591328750063,ARKW,S,200,53.37
1527606589150333427,ARKW,S,200,53.38
1527606591579359782,ARKW,B,200,53.2
1527606601243367658,ARKW,S,200,53.37
1527606603803338521,ARKW,S,200,53.37
1527606602407791067,ARKW,S,200,53.37
1527606604211739585,ARKW,S,200,53.37
1527606604901182101,ARKW,S,200,53.37
1527606602807777182,ARKW,S,200,53.37
1527606609525755208,ARKW,S,200,53.37
1527606608153011806,ARKW,S,200,53.37
1527606606647790499,ARKW,S,200,53.37
1527606648855433927,ARKW,B,100,53.3
1527606645582566113,ARKW,B,100,53.3
1527606648440066787,ARKW,S,500,53.36
1527606659666382464,ARKW,B,104,53.28
1527606659406009962,ARKW,B,200,0
1527606658041026155,ARKW,B,200,53.19
1527606658100336241,ARKW,S,200,53.38
1527606659190330993,ARKW,S,200,53.37
1527606660191524465,ARKW,S,200,53.36
1527606660798453361,ARKW,S,200,53.38
1527606658124541365,ARKW,S,200,53.36
1527606660089179575,ARKW,B,200,53.27
1527606665922797457,ARKW,S,200,53.36
1527606665867026560,ARKW,B,104,53.27
1527606664200249566,ARKW,B,200,53.26
1527606663017324767,ARKW,B,200,53.26
1527606677743029215,ARKW,B,200,53.18
1527606676121275360,ARKW,B,200,53.18
1527606676948741948,ARKW,S,100,53.35
1527606674732379969,ARKW,S,200,53.35
1527606678452793166,ARKW,S,500,53.35
1527606682030713243,ARKW,B,200,53.17
1527606680329726364,ARKW,B,200,53.17
1527606688356159283,ARKW,B,200,53.26
1527606702192370574,ARKW,S,200,53.36
1527606703543460750,ARKW,S,200,53.35
1527606700873786255,ARKW,S,200,53.36
1527606702963532861,ARKW,S,200,53.35
1527606701287449728,ARKW,S,200,53.35
1527606710743970244,ARKW,S,200,53.35
1527606710571086681,ARKW,B,104,53.27
1527606713249215881,ARKW,S,200,53.35
1527606710847206263,ARKW,S,200,0
1527606715022394203,ARKW,S,200,53.35
1527606747783070167,ARKW,B,200,53.16
1527606750531060183,ARKW,B,200,53.16
1527606749896299981,ARKW,S,500,53.34
1527606748122568143,ARKW,S,200,53.34
1527606772685442262,ARKW,S,500,53.33
1527606772931267799,ARKW,S,200,53.33
1527606775692326510,ARKW,B,200,53.15
1527606774042457711,ARKW,B,200,53.15
1527606774369222067,ARKW,S,500,53.32
1527606773708291510,ARKW,S,200,53.32
1527606778070380273,ARKW,B,200,53.14
1527606781188018284,ARKW,S,500,53.31
1527606780020035696,ARKW,S,200,53.31
1527606784217642555,ARKW,S,200,53.31
1527606782649038431,ARKW,S,200,53.31
1527606785696528115,ARKW,S,200,53.31
1527606790036008388,ARKW,S,200,53.31
1527606787473640637,ARKW,S,200,53.31
1527606788053124905,ARKW,S,200,53.31
1527606788595847069,ARKW,S,200,53.31
1527606791967806821,ARKW,B,200,53.13
1527606794925643109,ARKW,B,200,53.13
1527606797139221198,ARKW,B,200,53.12
1527606806597721366,ARKW,S,500,0
1527606805759515928,ARKW,S,200,53.3
1527606806826638630,ARKW,B,100,53.26
1527606805332876585,ARKW,B,200,53.02
1527606803679730986,ARKW,B,200,53.02
1527606807490911530,ARKW,B,100,53.19
1527606803850321197,ARKW,B,200,53.13
1527606805412896062,ARKW,B,200,53.19
1527606807645969745,ARKW,B,104,53.2
1527606805249514837,ARKW,S,500,53.29
1527606803964747097,ARKW,S,200,53.29
1527606811669900604,ARKW,B,200,53.12
1527606810644720957,ARKW,B,200,53.12
1527606816182150162,ARKW,S,200,0
1527606823430269727,ARKW,B,104,53.22
1527606834385740236,ARKW,S,200,53.3
1527606837198348753,ARKW,S,200,53.29
1527606835046867412,ARKW,S,200,53.3
1527606844759220223,ARKW,S,200,53.29
1527606850790039749,ARKW,S,200,53.29
1527606847742878029,ARKW,S,200,53.29
1527606850585437758,ARKW,S,200,53.29
1527606848396218642,ARKW,S,200,53.29
1527606848881354880,ARKW,B,200,53.18
1527606847186004097,ARKW,B,200,53.18
1527606850944717055,ARKW,B,104,53.2
1527606859669210814,ARKW,S,200,53.29
1527606863544486193,ARKW,S,200,53.29
1527606864299767388,ARKW,B,104,53.22
1527606864431902235,ARKW,S,200,53.29
1527606871028552326,ARKW,S,200,53.29
1527606869878789174,ARKW,S,200,53.29
1527606872080049586,ARKW,B,200,53.11
1527606871590364595,ARKW,B,200,53.11
1527606903080429525,ARKW,S,500,53.28
1527606905093760982,ARKW,S,200,53.28
1527606905929869346,ARKW,B,200,53.1
1527606905302034467,ARKW,B,200,0
1527606903446650443,ARKW,S,500,53.27
1527606905161268858,ARKW,B,104,53.19
1527606906421528229,ARKW,S,200,53.27
1527606908813024072,ARKW,S,200,53.27
1527606914793139239,ARKW,B,200,53.09
1527606914155736104,ARKW,B,200,53.09
1527606921004498224,ARKW,B,100,53.21
1527606920209939780,ARKW,B,100,53.21
1527606930037732888,ARKW,S,500,53.26
1527606931223606809,ARKW,S,200,53.26
1527606934187468604,ARKW,S,200,53.26
1527606961371373541,ARKW,S,200,53.31
1527606959647317990,ARKW,S,200,53.31
1527606963955246764,ARKW,S,200,53.32
1527606962724219936,ARKW,S,200,53.55
1527606964105260064,ARKW,S,200,53.33
1527606965116480544,ARKW,S,200,53.55
1527606966689279008,ARKW,S,200,53.55
1527606966203919409,ARKW,S,500,53.27
1527606962838973492,ARKW,S,200,53.32
1527606963046657076,ARKW,S,200,53.31
1527606966373827540,ARKW,B,200,53.16
1527606965787476949,ARKW,B,200,53.15
1527606963826705384,ARKW,B,200,53.14
1527606964516545573,ARKW,S,200,53.56
1527606963021538342,ARKW,S,200,53.56
1527606964424533051,ARKW,S,500,53.28
1527606963868918847,ARKW,S,200,53.32
1527606964920968255,ARKW,S,200,53.31
1527606970696833413,ARKW,S,200,53.33
1527606986266883652,ARKW,B,200,53.13
1527606984436397637,ARKW,B,200,53.13
1527607017339737194,ARKW,B,100,53.25
1527607019064463132,ARKW,B,200,53.12
1527607021709102876,ARKW,B,200,53.12
1527607019368943472,ARKW,B,200,53.19
1527607020339597168,ARKW,S,500,53.27
1527607022112935792,ARKW,S,200,53.55
1527607020032102257,ARKW,S,200,53.55
1527607021727715206,ARKW,B,104,53.2
1527607019423735466,ARKW,S,200,53.31
1527607020360769194,ARKW,S,200,53.3
1527607026462597498,ARKW,S,200,53.32
1527607037552038442,ARKW,B,200,53.11
1527607036300431915,ARKW,B,200,53.11
1527607041208902862,ARKW,S,200,53.3
1527607042550817998,ARKW,S,200,53.29
1527607043612697806,ARKW,S,200,53.28
1527607043946079438,ARKW,S,200,53.3
1527607040330851535,ARKW,S,200,53.27
1527607041114006934,ARKW,B,200,53.1
1527607040273573277,ARKW,S,200,53.27
1527607040098761987,ARKW,B,200,53.09
1527607045567404237,ARKW,B,100,53.22
1527607047241586895,ARKW,B,100,53.18
1527607045877258593,ARKW,B,104,53.19
1527607052200169749,ARKW,S,500,53.26
1527607051868950807,ARKW,S,200,53.26
1527607056865618233,ARKW,B,500,53.19
1527607063329465561,ARKW,S,200,53.26
1527607063946457884,ARKW,S,200,53.26
1527607066429539958,ARKW,S,200,53.26
1527607068550350580,ARKW,S,200,53.26
1527607082907956943,ARKW,S,200,53.27
1527607084758890191,ARKW,S,200,53.26
1527607085592377039,ARKW,S,200,0
1527607083874680195,ARKW,S,200,53.26
1527607085359552122,ARKW,S,200,53.26
1527607106775527467,ARKW,S,200,53.27
1527607108222300203,ARKW,S,200,53.26
1527607105178415148,ARKW,S,200,53.27
1527607112162963362,ARKW,S,200,53.26
1527607111660867482,ARKW,S,200,53.26
1527607117161206686,ARKW,B,200,53.08
1527607119741162398,ARKW,B,200,53.08
1527607121327021216,ARKW,S,500,53.25
1527607121295826082,ARKW,S,200,53.25
1527607117441785021,ARKW,B,200,53.14
1527607117476519125,ARKW,B,104,53.15
1527607122342988035,ARKW,B,200,53.07
1527607124925237507,ARKW,B,200,53.07
1527607122337702345,ARKW,B,200,53.06
1527607133353671686,ARKW,B,104,53.17
1527607140813670382,ARKW,S,200,53.25
1527607154679634357,ARKW,B,100,53.19
1527607151935906182,ARKW,S,200,53.26
1527607153708654982,ARKW,S,200,53.25
1527607154436432262,ARKW,S,200,53.26
1527607155506308530,ARKW,S,200,53.25
1527607154705031703,ARKW,S,200,53.25
1527607159574620209,ARKW,S,200,53.25
1527607158985451598,ARKW,S,200,53.25
1527607157425694815,ARKW,S,200,53.25
1527607161968276842,ARKW,S,200,53.25
1527607163719514097,ARKW,S,200,53.25
1527607163645196292,ARKW,S,200,53.25
1527607190233008579,ARKW,S,200,53.26
1527607191583836611,ARKW,S,200,53.25
1527607192790550979,ARKW,S,200,53.26
1527607196111764174,ARKW,S,200,53.25
1527607198191845420,ARKW,S,200,53.25
1527607199706834320,ARKW,S,200,53.25
1527607215535398251,ARKW,S,200,53.25
1527607215248093173,ARKW,B,104,53.18
1527607219651689130,ARKW,B,100,53.19
1527607217145707809,ARKW,S,200,53.25
1527607219117555178,ARKW,S,200,53.25
1527607217975393929,ARKW,S,200,53.25
1527607216264773339,ARKW,S,200,53.25
1527607221571764591,ARKW,S,200,53.25
1527607221916221889,ARKW,S,200,53.25
1527607220574536595,ARKW,S,200,53.25
1527607230456168337,ARKW,S,500,53.23
1527607236677901518,ARKW,S,200,53.51
1527607235138985167,ARKW,S,200,53.51
1527607234480217318,ARKW,S,500,53.24
1527607234450922728,ARKW,S,200,53.27
1527607234646416616,ARKW,S,200,53.26
1527607235353094285,ARKW,S,200,53.28
1527607243529004297,ARKW,S,200,53.52
1527607242187351306,ARKW,S,200,53.52
1527607242717144352,ARKW,S,500,53.25
1527607242481542435,ARKW,S,200,53.28
1527607242746766627,ARKW,S,200,53.27
1527607244939130788,ARKW,S,200,53.29
1527607243331270565,ARKW,S,200,53.29
1527607242346072050,ARKW,S,200,53.53
1527607245699876850,ARKW,S,200,53.53
1527607245793396722,ARKW,S,200,53.3
1527607242493724659,ARKW,S,200,53.53
1527607244744362000,ARKW,S,500,53.28
1527607247079482443,ARKW,S,200,53.29
1527607249302070347,ARKW,S,200,0
1527607247674317161,ARKW,B,200,53.13
1527607248103643497,ARKW,B,200,53.12
1527607247882530606,ARKW,B,200,53.11
1527607252473620871,ARKW,S,200,53.3
1527607251235777896,ARKW,S,200,53.28
1527607254347559011,ARKW,S,200,53.28
1527607250371693785,ARKW,S,200,53.28
1527607256984775567,ARKW,S,200,53.31
1527607255176833936,ARKW,S,200,53.31
1527607259641760478,ARKW,S,200,53.29
1527607260694399710,ARKW,S,200,53.28
1527607262424943326,ARKW,S,200,53.29
1527607259835354539,ARKW,S,200,53.28
1527607270721829677,ARKW,S,200,53.28
1527607268764400608,ARKW,S,200,53.28
1527607272424436933,ARKW,S,200,53.28
1527607273733410295,ARKW,B,300,53.23
1527607281985499675,ARKW,S,200,53.28
1527607280704271909,ARKW,S,200,53.28
1527607281289181940,ARKW,S,200,53.28
1527607283677716849,ARKW,S,200,53.28
1527607281100521396,ARKW,S,200,53.28
1527607288822535738,ARKW,S,200,53.28
1527607288815999328,ARKW,S,200,53.28
1527607290912410165,ARKW,B,500,53.21
1527607290851623138,ARKW,S,200,53.28
1527607289534746698,ARKW,S,200,53.28
1527607294993448355,ARKW,S,200,53.28
1527607295646844954,ARKW,S,200,53.28
1527607296430196852,ARKW,S,200,53.28
1527607298011136519,ARKW,S,200,53.28
1527607299712715455,ARKW,S,200,53.28
1527607303422733436,ARKW,S,200,53.28
1527607308746957253,ARKW,B,200,53.1
1527607307588149702,ARKW,B,200,53.1
1527607316871084342,ARKW,S,500,53.27
1527607315955874104,ARKW,S,200,53.27
1527607322363414447,ARKW,S,200,53.27
1527607326027031654,ARKW,S,200,0
1527607323472963414,ARKW,S,200,53.27
1527607325133458615,ARKW,S,200,53.27
1527607323686865793,ARKW,S,200,53.27
1527607335803859860,ARKW,S,200,53.27
1527607335397096547,ARKW,S,200,53.27
1527607356632732446,ARKW,S,200,53.28
1527607353337778975,ARKW,S,200,53.27
1527607354977030943,ARKW,S,200,53.28
1527607358343528958,ARKW,S,200,53.27
1527607361009992315,ARKW,S,200,53.27
1527607361345013495,ARKW,S,200,53.27
1527607358042396075,ARKW,S,200,53.27
1527607358945422689,ARKW,S,200,53.27
1527607367590638120,ARKW,S,200,53.27
1527607368930980484,ARKW,S,200,53.27
1527607367023555238,ARKW,S,200,53.27
1527607366814861986,ARKW,S,200,53.27
1527607372977645582,ARKW,B,200,53.09
1527607372218476559,ARKW,B,200,53.09
1527607378062360073,ARKW,B,100,53.23
1527607377384206841,ARKW,B,100,53.2
1527607377225085474,ARKW,S,500,53.26
1527607377698583080,ARKW,S,200,53.26
1527607378961009100,ARKW,B,200,53.08
1527607377103849933,ARKW,B,200,53.08
1527607377430877446,ARKW,B,200,53.07
1527607387200432228,ARKW,S,200,53.26
1527607383747865162,ARKW,S,200,53.26
1527607383409503623,ARKW,S,200,53.26
1527607385084080482,ARKW,S,200,53.26
1527607384601801266,ARKW,S,200,53.26
1527607385951529699,ARKW,S,200,53.26
1527607385522500701,ARKW,S,200,53.26
1527607434549092392,ARKW,S,500,53.25
1527607432702091306,ARKW,S,200,53.25
1527607469286815499,ARKW,S,200,53.25
1527607473143572405,ARKW,S,200,53.25
1527607471198136535,ARKW,S,200,53.25
1527607469982332288,ARKW,S,200,53.25
1527607481650545749,ARKW,S,200,53.25
1527607489866048913,ARKW,S,200,53.25
1527607489504042032,ARKW,S,200,53.25
1527607494929960855,ARKW,S,200,53.25
1527607504321936097,ARKW,S,200,53.26
1527607506376817377,ARKW,S,200,53.25
1527607507380108001,ARKW,S,200,53.26
1527607504476339175,ARKW,S,200,53.25
1527607504790934249,ARKW,S,200,53.25
1527607503922648137,ARKW,S,200,53.25
1527607528837297405,ARKW,S,200,53.25
1527607528997277873,ARKW,S,200,53.25
1527607525581350748,ARKW,S,200,53.25
1527607528153661209,ARKW,S,200,53.25
1527607528849934253,ARKW,S,200,53.25
1527607527212910684,ARKW,S,200,53.25
1527607527429507280,ARKW,S,200,53.25
1527607528369949072,ARKW,S,200,53.25
1527607548097709458,ARKW,S,200,53.25
1527607552600608952,ARKW,S,200,53.26
1527607553754828984,ARKW,S,200,53.25
1527607550926229689,ARKW,S,200,53.26
1527607569380805246,ARKW,S,200,53.3
1527607572190399102,ARKW,S,200,53.3
1527607572364528402,ARKW,S,200,53.54
1527607570313186067,ARKW,S,200,53.54
1527607569768912138,ARKW,S,1100,53.26
1527607572324160779,ARKW,S,200,53.3
1527607568338130188,ARKW,S,200,53.29
1527607590352611637,ARKW,S,200,53.31
1527607593172822325,ARKW,S,200,53.31
1527607590277117366,ARKW,B,200,53.13
1527607590874543542,ARKW,B,200,53.14
1527607592602083677,ARKW,B,100,53.23
1527607591553069455,ARKW,S,200,53.55
1527607590130807184,ARKW,S,200,53.55
1527607593475961256,ARKW,S,1000,53.27
1527607591440806314,ARKW,S,200,53.31
1527607592169763242,ARKW,S,200,53.3
1527607595418151123,ARKW,B,200,53.12
1527607618530755736,ARKW,B,200,53.11
1527607617092568217,ARKW,B,200,53.11
1527607620641835862,ARKW,B,200,53.1
1527607637335624418,ARKW,S,200,53.32
1527607640134798050,ARKW,S,200,0
1527607644398447826,ARKW,S,200,53.55
1527607642461859027,ARKW,S,200,53.55
1527607641722547514,ARKW,B,104,53.24
1527607645005705153,ARKW,S,1100,53.3
1527607641328152515,ARKW,S,200,53.31
1527607644340842435,ARKW,S,200,53.31
1527607645375066172,ARKW,S,1000,53.29
1527607645152613699,ARKW,S,200,53.29
1527607649408858098,ARKW,S,200,53.29
1527607647711114913,ARKW,S,200,53.29
1527607661016897957,ARKW,S,1100,53.28
1527607658592721319,ARKW,S,200,53.52
1527607662469568935,ARKW,S,200,53.52
1527607658830420394,ARKW,S,200,53.29
1527607669063583550,ARKW,B,200,53.09
1527607667298764607,ARKW,B,200,53.09
1527607671041591108,ARKW,B,82,53.24
1527607668140902235,ARKW,B,104,53.18
1527607667029870519,ARKW,S,1100,53.27
1527607668451084217,ARKW,S,200,53.27
1527607668012924680,ARKW,B,200,53
1527607670398369544,ARKW,B,200,53
1527607670763601757,ARKW,S,100,53.26
1527607667331874655,ARKW,S,200,53.26
1527607668619788148,ARKW,S,900,53.26
1527607691403124620,ARKW,S,200,53.26
1527607704260168207,ARKW,B,104,0
1527607701667367443,ARKW,B,200,53.08
1527607701913520659,ARKW,B,200,53.09
1527607705146675367,ARKW,B,200,53.07
1527607704277029625,ARKW,B,200,0
1527607709059811622,ARKW,S,1000,53.25
1527607707404044584,ARKW,S,200,53.25
1527607707422394700,ARKW,B,200,53
1527607706694617421,ARKW,B,200,53
1527607709112043921,ARKW,B,104,53.15
1527607709048211859,ARKW,B,200,53.06
1527607709561358739,ARKW,B,200,53.07
1527607708445957109,ARKW,B,200,53.05
1527607712606727507,ARKW,S,100,53.24
1527607711316454744,ARKW,S,200,53.24
1527607712462876010,ARKW,S,1000,53.24
1527607713965813135,ARKW,S,900,53.23
1527607709920144786,ARKW,S,200,53.23
1527607711629782483,ARKW,B,200,53
1527607713831333331,ARKW,B,200,53
1527607711566343651,ARKW,B,200,53.14
1527607711569030629,ARKW,B,200,53.06
1527607712112061925,ARKW,B,200,53.07
1527607710569096413,ARKW,B,200,53.05
1527607712526948560,ARKW,B,200,53
1527607711034104017,ARKW,B,200,53
1527607712980067246,ARKW,S,900,53.22
1527607711117730736,ARKW,S,200,53.22
1527607711762947063,ARKW,S,200,53.22
1527607719862677274,ARKW,S,900,0
1527607720091332379,ARKW,S,200,53.21
1527607721532049100,ARKW,S,200,53.21
1527607721726035770,ARKW,S,200,53.21
1527607722620209282,ARKW,S,200,53.21
1527607722273197265,ARKW,S,200,53.21
1527607721097289863,ARKW,S,200,53.21
1527607726449520361,ARKW,S,200,53.21
1527607725288690971,ARKW,S,200,53.21
1527607738116235627,ARKW,S,200,53.21
1527607738387161486,ARKW,S,200,53.21
1527607737384814741,ARKW,S,200,53.21
1527607743030123216,ARKW,S,200,53.21
1527607740955058410,ARKW,S,200,53.21
1527607740372446418,ARKW,S,200,53.21
1527607740562962044,ARKW,S,200,53.21
1527607741772908000,ARKW,S,200,53.21
1527607767783903808,ARKW,S,200,53.26
1527607766614872641,ARKW,S,200,53.26
1527607782352381076,ARKW,S,200,53.27
1527607782222113091,ARKW,S,200,53.28
1527607780336314692,ARKW,S,200,53.28
1527607780277332339,ARKW,S,200,53.52
1527607782729099635,ARKW,S,200,53.52
1527607779954829736,ARKW,B,104,53.15
1527607782052571563,ARKW,B,200,53.1
1527607782572272043,ARKW,B,200,53.11
1527607779352881693,ARKW,S,1000,53.25
1527607779100764705,ARKW,S,200,53.28
1527607779256150561,ARKW,S,200,53.27
1527607781713558388,ARKW,B,200,53.09
1527607783842128160,ARKW,S,200,53.26
1527607784930746656,ARKW,S,200,0
1527607785470045343,ARKW,S,100,53.24
1527607785316166838,ARKW,S,1100,53.24
1527607785194925464,ARKW,B,200,53.08
1527607788006148071,ARKW,S,200,53.29
1527607790552680423,ARKW,S,200,53.29
1527607790070204545,ARKW,B,200,53
1527607788523227266,ARKW,B,200,53
1527607794258957026,ARKW,S,200,53.3
1527607792320666447,ARKW,B,200,53.06
1527607794588080978,ARKW,B,200,53.06
1527607797132086865,ARKW,B,104,53.17
1527607800459709792,ARKW,B,200,52.99
1527607802982452576,ARKW,B,200,52.99
1527607803719929281,ARKW,B,104,53.16
1527607801508298751,ARKW,B,200,53.09
1527607802286407679,ARKW,B,200,53.1
1527607802743485104,ARKW,B,200,53
1527607800948388529,ARKW,B,200,53
1527607802268611367,ARKW,B,104,53.15
1527607801086407465,ARKW,B,200,53.09
1527607801912881961,ARKW,B,200,53.1
1527607803067699886,ARKW,B,200,53.08
1527607806518588657,ARKW,B,200,53.07
1527607805044815103,ARKW,S,200,53.25
1527607807564412159,ARKW,S,200,53.25
1527607806777783634,ARKW,S,200,53.26
1527607806638257567,ARKW,S,200,53.24
1527607807895762985,ARKW,S,200,53.24
1527607808204045711,ARKW,S,200,53.24
1527607809495575046,ARKW,S,200,53.24
1527607808752856298,ARKW,S,200,53.24
1527607811852187770,ARKW,B,200,53.06
1527607810452093188,ARKW,B,200,53
1527607808742127877,ARKW,B,200,53
1527607809033500933,ARKW,B,200,53.05
1527607810259745031,ARKW,B,200,53
1527607808640875414,ARKW,S,1100,53.23
1527607810810903448,ARKW,S,200,53.23
1527607813374496831,ARKW,S,200,53.23
1527607816331482263,ARKW,S,200,53.23
1527607816607455481,ARKW,S,200,53.23
1527607817726233090,ARKW,S,200,53.24
1527607818762488322,ARKW,S,200,53.23
1527607820341381634,ARKW,S,200,53.24
1527607819951336651,ARKW,B,104,53.13
1527607819621166286,ARKW,B,200,53.07
1527607819914112206,ARKW,B,200,53.08
1527607822527725433,ARKW,S,100,53.22
1527607823040216987,ARKW,S,1000,53.22
1527607822353296511,ARKW,B,200,53
1527607825007373439,ARKW,B,200,53
1527607823127735529,ARKW,B,104,53.15
1527607821555264747,ARKW,B,200,53.08
1527607822319480043,ARKW,B,200,53.09
1527607823498541822,ARKW,B,200,53.07
1527607828595567243,ARKW,B,200,53.06
1527607834066897232,ARKW,S,200,53.24
1527607831088154961,ARKW,S,200,53.23
1527607832115497297,ARKW,S,200,53.22
1527607831933454619,ARKW,B,200,53
1527607833488427291,ARKW,B,200,53.05
1527607834283575579,ARKW,B,200,53
1527607830544550172,ARKW,B,200,53
1527607833361093071,ARKW,S,200,53.22
1527607832733732667,ARKW,S,200,53.22
1527607831677301242,ARKW,S,1100,53.21
1527607832594543103,ARKW,S,200,53.21
1527607833330184748,ARKW,S,100,53.2
1527607831906677786,ARKW,S,1000,53.2
1527607834586853397,ARKW,S,200,53.2
1527607836971586685,ARKW,S,200,53.2
1527607834718135825,ARKW,S,900,53.19
1527607847735436849,ARKW,S,200,53.2
1527607850471171633,ARKW,S,200,0
1527607851072726577,ARKW,S,200,53.19
1527607851948227042,ARKW,S,200,53.19
1527607856745849768,ARKW,S,200,53.19
1527607858897422500,ARKW,S,200,53.19
1527607856450704551,ARKW,S,200,53.19
1527607860570483509,ARKW,S,200,53.19
1527607866330555628,ARKW,S,200,53.2
1527607865029666029,ARKW,S,200,53.2
1527607865326740717,ARKW,S,200,53.19
1527607868224878659,ARKW,S,200,53.19
1527607866608106288,ARKW,S,200,53.19
1527607867061879165,ARKW,S,200,53.19
1527607866862464310,ARKW,S,200,53.19
1527607870609310597,ARKW,S,200,53.19
1527607875509489337,ARKW,S,200,53.19
1527607888145991144,ARKW,B,104,53.1
1527607902050540178,ARKW,S,100,53.18
1527607902536686248,ARKW,S,1000,53.18
1527607950916923229,ARKW,S,1100,53.17
1527607963897044665,ARKW,B,104,53.09
1527607965800799985,ARKW,S,900,53.16
1527608015386585407,ARKW,S,200,53.45
1527608017827080511,ARKW,S,200,53.45
1527608017711016350,ARKW,B,104,53.1
1527608015996660153,ARKW,S,900,53.17
1527608015567333820,ARKW,S,200,53.22
1527608015840422332,ARKW,S,200,53.21
1527608015439950136,ARKW,B,100,53.12
1527608028402896738,ARKW,S,200,53.23
1527608031163862882,ARKW,S,200,53.23
1527608030764420998,ARKW,S,200,53.47
1527608028965719943,ARKW,S,200,53.47
1527608030618668949,ARKW,B,104,53.13
1527608029088075750,ARKW,S,1100,53.19
1527608030725820391,ARKW,S,200,53.23
1527608031335829479,ARKW,S,200,53.22
1527608039455706800,ARKW,B,200,53.06
1527608039773949616,ARKW,B,200,53.07
1527608038479097255,ARKW,S,200,53.24
1527608037553204648,ARKW,S,200,53.24
1527608038317420270,ARKW,B,200,53.05
1527608052991377724,ARKW,B,200,53.07
1527608050371379520,ARKW,B,200,53
1527608052681916736,ARKW,B,200,53.05
1527608052700004672,ARKW,B,200,53
1527608050452054337,ARKW,B,200,53
1527608054953789687,ARKW,S,200,53.25
1527608053849442552,ARKW,S,200,53.25
1527608059906642548,ARKW,S,200,53.48
1527608058669060725,ARKW,S,200,53.48
1527608059932267149,ARKW,B,104,53.15
1527608058427429518,ARKW,S,900,53.2
1527608059868107407,ARKW,B,200,53.06
1527608060961051279,ARKW,B,200,53.07
1527608058702418576,ARKW,S,200,53.24
1527608059437798032,ARKW,S,200,53.23
1527608060405764839,ARKW,B,200,53
1527608058409276136,ARKW,B,200,53
1527608061984599821,ARKW,B,104,53.13
1527608058500771599,ARKW,B,200,53.07
1527608058928590607,ARKW,B,200,53.08
1527608061989975510,ARKW,S,200,53.25
1527608063844368900,ARKW,B,200,53.06
1527608066972322257,ARKW,B,200,53.05
1527608066523335122,ARKW,B,200,53.05
1527608104317106156,ARKW,B,200,53.04
1527608102515718125,ARKW,B,200,53.04
1527608122034543279,ARKW,S,200,53.49
1527608120263760560,ARKW,S,200,53.26
1527608120769632944,ARKW,S,200,53.49
1527608118153173702,ARKW,S,1000,53.21
1527608124463431402,ARKW,B,200,0
1527608125607756143,ARKW,S,200,53.5
1527608123792933232,ARKW,S,200,53.5
1527608125718970797,ARKW,S,1000,53.22
1527608123030553008,ARKW,S,200,53.26
1527608123405550000,ARKW,S,200,53.25
1527608125510373393,ARKW,B,200,53
1527608123939016722,ARKW,B,200,53
1527608128185599580,ARKW,S,200,53.27
1527608144926490589,ARKW,S,200,53.51
1527608147379699677,ARKW,S,200,53.51
1527608144524034036,ARKW,S,1100,53.23
1527608147364757494,ARKW,S,200,53.27
1527608143880470519,ARKW,S,200,53.26
1527608148140503560,ARKW,S,200,53.28
1527608160714655159,ARKW,B,200,53.16
1527608157156771257,ARKW,B,200,53.1
1527608158230775225,ARKW,B,200,53.11
1527608159846762064,ARKW,B,104,53.17
1527608156778788610,ARKW,B,200,53.09
1527608162407122451,ARKW,B,200,53
1527608160992069140,ARKW,B,200,53
1527608162586166829,ARKW,B,200,53.15
1527608164295542319,ARKW,B,200,53.09
1527608165022926383,ARKW,B,200,53.1
1527608164873766511,ARKW,B,104,53.16
1527608185234357478,ARKW,S,200,53.29
1527608183475043559,ARKW,S,200,53.29
1527608183256612142,ARKW,B,200,53.16
1527608188058823083,ARKW,B,600,53.17
1527608193022686249,ARKW,B,200,52.99
1527608191930725418,ARKW,B,200,52.99
1527608196896733278,ARKW,B,200,53.05
1527608195279698015,ARKW,B,200,53.05
1527608199587965925,ARKW,S,200,53.53
1527608202143673317,ARKW,S,200,53.53
1527608201749015548,ARKW,B,104,53.18
1527608201385552894,ARKW,B,200,53.11
1527608202440289278,ARKW,B,200,53.12
1527608200887610578,ARKW,S,1100,53.27
1527608199763799253,ARKW,S,200,53.29
1527608200190635221,ARKW,S,200,53.28
1527608201320279282,ARKW,S,900,0
1527608201791352101,ARKW,B,200,53
1527608200003136806,ARKW,B,200,53
1527608200136306070,ARKW,S,100,53.24
1527608200694148524,ARKW,S,900,53.24
1527608223511759286,ARKW,S,200,53.5
1527608221238184375,ARKW,S,200,53.3
1527608222385719735,ARKW,S,200,53.5
1527608222574266811,ARKW,S,200,53.5
1527608221887081113,ARKW,S,200,53.37
1527608225173383833,ARKW,S,200,53.37
1527608221412929453,ARKW,S,900,53.2
1527608222395383539,ARKW,S,200,53.24
1527608222906040051,ARKW,S,200,53.23
1527608221063236154,ARKW,B,100,0
1527608221622323773,ARKW,B,200,53.06
1527608222025304637,ARKW,B,200,53.07
1527608224575048266,ARKW,B,200,53
1527608221819139349,ARKW,B,100,53.15
1527608224035829016,ARKW,B,200,53.06
1527608224304461080,ARKW,B,200,53.07
1527608223537689894,ARKW,B,200,53
1527608222153700827,ARKW,B,100,53.15
1527608220933289440,ARKW,B,200,53.06
1527608221000725984,ARKW,B,200,53.07
1527608223994803692,ARKW,B,200,53
1527608223706117793,ARKW,B,100,53.15
1527608224172537507,ARKW,B,200,53.06
1527608224192722595,ARKW,B,200,53.07
1527608224364885682,ARKW,B,200,53
1527608222148196019,ARKW,B,200,53
1527608221566498664,ARKW,B,100,53.15
1527608223221938222,ARKW,B,100,53.15
1527608224702134516,ARKW,B,100,53.15
1527608221958928827,ARKW,B,100,53.15
1527608223296256641,ARKW,B,100,53.15
1527608224026393221,ARKW,B,200,53.07
1527608224112310917,ARKW,B,200,53.06
1527608222965824152,ARKW,B,200,53
1527608221132847769,ARKW,B,200,53
1527608225170258759,ARKW,B,100,53.15
1527608223333153609,ARKW,B,200,53.06
1527608224003259209,ARKW,B,200,53.07
1527608224262323034,ARKW,B,200,53
1527608222323964763,ARKW,B,200,53
1527608222788812385,ARKW,B,100,53.15
1527608222149508707,ARKW,B,200,53.06
1527608222254890595,ARKW,B,200,53.07
1527608223746358902,ARKW,B,200,53
1527608222166351479,ARKW,B,200,53
1527608229386933163,ARKW,B,104,53.13
1527608227777041325,ARKW,B,200,53.06
1527608228535554989,ARKW,B,200,53.07
1527608229326644500,ARKW,B,200,53.05
1527608237097530222,ARKW,S,200,53.25
1527608235387302767,ARKW,S,200,53.25
1527608238310132902,ARKW,S,200,53.26
1527608242247143268,ARKW,B,200,53.13
1527608241377153676,ARKW,S,200,0
1527608240180466317,ARKW,S,200,53.27
1527608240360624781,ARKW,S,200,53.5
1527608241039381260,ARKW,S,200,53.5
1527608239297237773,ARKW,S,200,53.5
1527608240575910970,ARKW,S,200,53.37
1527608238492718139,ARKW,S,200,53.37
1527608240040894617,ARKW,S,1000,53.2
1527608240436733130,ARKW,S,200,53.24
1527608241230505162,ARKW,S,200,53.23
1527608238163618307,ARKW,S,200,53.25
1527608268655725289,ARKW,B,200,53
1527608271071906537,ARKW,B,200,53
1527608270735936905,ARKW,S,200,53.26
1527608269620120970,ARKW,S,200,53.26
1527608278130693960,ARKW,S,200,53.5
1527608277878970185,ARKW,S,200,53.5
1527608281893406223,ARKW,S,200,53.37
1527608284382987791,ARKW,S,200,53.37
1527608284023459014,ARKW,S,1000,53.2
1527608284156110825,ARKW,S,200,53.5
1527608282208577514,ARKW,S,200,53.5
1527608281369547673,ARKW,S,200,53.37
1527608283879707545,ARKW,S,200,53.37
1527608287565424522,ARKW,S,900,53.2
1527608293421518825,ARKW,S,200,53.24
1527608289714409450,ARKW,S,200,53.23
1527608293608820832,ARKW,S,200,53.25
1527608293849030802,ARKW,B,100,53.15
1527608290192253080,ARKW,B,200,53.07
1527608290785026200,ARKW,B,200,53.08
1527608291690406053,ARKW,B,200,53
1527608292288493033,ARKW,B,100,53.15
1527608290925213163,ARKW,B,200,53.07
1527608291768858091,ARKW,B,200,53.08
1527608290287613437,ARKW,B,200,53
1527608292759303677,ARKW,B,200,53
1527608295284829181,ARKW,B,100,53.15
1527608295625616384,ARKW,B,200,53.06
1527608296172448768,ARKW,B,200,53.07
1527608296822631441,ARKW,B,200,53
1527608294569503762,ARKW,B,200,53
1527608299240932840,ARKW,B,104,53.13
1527608299996898385,ARKW,B,200,53.06
1527608300534555729,ARKW,B,200,53.07
1527608300517975249,ARKW,B,200,53.05
1527608319377552227,ARKW,S,200,53.26
1527608316944069477,ARKW,S,200,53.26
1527608315446775657,ARKW,S,200,53.5
1527608318017228649,ARKW,S,200,53.5
1527608318040887768,ARKW,B,200,53
1527608316113801689,ARKW,B,200,53
1527608315625376443,ARKW,S,200,53.37
1527608318052567739,ARKW,S,200,0
1527608338165901647,ARKW,S,1100,53.23
1527608340242671957,ARKW,B,104,53.18
1527608338142832983,ARKW,B,200,53.08
1527608339036875095,ARKW,B,200,53.09
1527608339099593226,ARKW,B,200,53
1527608337326582283,ARKW,B,200,53
1527608344407776328,ARKW,S,100,53.22
1527608341578980446,ARKW,S,1100,53.22
1527608341492866320,ARKW,B,100,53.17
1527608344587345169,ARKW,B,200,53.08
1527608341936348434,ARKW,B,200,53.09
1527608345064643872,ARKW,B,200,53
1527608343825947937,ARKW,B,200,53.07
1527608344194260257,ARKW,B,200,53
1527608343583857955,ARKW,B,200,53
1527608346869421923,ARKW,B,100,53.17
1527608349361756005,ARKW,B,200,53.07
1527608345686103910,ARKW,B,200,53.08
1527608347479234420,ARKW,B,200,53
1527608346696872227,ARKW,B,100,53.17
1527608347456762149,ARKW,B,200,53.07
1527608349273157925,ARKW,B,200,53.08
1527608349236982071,ARKW,B,200,53
1527608347004498232,ARKW,B,200,53
1527608371507833170,ARKW,B,100,53.17
1527608373257447765,ARKW,B,200,53.1
1527608374327060821,ARKW,B,200,53.11
1527608374954633573,ARKW,B,200,52.99
1527608372901914982,ARKW,B,200,52.99
1527608373632847261,ARKW,S,200,53.52
1527608371704843678,ARKW,S,200,53.52
1527608374302887343,ARKW,S,1100,53.23
1527608371426708914,ARKW,S,200,53.28
1527608371571609010,ARKW,S,200,53.27
1527608371816469361,ARKW,B,200,53.05
1527608374577632113,ARKW,B,200,53.05
1527608378145804516,ARKW,S,200,53.29
1527608382212527651,ARKW,S,200,53.53
1527608380938180132,ARKW,S,200,53.53
1527608380197688886,ARKW,S,1000,53.24
1527608383487727161,ARKW,S,200,53.29
1527608380042434106,ARKW,S,200,53.28
1527608392352212235,ARKW,S,200,53.3
1527608391089531573,ARKW,B,200,53.17
1527608389887929018,ARKW,B,200,53.12
1527608390452587194,ARKW,B,200,53.13
1527608389866237078,ARKW,B,104,53.18
1527608389205700018,ARKW,S,200,53.28
1527608388513902005,ARKW,S,200,53.53
1527608391147859381,ARKW,S,200,53.53
1527608390706278955,ARKW,S,900,53.28
1527608391333327405,ARKW,S,200,53.29
1527608389354009134,ARKW,S,200,53.29
1527608389665305180,ARKW,S,1100,53.27
1527608390116455978,ARKW,B,200,53.11
1527608388988976141,ARKW,S,200,53.3
1527608389255348856,ARKW,S,200,53.31
1527608399914181011,ARKW,B,200,53.02
1527608398349246868,ARKW,B,200,53.02
1527608410477724429,ARKW,B,200,53.08
1527608413232923405,ARKW,B,200,53.08
1527608410213549055,ARKW,S,200,53.32
1527608412853142527,ARKW,S,200,53.32
1527608471261534766,ARKW,S,500,53.27
1527608475704845702,ARKW,S,200,53.56
1527608478175946118,ARKW,S,200,53.56
1527608476062279065,ARKW,S,500,53.28
1527608477493912989,ARKW,S,200,53.32
1527608478066042269,ARKW,S,200,53.31
1527608476053500275,ARKW,S,200,53.33
1527608497171614653,ARKW,B,104,53.2
1527608499873663934,ARKW,B,200,53.14
1527608496562719679,ARKW,B,200,53.15
1527608508182685965,ARKW,B,200,53.04
1527608506889988366,ARKW,B,200,53.04
1527608512329123379,ARKW,S,200,0
1527608511846581812,ARKW,S,200,53.57
1527608512797115976,ARKW,S,500,53.29
1527608510441817675,ARKW,S,200,53.33
1527608510508598859,ARKW,S,200,53.32
1527608516131150210,ARKW,B,200,53.1
1527608514502187395,ARKW,B,200,53.1
1527608515708706035,ARKW,S,200,53.34
1527608547729292062,ARKW,S,200,53.58
1527608550114016030,ARKW,S,200,53.58
1527608547495787333,ARKW,S,500,53.3
1527608547506338632,ARKW,S,200,53.34
1527608548900223816,ARKW,S,200,53.33
1527608555346697857,ARKW,S,200,53.35
1527608552556508904,ARKW,S,200,53.58
1527608554865538792,ARKW,S,200,53.58
1527608552454600594,ARKW,B,104,53.26
1527608555803490195,ARKW,B,200,53.17
1527608551767586708,ARKW,B,200,53.18
1527608553593158168,ARKW,S,500,53.33
1527608553042000410,ARKW,S,200,53.35
1527608553752017434,ARKW,S,200,53.34
1527608553545054833,ARKW,B,200,53.06
1527608551747205746,ARKW,B,200,53.06
1527608554926905882,ARKW,S,200,53.33
1527608560031318543,ARKW,S,200,53.33
1527608556855839503,ARKW,S,200,53.33
1527608559825999191,ARKW,S,200,53.33
1527608556688222456,ARKW,S,200,53.33
1527608559818877913,ARKW,S,200,53.33
1527608556832338284,ARKW,S,200,53.33
1527608557690599645,ARKW,S,200,53.33
1527608559508907345,ARKW,S,200,53.33
1527608559748703915,ARKW,S,200,53.33
1527608556208129736,ARKW,S,200,53.33
1527608561149899315,ARKW,B,200,53.12
1527608563945796147,ARKW,B,200,53.12
1527608562693170255,ARKW,B,104,53.24
1527608566948583825,ARKW,S,200,53.33
1527608567405640863,ARKW,S,200,53.33
1527608565567421903,ARKW,B,200,53.05
1527608568125029839,ARKW,B,200,53.05
1527608568221367854,ARKW,B,104,53.26
1527608567303667250,ARKW,B,200,53.16
1527608568198889010,ARKW,B,200,53.17
1527608566742438429,ARKW,S,200,53.33
1527608566548714172,ARKW,S,200,53.33
1527608566686743347,ARKW,S,200,53.33
1527608565796830021,ARKW,S,200,53.33
1527608567482416628,ARKW,S,200,53.33
1527608569442693112,ARKW,S,200,0
1527608569052698305,ARKW,S,200,53.33
1527608571042910437,ARKW,S,200,0
1527608576190608893,ARKW,B,200,53.05
1527608574344459774,ARKW,B,200,53.05
1527608574676727368,ARKW,B,104,53.25
1527608574150145612,ARKW,B,200,53.15
1527608574767887948,ARKW,B,200,53.16
1527608575466720083,ARKW,S,200,53.33
1527608578938955471,ARKW,B,200,53.05
1527608577443292880,ARKW,B,200,53.05
1527608579431982882,ARKW,B,104,53.23
1527608577979049766,ARKW,B,200,53.16
1527608578042292006,ARKW,B,200,53.17
1527608584804855367,ARKW,S,100,53.32
1527608585273110111,ARKW,S,500,53.32
1527608584541482108,ARKW,B,200,53.05
1527608583579544701,ARKW,B,200,53.05
1527608590565272374,ARKW,B,200,53.11
1527608593035324214,ARKW,B,200,53.11
1527608608400978919,ARKW,S,200,53.36
1527608611713430503,ARKW,S,200,53.36
1527608617860006178,ARKW,B,104,53.24
1527608617445884197,ARKW,B,200,53.17
1527608617827565861,ARKW,B,200,53.18
1527608622116624867,ARKW,B,200,53.16
1527608626375043821,ARKW,B,200,53.05
1527608628885072621,ARKW,B,200,53.05
1527608628193209206,ARKW,B,104,53.23
1527608626229750649,ARKW,B,200,53.16
1527608626660649849,ARKW,B,200,53.17
1527608625418620328,ARKW,S,200,53.34
1527608626428464552,ARKW,S,200,53.33
1527608627518721448,ARKW,S,200,53.32
1527608628031344040,ARKW,S,200,0
1527608628193679081,ARKW,S,200,53.32
1527608627632717347,ARKW,S,200,53.32
1527608625802436253,ARKW,S,200,53.32
1527608625307639518,ARKW,S,200,53.32
1527608626401109040,ARKW,S,200,53.32
1527608649991630554,ARKW,B,200,53.05
1527608647467904731,ARKW,B,200,53.15
1527608648089906907,ARKW,B,200,53.05
1527608646549614302,ARKW,B,200,53.05
1527608653542144746,ARKW,B,200,53.04
1527608654653897450,ARKW,S,200,53.33
1527608651395119851,ARKW,S,200,53.32
1527608651514264299,ARKW,B,200,53.04
1527608652693519083,ARKW,S,200,53.33
1527608654246927388,ARKW,B,200,53.1
1527608652533357597,ARKW,B,200,53.1
1527608653139838467,ARKW,S,200,53.32
1527608665476395957,ARKW,S,200,53.32
1527608665519528082,ARKW,S,200,53.32
1527608669065444549,ARKW,S,200,53.32
1527608688779754247,ARKW,S,200,53.33
1527608686104967944,ARKW,S,200,53.32
1527608689008737033,ARKW,S,200,53.33
1527608685216704332,ARKW,S,200,53.32
1527608688138432916,ARKW,S,200,53.32
1527608685162925058,ARKW,B,104,53.23
1527608685334825989,ARKW,B,200,53.16
1527608686196034565,ARKW,B,200,53.17
1527608691412003836,ARKW,S,200,53.32
1527608690298350759,ARKW,S,200,53.32
1527608691884277438,ARKW,S,200,53.32
1527608693035290184,ARKW,B,200,53.15
1527608690259590320,ARKW,S,200,53.32
1527608697346792420,ARKW,B,200,53.05
1527608695464729573,ARKW,B,200,53.05
1527608695856307235,ARKW,B,104,53.22
1527608696630156326,ARKW,B,200,53.16
1527608697113353254,ARKW,B,200,53.17
1527608699322975714,ARKW,S,200,53.32
1527608699390243559,ARKW,S,200,53.32
1527608698389574556,ARKW,S,200,53.32
1527608698913213622,ARKW,S,200,53.32
1527608699645515558,ARKW,S,200,53.32
1527608700192352343,ARKW,B,200,53.15
1527608702232963525,ARKW,S,200,53.32
1527608704238889861,ARKW,S,200,53.32
1527608704195116131,ARKW,S,200,53.32
1527608705901809100,ARKW,S,200,53.32
1527608702845712018,ARKW,S,200,53.32
1527608704941881034,ARKW,S,200,53.32
1527608705329854263,ARKW,S,200,53.32
1527608704357103600,ARKW,S,200,53.32
1527608705242233425,ARKW,S,200,53.32
1527608703318165914,ARKW,S,200,53.32
1527608709041075746,ARKW,S,200,53.32
1527608709027905831,ARKW,B,200,53.04
1527608707811492136,ARKW,B,200,53.04
1527608706639647578,ARKW,S,200,53.32
1527608707255764773,ARKW,B,200,53.1
1527608709723588389,ARKW,B,200,53.1
1527608714175584036,ARKW,S,200,53.33
1527608711235508005,ARKW,S,200,53.32
1527608712663340837,ARKW,S,200,53.33
1527608718472125775,ARKW,S,200,53.32
1527608728839770692,ARKW,S,200,53.32
1527608734950312308,ARKW,S,200,53.32
1527608745066346099,ARKW,B,104,53.23
1527608745456547446,ARKW,B,200,53.17
1527608746170955382,ARKW,B,200,53.18
1527608747082185473,ARKW,B,200,53.16
1527608755803760716,ARKW,B,200,53.05
1527608754050934861,ARKW,B,200,53.05
1527608755736533920,ARKW,B,200,53.11
1527608754100427681,ARKW,B,200,53.11
1527608790922119048,ARKW,B,104,53.24
1527608789243479948,ARKW,B,200,53.17
1527608789783889804,ARKW,B,200,53.18
1527608791392314163,ARKW,B,200,53.25
1527608787995256370,ARKW,B,104,53.26
1527608790316083420,ARKW,S,200,53.37
1527608789803002077,ARKW,S,200,53.37
1527608788107454686,ARKW,S,200,53.61
1527608791472597571,ARKW,S,500,53.36
1527608789181327943,ARKW,S,200,53.37
1527608791588530759,ARKW,S,200,53.37
1527608788663266082,ARKW,S,500,53.35
1527608790527372270,ARKW,S,200,53.35
1527608789366795411,ARKW,S,200,53.35
1527608791830627558,ARKW,S,200,53.35
1527608789314438603,ARKW,S,200,53.35
1527608790662122867,ARKW,S,200,53.35
1527608790536886001,ARKW,S,200,53.35
1527608794755646368,ARKW,S,200,53.35
1527608792845086140,ARKW,S,200,53.35
1527608793722885367,ARKW,S,200,53.35
1527608795773328153,ARKW,S,200,53.35
1527608793106486879,ARKW,S,200,53.35
1527608798382169920,ARKW,S,200,53.35
1527608803366631978,ARKW,B,200,53.07
1527608801581038123,ARKW,B,200,53.07
1527608804772472438,ARKW,S,500,53.34
1527608802167481976,ARKW,S,200,53.34
1527608813580987529,ARKW,S,500,53.33
1527608812412284044,ARKW,S,200,53.33
1527608811863798308,ARKW,B,200,53.05
1527608810283135525,ARKW,B,200,53.05
1527608824066024194,ARKW,S,500,53.32
1527608822251201285,ARKW,S,200,53.32
1527608827728383014,ARKW,B,200,53.04
1527608830463265830,ARKW,B,200,53.04
1527608829930458569,ARKW,S,200,53.32
1527608834888852646,ARKW,B,200,53.1
1527608834176804007,ARKW,B,200,53.1
1527608845011977230,ARKW,S,200,53.33
1527608846337901582,ARKW,S,200,53.32
1527608847662187534,ARKW,S,200,53.33
1527608851931830680,ARKW,S,200,53.32
1527608850382168226,ARKW,S,200,53.32
1527608851299804707,ARKW,S,200,53.32
1527608848297076312,ARKW,S,200,53.32
1527608848667563241,ARKW,S,200,53.32
1527608854795081258,ARKW,S,200,53.32
1527608855537242215,ARKW,S,200,53.32
1527608852689703033,ARKW,S,200,53.32
1527608856218305012,ARKW,S,200,53.32
1527608855407430595,ARKW,S,200,53.32
1527608869869837886,ARKW,S,200,53.32
1527608883696796169,ARKW,S,500,53.31
1527608883809321484,ARKW,S,200,53.31
1527608885736210974,ARKW,B,104,53.21
1527608884241103908,ARKW,S,100,53.3
1527608882969312314,ARKW,S,500,53.3
1527608898488516942,ARKW,S,200,53.31
1527608895483167055,ARKW,S,200,53.3
1527608896913097039,ARKW,S,200,53.31
1527608895535530369,ARKW,S,200,53.3
1527608897222757128,ARKW,B,200,53.02
1527608895823366921,ARKW,B,200,53.02
1527608898269516502,ARKW,B,200,53.08
1527608896568660695,ARKW,B,200,53.08
1527608899466928125,ARKW,S,200,53.3
1527608904981760996,ARKW,S,500,53.29
1527608905312127973,ARKW,S,200,53.29
1527608907105848342,ARKW,B,200,53.17
1527608904122321943,ARKW,S,500,53.28
1527608905721007146,ARKW,B,200,53.18
1527608907850468566,ARKW,B,104,53.19
1527608904996905537,ARKW,S,200,53.28
1527608907137540963,ARKW,B,200,53.01
1527608905427837796,ARKW,B,200,53.01
1527608906226590647,ARKW,B,104,53.21
1527608904618992570,ARKW,B,200,53.12
1527608905914639290,ARKW,B,200,53.13
1527608914777936249,ARKW,B,500,53.22
1527608924700959014,ARKW,S,200,53.33
1527608923364942119,ARKW,S,200,53.33
1527608923644291237,ARKW,B,200,53.03
1527608922377611430,ARKW,B,200,53.03
1527608924676757430,ARKW,B,200,53.09
1527608922904467383,ARKW,B,200,53.09
1527608971154396172,ARKW,B,200,53.21
1527608968276251662,ARKW,B,200,53.15
1527608969120420878,ARKW,B,200,53.16
1527608969476543527,ARKW,B,104,53.22
1527608970495591473,ARKW,S,200,53.57
1527608969279767602,ARKW,S,200,53.57
1527608969089451100,ARKW,S,500,53.29
1527608968681620574,ARKW,S,200,53.33
1527608970464658526,ARKW,S,200,53.32
1527608972395546516,ARKW,S,200,53.34
1527608971739925768,ARKW,B,200,53.22
1527608977694549171,ARKW,S,200,53.57
1527608977033618612,ARKW,S,200,53.57
1527608978532623554,ARKW,B,200,53.22
1527608980335858915,ARKW,B,200,53.04
1527608978697589988,ARKW,B,200,53.04
1527608980871091526,ARKW,B,104,53.24
1527608977241642313,ARKW,B,200,0
1527608978337928521,ARKW,B,200,53.16
1527608985266168247,ARKW,S,500,53.3
1527608984452014523,ARKW,S,200,53.35
1527608981174559164,ARKW,S,200,53.34
1527608985164282402,ARKW,B,114,53.25
1527608992793374735,ARKW,S,200,53.36
1527608992566096138,ARKW,S,200,53.6
1527608990896435467,ARKW,S,200,53.6
1527608991979024749,ARKW,B,104,53.26
1527608991117619620,ARKW,S,500,53.34
1527608993318515110,ARKW,S,200,53.36
1527608993956704678,ARKW,S,200,53.35
1527608993340863029,ARKW,S,200,53.34
1527608991090946714,ARKW,S,200,53.34
1527608991855819082,ARKW,S,200,53.34
1527608990487634084,ARKW,S,200,53.34
1527608990029538423,ARKW,S,200,53.34
1527608991280825353,ARKW,S,200,53.37
1527608996997316133,ARKW,S,200,53.38
1527608998315513196,ARKW,B,200,53.21
1527608998904419692,ARKW,B,200,53.22
1527609000968148460,ARKW,B,200,53.2
1527609002413677600,ARKW,S,200,53.39
1527609011460118300,ARKW,S,200,53.63
1527609014587234076,ARKW,S,200,53.63
1527609015378777904,ARKW,S,500,53.35
1527609012941952818,ARKW,S,200,53.39
1527609013562775346,ARKW,S,200,53.38
1527609014365329217,ARKW,B,104,53.28
1527609016315999575,ARKW,S,200,53.4
1527609021578129189,ARKW,S,200,53.64
1527609023964032805,ARKW,S,200,53.64
1527609021612076905,ARKW,S,100,53.38
1527609022127452012,ARKW,S,200,53.4
1527609022277267308,ARKW,S,200,53.39
1527609020906385844,ARKW,S,500,53.39
1527609021776441892,ARKW,S,500,53.38
1527609020637950667,ARKW,S,500,53.37
1527609026639156375,ARKW,S,200,53.41
1527609052509213331,ARKW,S,200,53.39
1527609050267423380,ARKW,S,200,53.38
1527609051040879252,ARKW,S,200,53.39
1527609053850407572,ARKW,S,200,53.37
1527609051999174232,ARKW,S,100,53.36
1527609053374447216,ARKW,S,500,53.36
1527609095487196339,ARKW,B,104,53.27
1527609094171107044,ARKW,B,200,53.19
1527609096914902756,ARKW,B,200,53.19
1527609094006022473,ARKW,S,200,53.39
1527609095353377097,ARKW,S,200,53.38
1527609096335958345,ARKW,S,200,53.37
1527609096360599881,ARKW,S,200,53.39
1527609093063680330,ARKW,S,200,53.36
1527609099065668694,ARKW,S,200,53.36
1527609099346303898,ARKW,B,104,53.26
1527609106709121603,ARKW,B,200,53.18
1527609109286193731,ARKW,B,200,53.18
1527609122214173490,ARKW,S,200,53.36
1527609122120271270,ARKW,S,200,53.36
1527609123601850386,ARKW,S,200,53.36
1527609122868993631,ARKW,S,200,53.36
1527609124573259877,ARKW,S,200,53.36
1527609133640001884,ARKW,S,100,53.35
1527609134909303134,ARKW,S,200,53.35
1527609131770784106,ARKW,S,500,53.35
1527609132979071394,ARKW,S,100,53.34
1527609134665640381,ARKW,S,500,53.34
1527609133134137352,ARKW,B,200,53.25
1527609140253977643,ARKW,B,200,53.25
1527609142159284049,ARKW,S,200,53.35
1527609143548319569,ARKW,S,200,53.34
1527609141122635602,ARKW,S,200,53.35
1527609142364413031,ARKW,B,200,53.17
1527609140994645096,ARKW,B,200,53.17
1527609150179285452,ARKW,S,200,53.34
1527609154053750198,ARKW,B,200,53.07
1527609156275420598,ARKW,B,200,53.07
1527609157188291518,ARKW,S,200,53.34
1527609157326646629,ARKW,B,200,53.13
1527609160485219685,ARKW,B,200,53.13
1527609198724511812,ARKW,S,200,53.39
1527609197400815685,ARKW,S,200,53.39
1527609208290769503,ARKW,S,200,53.63
1527609206668163680,ARKW,S,200,53.63
1527609206983326420,ARKW,S,200,53.5
1527609204989459157,ARKW,S,200,53.5
1527609207855086404,ARKW,B,104,53.29
1527609207198546758,ARKW,B,200,53.21
1527609204523563847,ARKW,B,200,53.22
1527609206362569599,ARKW,B,200,53.2
1527609204930673879,ARKW,S,500,53.35
1527609214077489803,ARKW,B,200,0
1527609216516149899,ARKW,B,200,53.11
1527609218266022575,ARKW,S,200,53.64
1527609220569416367,ARKW,S,200,53.64
1527609219003695903,ARKW,S,100,53.38
1527609220718838747,ARKW,S,500,53.39
1527609218730607580,ARKW,S,200,53.39
1527609218573911103,ARKW,S,500,53.38
1527609217446241278,ARKW,S,200,53.4
1527609227331841727,ARKW,B,200,53.17
1527609229820374719,ARKW,B,200,53.17
1527609227376411740,ARKW,S,200,53.41
1527609231266365619,ARKW,S,200,53.39
1527609233291100339,ARKW,S,200,53.38
1527609233901443945,ARKW,S,200,53.38
1527609234514713922,ARKW,S,200,53.38
1527609235083184111,ARKW,S,200,53.38
1527609240168190322,ARKW,B,104,53.31
1527609245882080317,ARKW,B,200,53.24
1527609246255635517,ARKW,B,200,53.23
1527609246808708695,ARKW,B,200,53.22
1527609249375506200,ARKW,B,200,53.11
1527609247507992345,ARKW,B,200,53.11
1527609254813319752,ARKW,S,200,53.39
1527609252510974537,ARKW,S,200,53.38
1527609252334027338,ARKW,S,200,53.39
1527609253838553114,ARKW,S,200,53.38
1527609253936800090,ARKW,S,200,53.38
1527609271916786320,ARKW,B,200,53.09
1527609271972426385,ARKW,B,200,53.09
1527609269563191955,ARKW,B,200,53.11
1527609270559994515,ARKW,B,200,53.12
1527609269942583089,ARKW,S,500,53.37
1527609269022654258,ARKW,S,200,53.61
1527609272158224178,ARKW,S,200,53.61
1527609272429215538,ARKW,S,200,53.38
1527609269199274878,ARKW,B,200,53.08
1527609271336338302,ARKW,B,200,53.08
1527609269877802769,ARKW,B,104,53.26
1527609272589223698,ARKW,B,200,53.18
1527609268957415187,ARKW,B,200,53.19
1527609270167406379,ARKW,S,500,53.35
1527609271002662728,ARKW,S,200,53.36
1527609272010213192,ARKW,S,200,53.35
1527609269119944521,ARKW,S,200,53.36
1527609269674575698,ARKW,B,200,53.25
1527609272486004562,ARKW,B,200,53.25
1527609272405395305,ARKW,S,500,53.34
1527609274413519448,ARKW,B,200,53.07
1527609276656816728,ARKW,B,200,53.07
1527609276904485818,ARKW,S,200,53.34
1527609276138768695,ARKW,S,200,53.34
1527609277862066390,ARKW,B,200,53.13
1527609280488683734,ARKW,B,200,53.13
1527609282638278372,ARKW,B,200,53.25
1527609285892600235,ARKW,B,200,53.19
1527609281870393772,ARKW,B,200,53.2
1527609282517912700,ARKW,B,200,53.18
1527609285248601212,ARKW,B,200,53.18
1527609290758124001,ARKW,B,200,53.25
1527609290879437544,ARKW,B,200,53.07
1527609293056871144,ARKW,B,200,53.07
1527609293841271545,ARKW,S,100,53.33
1527609294271974158,ARKW,S,500,53.33
1527609294614146036,ARKW,B,200,0
1527609292649376757,ARKW,B,200,53.13
1527609350902113427,ARKW,S,200,53.36
1527609352381719699,ARKW,S,200,53.35
1527609353527420051,ARKW,S,200,53.34
1527609353767937171,ARKW,S,200,53.36
1527609350501819540,ARKW,S,200,53.33
1527609357209487584,ARKW,S,200,53.33
1527609361821949775,ARKW,S,200,53.33
1527609360833691255,ARKW,S,200,53.33
1527609379900127289,ARKW,S,200,53.33
1527609402202629902,ARKW,S,200,53.33
1527609416762142078,ARKW,S,500,53.32
1527609416323444095,ARKW,S,200,53.32
1527609418659678358,ARKW,B,104,53.22
1527609418330884812,ARKW,B,200,53.21
1527609415111887565,ARKW,S,500,53.31
1527609416562199245,ARKW,B,200,53.21
1527609417869708491,ARKW,S,200,53.31
1527609415416173501,ARKW,B,200,53.03
1527609418268169149,ARKW,B,200,53.03
1527609418952889385,ARKW,S,100,53.3
1527609417914864706,ARKW,S,500,53.3
1527609418404029875,ARKW,B,200,53.09
1527609416734041524,ARKW,B,200,53.09
1527609419791829172,ARKW,S,200,53.31
1527609421829081268,ARKW,S,200,53.3
1527609422392363188,ARKW,S,200,53.31
1527609420175480727,ARKW,S,200,53.3
1527609422014955581,ARKW,S,200,53.3
1527609448591579944,ARKW,S,200,53.31
1527609445621226281,ARKW,S,200,53.3
1527609447036672809,ARKW,S,200,53.31
1527609452539355500,ARKW,S,200,53.3
1527609472171923157,ARKW,S,200,53.31
1527609474047563477,ARKW,S,200,53.3
1527609474964412117,ARKW,S,200,53.31
1527609473149984245,ARKW,S,200,53.3
1527609473836082306,ARKW,S,200,53.3
1527609521330221890,ARKW,S,200,53.35
1527609519585981251,ARKW,S,200,53.35
1527609543430040516,ARKW,S,200,53.59
1527609541668236229,ARKW,S,200,53.59
1527609540195445721,ARKW,S,500,53.31
1527609543675997148,ARKW,S,200,53.35
1527609540195642333,ARKW,S,200,53.34
1527609549719872754,ARKW,S,200,53.36
1527609566087928364,ARKW,S,200,53.6
1527609569132010028,ARKW,S,200,53.6
1527609565947025985,ARKW,S,500,53.32
1527609568675027523,ARKW,S,200,53.36
1527609569403787843,ARKW,S,200,53.35
1527609588400815701,ARKW,B,104,53.25
1527609589430058584,ARKW,B,200,53.17
1527609589760556632,ARKW,B,200,53.18
1527609587047825750,ARKW,B,200,53.16
1527609601511822800,ARKW,B,200,53.07
1527609600730633681,ARKW,B,200,53.07
1527609612311118098,ARKW,S,200,53.34
1527609609381331219,ARKW,S,200,53.33
1527609610411098387,ARKW,S,200,53.32
1527609610722722067,ARKW,S,200,53.34
1527609613752597981,ARKW,B,200,53.04
1527609616241982941,ARKW,B,200,0
1527609622450968499,ARKW,S,500,53.31
1527609623078803402,ARKW,B,104,53.22
1527609624370321357,ARKW,B,200,53.15
1527609625179756493,ARKW,B,200,53.16
1527609621948701132,ARKW,S,200,53.31
1527609624696306868,ARKW,B,200,53.14
1527609624555275749,ARKW,S,200,53.31
1527609628077931149,ARKW,S,200,53.31
1527609625931253955,ARKW,S,200,53.31
1527609628633973868,ARKW,S,200,53.31
1527609625787420325,ARKW,S,200,53.31
1527609626450258716,ARKW,S,200,53.31
1527609628111344459,ARKW,S,170,53.3
1527609626916819811,ARKW,S,500,53.3
1527609627099992956,ARKW,B,200,53.16
1527609627963298686,ARKW,B,200,53.04
1527609626517574527,ARKW,B,200,53.04
1527609630508593302,ARKW,B,104,53.24
1527609632954658967,ARKW,B,200,53.15
1527609633456795799,ARKW,B,200,53.16
1527609641418243644,ARKW,B,200,53.14
1527609638455906746,ARKW,B,200,53.03
1527609640671809978,ARKW,B,200,53.03
1527609638374777256,ARKW,B,200,53.09
1527609640848564648,ARKW,B,200,53.09
1527609655809191697,ARKW,S,200,53.32
1527609657251114769,ARKW,S,200,53.31
1527609658298838801,ARKW,S,200,53.3
1527609658678554385,ARKW,S,200,53.32
1527609657358856000,ARKW,S,200,53.3
1527609658592899033,ARKW,S,200,53.3
1527609656165006144,ARKW,S,200,53.3
1527609662615862538,ARKW,S,200,53.3
1527609667581127898,ARKW,S,200,53.3
1527609667442099458,ARKW,S,200,53.3
1527609697794349358,ARKW,S,500,53.29
1527609695679961392,ARKW,S,200,53.29
1527609697069783367,ARKW,S,500,53.28
1527609695995255114,ARKW,S,200,53.28
1527609694861678963,ARKW,B,200,53.17
1527609694307244415,ARKW,S,100,53.26
1527609696231905673,ARKW,S,100,53.26
1527609697182374294,ARKW,B,200,53.18
1527609697193908631,ARKW,B,200,53
1527609698220988823,ARKW,B,200,53.11
1527609695563504024,ARKW,B,200,53
1527609696302422424,ARKW,S,500,53.26
1527609694561261981,ARKW,B,104,53.18
1527609695236591114,ARKW,B,200,53
1527609697782271498,ARKW,B,200,53
1527609696887311941,ARKW,B,104,53.2
1527609694409789001,ARKW,B,200,0
1527609694890036809,ARKW,B,200,53.12
1527609708068720502,ARKW,B,200,53
1527609710330367862,ARKW,B,200,53
1527609707870017206,ARKW,B,200,53.06
1527609710217320118,ARKW,B,200,0
1527609841119456908,ARKW,S,500,53.25
1527609841566740109,ARKW,S,200,53.52
1527609843910110861,ARKW,S,200,53.52
1527609844317810317,ARKW,S,200,53.28
1527609852634191746,ARKW,S,200,53.29
1527609850842240899,ARKW,S,200,53.29
1527609858594793617,ARKW,S,100,53.24
1527609857489529004,ARKW,S,500,53.24
1527609924719461259,ARKW,S,200,53.3
1527609923001369484,ARKW,S,200,53.3
1527609922995668943,ARKW,S,200,53.53
1527609925335238607,ARKW,S,200,53.53
1527609925871585248,ARKW,B,104,53.2
1527609921742030820,ARKW,S,500,53.25
1527609922217035748,ARKW,B,200,53.12
1527609922714585060,ARKW,B,200,53.13
1527609922277263334,ARKW,S,200,53.29
1527609922532394982,ARKW,S,200,53.28
1527609925265708650,ARKW,B,200,53.11
1527609924363281501,ARKW,B,200,53
1527609921961780318,ARKW,B,200,53.1
1527609922575590494,ARKW,B,200,53
1527609925789738081,ARKW,B,200,53
1527609925210337436,ARKW,S,200,53.3
1527609923031334004,ARKW,B,200,53.06
1527609925300714612,ARKW,B,200,53.06
1527609936454968040,ARKW,B,104,53.18
1527609938699444969,ARKW,B,200,0
1527609935024775914,ARKW,B,200,53.13
1527609935313028646,ARKW,S,200,53.54
1527609937810015782,ARKW,S,200,53.54
1527609938479203905,ARKW,S,500,53.26
1527609935282423363,ARKW,S,200,53.3
1527609935955478083,ARKW,S,200,53.29
1527609947944355830,ARKW,S,200,53.31
1527609950836000758,ARKW,S,200,53.31
1527609953654312861,ARKW,B,200,53.02
1527609952932171678,ARKW,B,200,53.02
1527609954949506344,ARKW,S,200,53.55
1527609952135652649,ARKW,S,200,53.32
1527609953337517353,ARKW,S,200,53.55
1527609953574692137,ARKW,S,200,53.55
1527609953447159102,ARKW,S,500,53.27
1527609951813215552,ARKW,S,200,53.31
1527609952531293504,ARKW,S,200,53.3
1527609960141551975,ARKW,B,200,53.08
1527609960292415848,ARKW,B,200,53.08
1527609958825392666,ARKW,S,200,0
1527609959842584426,ARKW,S,200,53.55
1527609958703568747,ARKW,S,200,53.55
1527609956822359745,ARKW,S,500,53.27
1527609959429119685,ARKW,S,200,53.32
1527609959675338437,ARKW,S,200,53.31
1527609956796604102,ARKW,B,104,53.24
1527609959542365896,ARKW,B,200,53.14
1527609956235484873,ARKW,B,200,53.15
1527609958912565046,ARKW,B,200,53.03
1527609956788281143,ARKW,B,200,53.03
1527609963610034659,ARKW,S,200,53.56
1527609961553711588,ARKW,S,200,53.56
1527609961183433196,ARKW,B,104,53.23
1527609961337704942,ARKW,B,200,53.14
1527609961692189166,ARKW,B,200,53.15
1527609963983000055,ARKW,S,500,53.28
1527609964079403513,ARKW,S,200,53.32
1527609964337877497,ARKW,S,200,53.31
1527609968947469790,ARKW,S,200,53.33
1527609976251095626,ARKW,S,200,53.34
1527609974957283915,ARKW,S,200,53.34
1527609980193117575,ARKW,B,200,53.04
1527609978501830024,ARKW,B,200,53.04
1527610007194985918,ARKW,B,200,53.01
1527610005454677439,ARKW,B,200,53.01
1527610003450789512,ARKW,S,200,53.29
1527610005945286280,ARKW,S,200,53.29
1527610005070520236,ARKW,S,200,53.3
1527610007121021253,ARKW,S,200,53.28
1527610011506043732,ARKW,S,500,53.27
1527610011285125444,ARKW,S,200,53.27
1527610015146062662,ARKW,S,100,53.26
1527610013176836955,ARKW,S,500,53.26
1527610017683337098,ARKW,S,500,53.25
1527610016957069920,ARKW,B,200,52.99
1527610019905337952,ARKW,B,200,52.99
1527610026140651259,ARKW,B,104,53.19
1527610025345830654,ARKW,B,200,53.1
1527610025701035774,ARKW,B,200,53.11
1527610029717583041,ARKW,B,200,53.09
1527610033828199660,ARKW,B,200,0
1527610033888623854,ARKW,B,200,52.99
1527610036364770542,ARKW,B,200,52.99
1527610033452940597,ARKW,S,100,53.24
1527610036041153865,ARKW,S,500,53.24
1527610040198906860,ARKW,B,200,53.05
1527610038386443245,ARKW,B,200,53.05
1527610073724049996,ARKW,B,104,53.15
1527610084875105197,ARKW,B,200,53
1527610082820617134,ARKW,B,200,53
1527610101976615636,ARKW,S,200,53.53
1527610100546816725,ARKW,S,200,53.53
1527610101100923605,ARKW,S,200,53.31
1527610099005016790,ARKW,S,200,53.53
1527610097833036522,ARKW,S,500,53.25
1527610101159578349,ARKW,S,200,53.29
1527610101887748845,ARKW,S,200,53.28
1527610098046050632,ARKW,B,200,53.06
1527610100468719944,ARKW,B,200,53.06
1527610104692704834,ARKW,S,200,53.3
1527610114540598941,ARKW,S,200,53.54
1527610112746616478,ARKW,S,200,53.54
1527610113091925706,ARKW,S,500,53.29
1527610113094612687,ARKW,S,200,53.3
1527610111482754768,ARKW,S,200,53.3
1527610117127123051,ARKW,S,500,53.28
1527610115950096495,ARKW,S,200,53.28
1527610117031772404,ARKW,B,104,53.18
1527610118863503606,ARKW,B,200,53.12
1527610115100098807,ARKW,B,200,53.13
1527610119848999988,ARKW,S,200,0
1527610122837179471,ARKW,B,200,53.11
1527610121959984593,ARKW,S,100,53.27
1527610122803564010,ARKW,S,500,53.27
1527610123456738723,ARKW,S,200,53.27
1527610120228835041,ARKW,B,200,53.1
1527610125855713186,ARKW,S,200,53.27
1527610127610835794,ARKW,S,500,53.26
1527610123808568147,ARKW,B,200,52.99
1527610126317941587,ARKW,B,200,52.99
1527610124282786654,ARKW,S,170,53.25
1527610126697984874,ARKW,B,200,53.17
1527610124021363565,ARKW,B,200,53.1
1527610124847641453,ARKW,B,200,53.11
1527610125656028031,ARKW,S,500,53.25
1527610127301014662,ARKW,B,200,52.99
1527610124380664967,ARKW,B,200,53.09
1527610125420917895,ARKW,B,200,52.99
1527610127820190855,ARKW,B,200,52.99
1527610129946517634,ARKW,B,200,53.05
1527610128160202883,ARKW,B,200,53.05
1527610132302115005,ARKW,B,200,53.17
1527610135473533121,ARKW,B,200,53.11
1527610132862906562,ARKW,B,200,53.12
1527610141294317497,ARKW,B,200,53
1527610144160403385,ARKW,B,200,53
1527610147445808478,ARKW,B,200,53.06
1527610145480908127,ARKW,B,200,53.06
1527610151332538915,ARKW,B,200,53.18
1527610152815094309,ARKW,B,200,53.12
1527610153594120741,ARKW,B,200,53.13
1527610152358770771,ARKW,B,200,53.01
1527610151554775124,ARKW,B,200,53.01
1527610162567734132,ARKW,B,200,53.07
1527610166276023156,ARKW,B,200,53.07
1527610166311478447,ARKW,S,200,53.54
1527610164745495728,ARKW,S,200,53.54
1527610162319353218,ARKW,B,104,53.19
1527610163444672375,ARKW,S,500,53.29
1527610165763598200,ARKW,S,200,53.3
1527610163736700793,ARKW,S,200,53.3
1527610162761464752,ARKW,B,200,53.13
1527610163699612592,ARKW,B,200,53.14
1527610164615478205,ARKW,B,200,53.12
1527610165115863334,ARKW,S,200,53.31
1527610166501425450,ARKW,S,200,53.29
1527610163432915223,ARKW,S,100,53.28
1527610165922890029,ARKW,S,500,53.28
1527610170553552750,ARKW,B,200,53.01
1527610169204297583,ARKW,B,200,53.01
1527610173698459811,ARKW,B,200,53.07
1527610171668940964,ARKW,B,200,53.07
1527610186504307977,ARKW,S,200,0
1527610184975419172,ARKW,S,200,53.28
1527610198052588415,ARKW,S,200,53.28
1527610199465420752,ARKW,S,200,53.28
1527610196743186896,ARKW,S,200,53.28
1527610196867312106,ARKW,S,200,53.28
1527610201785218296,ARKW,S,200,53.32
1527610204479010040,ARKW,S,200,53.32
1527610230531427615,ARKW,B,104,53.2
1527610230941289761,ARKW,B,200,53.13
1527610228832472354,ARKW,B,200,53.14
1527610270512509417,ARKW,B,200,53.2
1527610279425074132,ARKW,B,200,53.04
1527610282223461332,ARKW,B,200,53.04
1527610279545463831,ARKW,B,104,53.22
1527610282298696730,ARKW,B,200,53.15
1527610278248637467,ARKW,B,200,53.16
1527610280134108697,ARKW,B,200,53.14
1527610279308630631,ARKW,S,200,53.33
1527610281911851623,ARKW,S,200,53.33
1527610292806051873,ARKW,B,200,53.04
1527610291419113506,ARKW,B,200,53.04
1527610311683046983,ARKW,B,200,53.03
1527610310312164936,ARKW,B,200,53.03
1527610309124524365,ARKW,B,200,53.09
1527610311326533965,ARKW,B,200,53.09
1527610320196357502,ARKW,S,200,53.57
1527610317952208255,ARKW,S,200,53.34
1527610318493535615,ARKW,S,200,53.57
1527610319267908991,ARKW,S,200,53.57
1527610320149040614,ARKW,S,500,53.32
1527610317366644201,ARKW,S,200,53.33
1527610319880867305,ARKW,S,200,53.33
1527610319903907015,ARKW,S,100,53.31
1527610320083016932,ARKW,S,500,53.31
1527610325101737179,ARKW,S,200,53.31
1527610325761532236,ARKW,S,200,53.31
1527610328824928757,ARKW,S,200,53.31
1527610326029228679,ARKW,S,200,53.31
1527610327478099750,ARKW,S,200,53.31
1527610330919658479,ARKW,S,200,53.31
1527610333749634328,ARKW,S,200,53.31
1527610333687255887,ARKW,S,200,53.31
1527610336336416636,ARKW,S,200,53.31
1527610348166132583,ARKW,S,200,53.31
1527610347500549094,ARKW,S,200,53.31
1527610350784790374,ARKW,B,104,53.21
1527610349100056427,ARKW,B,200,53.15
1527610350017953643,ARKW,B,200,53.16
1527610353355111114,ARKW,S,200,53.31
1527610356698524648,ARKW,S,200,53.31
1527610358512310360,ARKW,B,200,53.14
1527610357878748794,ARKW,S,200,53.31
1527610358788988407,ARKW,S,200,53.31
1527610364068573959,ARKW,B,200,53.03
1527610362761065224,ARKW,B,200,53.03
1527610360001829974,ARKW,B,200,53.09
1527610363146640470,ARKW,B,200,53.09
1527610361640299501,ARKW,S,200,53.31
1527610363798290062,ARKW,S,200,53.31
1527610367067077321,ARKW,S,200,53.31
1527610367116625376,ARKW,S,200,53.31
1527610372079582731,ARKW,S,200,53.31
1527610370677068305,ARKW,S,200,53.31
1527610374206698102,ARKW,S,200,53.31
1527610376672898993,ARKW,S,200,53.31
1527610379753859019,ARKW,S,200,53.34
1527610378424002508,ARKW,S,200,53.34
1527610383066675006,ARKW,S,200,53.35
1527610388038236738,ARKW,S,200,53.36
1527610399814130014,ARKW,S,200,53.37
1527610398841575796,ARKW,S,200,53.37
1527610401918230453,ARKW,S,200,53.61
1527610400288415670,ARKW,S,200,53.61
1527610405762048211,ARKW,B,104,53.27
1527610406232924377,ARKW,B,200,53.19
1527610406639509721,ARKW,B,200,53.2
1527610406311702921,ARKW,S,500,0
1527610402934567309,ARKW,S,200,53.37
1527610403694129549,ARKW,S,200,53.36
1527610404351703055,ARKW,B,200,53.18
1527610410428095099,ARKW,S,200,53.38
1527610408805096060,ARKW,S,200,53.38
1527610421382662910,ARKW,B,200,53.2
1527610420643547905,ARKW,B,200,53.09
1527610422950480641,ARKW,B,200,53.09
1527610437763189847,ARKW,B,200,53.07
1527610441400175704,ARKW,B,200,53.07
1527610444567576331,ARKW,S,200,53.36
1527610445584039691,ARKW,S,200,53.35
1527610442888347404,ARKW,S,200,53.36
1527610443803885324,ARKW,S,200,53.34
1527610442324541354,ARKW,S,200,53.34
1527610441433710532,ARKW,S,200,0
1527610445105168335,ARKW,S,200,53.34
1527610443823030857,ARKW,S,200,53.34
1527610445632498733,ARKW,B,104,53.25
1527610442290031666,ARKW,B,200,53.17
1527610443021806642,ARKW,B,200,53.18
1527610446746414075,ARKW,S,200,53.34
1527610455108112576,ARKW,B,200,53.07
1527610456697491648,ARKW,B,200,53.16
1527610454473724097,ARKW,B,200,53.07
1527610454552891587,ARKW,B,200,53.07
1527610458047274637,ARKW,B,200,53.13
1527610456741273231,ARKW,B,200,53.13
1527610461323048927,ARKW,S,100,53.33
1527610459859171323,ARKW,S,500,53.33
1527610496012326703,ARKW,B,104,53.25
1527610493173831474,ARKW,B,200,53.19
1527610494342600498,ARKW,B,200,53.2
1527610498288208837,ARKW,B,200,53.18
1527610502421233956,ARKW,B,200,53.07
1527610504046133540,ARKW,B,200,53.17
1527610504884404516,ARKW,B,200,53.07
1527610505232597286,ARKW,B,200,53.07
1527610505427829270,ARKW,B,200,53.13
1527610503357219351,ARKW,B,200,53.13
1527610511333060754,ARKW,S,170,53.32
1527610512498290854,ARKW,B,200,53.24
1527610514169524405,ARKW,S,500,53.32
1527610512557019133,ARKW,B,200,53.19
1527610513157984253,ARKW,B,200,53.2
1527610518086888492,ARKW,B,200,53.18
1527610517466824795,ARKW,B,200,53.07
1527610516232257628,ARKW,B,200,53.07
1527610522161689501,ARKW,B,200,53.13
1527610520774882206,ARKW,B,200,53.13
1527610535503696289,ARKW,S,100,53.31
1527610545066125495,ARKW,S,200,53.6
1527610548362324151,ARKW,S,200,53.6
1527610546176698565,ARKW,S,500,53.32
1527610547681208519,ARKW,S,200,53.36
1527610548271753415,ARKW,S,200,53.35
1527610552284554551,ARKW,S,200,53.37
1527610570295405925,ARKW,S,200,0
1527610572855242085,ARKW,S,200,53.61
1527610573277621626,ARKW,S,500,53.33
1527610573845556604,ARKW,S,200,53.37
1527610570281512317,ARKW,S,200,53.36
1527610579025538954,ARKW,S,200,53.38
1527610615043746899,ARKW,S,200,53.62
1527610613581179988,ARKW,S,200,53.62
1527610616290241639,ARKW,S,500,53.34
1527610615470124142,ARKW,S,200,53.38
1527610615946439790,ARKW,S,200,53.37
1527610617342063862,ARKW,S,100,53.33
1527610616314328329,ARKW,S,500,53.33
1527610618889085165,ARKW,S,200,53.39
1527610620872401335,ARKW,S,200,53.63
1527610618835607992,ARKW,S,200,53.63
1527610618700014382,ARKW,B,104,0
1527610618178478898,ARKW,B,200,53.21
1527610618514547506,ARKW,B,200,53.22
1527610619818255589,ARKW,S,500,53.34
1527610618287465703,ARKW,S,200,53.39
1527610618977166567,ARKW,S,200,53.38
1527610619527017875,ARKW,B,200,53.1
1527610618225014164,ARKW,B,200,53.1
1527610628587328909,ARKW,B,104,53.26
1527610627355252113,ARKW,B,200,53.19
1527610627984397713,ARKW,B,200,53.2
1527610633615769272,ARKW,B,200,53.18
1527610638564022099,ARKW,B,200,53.07
1527610637278795604,ARKW,B,200,53.07
1527610637341710164,ARKW,B,200,53.17
1527610638672746325,ARKW,B,200,53.07
1527610638422202321,ARKW,B,104,53.25
1527610634966226901,ARKW,B,200,53.19
1527610635523741653,ARKW,B,200,53.18
1527610642144178256,ARKW,S,200,53.37
1527610640283152465,ARKW,S,200,53.36
1527610640776179793,ARKW,S,200,53.37
1527610641306366033,ARKW,S,200,53.35
1527610642295173201,ARKW,S,200,53.34
1527610645600740638,ARKW,B,200,0
1527610643924919597,ARKW,S,200,53.35
1527610645247239469,ARKW,S,200,53.34
1527610643912336687,ARKW,S,200,53.35
1527610643732327220,ARKW,S,200,53.34
1527610651682223911,ARKW,B,200,53.07
1527610650279753512,ARKW,B,200,53.07
1527610648290408406,ARKW,B,104,53.24
1527610651598272471,ARKW,B,200,53.18
1527610647995103192,ARKW,B,200,53.19
1527610653177626403,ARKW,S,200,53.34
1527610655292957145,ARKW,B,200,53.17
1527610654627254723,ARKW,S,200,53.34
1527610658955887501,ARKW,S,200,53.34
1527610659168711684,ARKW,B,200,53.07
1527610658178659333,ARKW,B,200,53.07
1527610661804539516,ARKW,B,104,53.28
1527610664007663229,ARKW,B,200,53.17
1527610664215477885,ARKW,B,200,53.18
1527610664200214484,ARKW,S,200,53.35
1527610661299066837,ARKW,S,200,53.34
1527610663191222229,ARKW,S,200,53.35
1527610670464398513,ARKW,B,200,53.16
1527610676420367248,ARKW,S,100,53.32
1527610676786975701,ARKW,B,200,53.05
1527610675069670358,ARKW,B,200,53.05
1527610677306938332,ARKW,S,100,53.32
1527610676254823419,ARKW,S,500,53.33
1527610674207216636,ARKW,S,200,53.33
1527610676693652507,ARKW,S,500,53.32
1527610679025673199,ARKW,B,200,53.11
1527610677956322288,ARKW,B,200,53.11
1527610681035836551,ARKW,B,104,53.24
1527610681673960587,ARKW,B,200,53.17
1527610677821885580,ARKW,B,200,53.18
1527610683472612282,ARKW,B,200,53.16
1527610685063041843,ARKW,B,200,53.15
1527610690005511021,ARKW,S,200,53.33
1527610687164394350,ARKW,S,200,53.32
1527610688370584430,ARKW,S,200,53.33
1527610686786024991,ARKW,S,200,53.32
1527610686973262731,ARKW,S,200,53.32
1527610690030135512,ARKW,S,200,53.32
1527610693596057709,ARKW,B,200,53.05
1527610691899330670,ARKW,B,200,53.05
1527610692406002266,ARKW,S,200,53.32
1527610693368398436,ARKW,S,200,53.32
1527610690689745526,ARKW,S,200,53.32
1527610692017047703,ARKW,S,200,53.32
1527610692547436828,ARKW,B,104,53.22
1527610691857998112,ARKW,B,200,53.16
1527610692574372128,ARKW,B,200,53.17
1527610696295326910,ARKW,S,200,53.32
1527610695038281044,ARKW,B,200,53.15
1527610698824925098,ARKW,S,200,53.32
1527610698616999761,ARKW,S,200,53.32
1527610699622269023,ARKW,S,100,53.31
1527610701991985267,ARKW,S,500,53.31
1527610699907958223,ARKW,B,200,53.04
1527610702283179471,ARKW,B,200,53.04
1527610701333853747,ARKW,B,200,53.1
1527610699466405428,ARKW,B,200,53.1
1527610709211226614,ARKW,S,200,53.32
1527610710293029366,ARKW,S,200,53.31
1527610707961651703,ARKW,S,200,53.32
1527610716191411803,ARKW,S,200,53.31
1527610718136083607,ARKW,B,104,53.21
1527610723230007826,ARKW,S,500,53.3
1527610721433600532,ARKW,S,200,53.3
1527610722138768173,ARKW,B,200,53.02
1527610724581425965,ARKW,B,200,53.02
1527610725257199582,ARKW,B,200,53.08
1527610727982383070,ARKW,B,200,53.08
1527610742124202741,ARKW,S,200,53.31
1527610743492266741,ARKW,S,200,53.3
1527610745076075253,ARKW,S,200,53.31
1527610744042712499,ARKW,S,200,53.3
1527610743523017848,ARKW,S,200,53.3
1527610754502489655,ARKW,S,100,53.29
1527610752170391116,ARKW,S,500,53.29
1527610751967367838,ARKW,S,200,53.29
1527610757391602124,ARKW,S,200,53.29
1527610759034467288,ARKW,S,200,53.29
1527610758695254058,ARKW,S,200,53.29
1527610757600999660,ARKW,S,200,53.29
1527610758190572735,ARKW,S,200,53.29
1527610768269244845,ARKW,B,104,53.2
1527610774489541948,ARKW,B,200,53.14
1527610775367068988,ARKW,B,200,53.15
1527610772679125920,ARKW,B,200,53.13
1527610783288694300,ARKW,B,200,53.15
1527610781485209120,ARKW,B,200,53.04
1527610784737302048,ARKW,B,200,53.04
1527610783279001124,ARKW,B,200,53.1
1527610781460573733,ARKW,B,200,53.1
1527610806564295861,ARKW,S,200,53.34
1527610809508697269,ARKW,S,200,53.34
1527610813091376162,ARKW,S,200,53.58
1527610814529760290,ARKW,S,200,53.35
1527610811232447523,ARKW,S,200,53.58
1527610812671552547,ARKW,S,200,53.58
1527610812115479604,ARKW,S,500,53.3
1527610813800213559,ARKW,S,200,53.34
1527610814797802551,ARKW,S,200,53.33
1527610812476858493,ARKW,S,200,53.35
1527610823204284689,ARKW,S,200,53.36
1527610822480059424,ARKW,S,200,53.59
1527610820953922593,ARKW,S,200,53.59
1527610821868739617,ARKW,S,200,53.37
1527610822942415905,ARKW,S,200,53.59
1527610821524413600,ARKW,B,104,53.24
1527610823069359265,ARKW,B,200,53.17
1527610823326784673,ARKW,B,200,53.18
1527610820042318316,ARKW,S,1100,53.32
1527610821267317229,ARKW,S,200,53.36
1527610821679669741,ARKW,S,200,53.35
1527610826326349386,ARKW,S,200,0
1527610828729603490,ARKW,B,200,53.08
1527610831488341410,ARKW,B,200,53.08
1527610828922298272,ARKW,S,200,53.38
1527610831731957664,ARKW,S,200,53.38
1527610834966503472,ARKW,B,200,53.14
1527610833157251121,ARKW,B,200,53.14
1527610832639133811,ARKW,S,200,53.62
1527610834874632307,ARKW,S,200,53.62
1527610835571345523,ARKW,S,200,53.39
1527610833396861044,ARKW,S,200,53.62
1527610836391200902,ARKW,B,100,53.27
1527610835033032840,ARKW,B,200,53.2
1527610836082854024,ARKW,B,200,53.21
1527610836096157837,ARKW,B,200,53.09
1527610832638085294,ARKW,S,900,53.35
1527610832598960306,ARKW,S,200,53.38
1527610833600809138,ARKW,S,200,53.37
1527610835376244928,ARKW,S,100,53.34
1527610835704776914,ARKW,S,900,53.34
1527610832593668568,ARKW,B,200,53.15
1527610835113069016,ARKW,B,200,53.15
1527610833177077443,ARKW,S,200,53.39
1527610876962897831,ARKW,S,200,53.63
1527610879424167847,ARKW,S,200,53.63
1527610879222644675,ARKW,S,900,53.35
1527610877320396745,ARKW,S,200,53.4
1527610877627563977,ARKW,S,200,53.39
1527610876250599284,ARKW,S,200,53.41
1527610877098440038,ARKW,S,200,53.65
1527610879423788390,ARKW,S,200,53.65
1527610875752133991,ARKW,S,200,53.42
1527610876630250857,ARKW,S,200,53.65
1527610878104614249,ARKW,S,200,53.43
1527610877594940789,ARKW,S,200,53.65
1527610876754769276,ARKW,S,1100,53.36
1527610877134222721,ARKW,S,200,53.41
1527610877536351617,ARKW,S,200,53.4
1527610891804799731,ARKW,S,100,53.35
1527610891641090820,ARKW,S,900,53.35
1527610927722476382,ARKW,B,104,53.26
1527610938505115449,ARKW,S,200,53.36
1527610935443339074,ARKW,S,200,53.36
1527610939291285435,ARKW,B,200,53.07
1527610937816594364,ARKW,B,200,53.07
1527610939086617200,ARKW,S,1000,53.34
1527610937074335991,ARKW,S,200,53.34
1527610935380507424,ARKW,S,100,53.33
1527610939387247413,ARKW,S,1000,53.33
1527610938691396783,ARKW,S,200,53.34
1527610935701382320,ARKW,S,200,53.33
1527610936936932528,ARKW,S,200,53.34
1527610936136153249,ARKW,S,200,53.33
1527610939041695833,ARKW,S,200,53.33
1527610936676050017,ARKW,S,200,53.33
1527610938736511236,ARKW,S,200,53.33
1527610954808748038,ARKW,B,200,53.05
1527610953437800455,ARKW,B,200,53.05
1527610956345711758,ARKW,S,200,53.33
1527610958379229177,ARKW,B,200,53.11
1527610960908656633,ARKW,B,200,53.11
1527610961939669098,ARKW,S,200,53.33
1527610979522423250,ARKW,S,1000,0
1527610979127044563,ARKW,S,200,53.57
1527610981385742803,ARKW,S,200,53.57
1527610981577370067,ARKW,S,200,53.33
1527610995384372639,ARKW,S,200,53.34
1527610994221239712,ARKW,S,200,53.34
1527610996243641966,ARKW,S,200,53.32
1527610996671082803,ARKW,S,200,53.35
1527610996727140415,ARKW,B,104,53.24
1527610998637908033,ARKW,B,200,53.17
1527610999290581057,ARKW,B,200,53.18
1527611000581923061,ARKW,S,200,53.36
1527611003416879349,ARKW,S,200,53.36
1527611001429213156,ARKW,S,200,53.37
1527611006072945812,ARKW,S,200,53.61
1527611004207004821,ARKW,S,200,53.61
1527611004333227861,ARKW,S,1100,53.36
1527611006704516951,ARKW,S,200,53.37
1527611004702195544,ARKW,S,200,53.37
1527611009535068783,ARKW,B,200,53.08
1527611011729607279,ARKW,B,200,53.08
1527611014526413559,ARKW,B,200,53.14
1527611012957088504,ARKW,B,200,53.14
1527611038746266074,ARKW,S,1100,53.32
1527611039954696783,ARKW,S,100,53.31
1527611048077831899,ARKW,S,200,53.6
1527611051224739547,ARKW,S,200,53.6
1527611050093850358,ARKW,S,900,53.32
1527611047982411512,ARKW,S,200,53.36
1527611048740007672,ARKW,S,200,53.35
1527611049357522602,ARKW,S,200,53.37
1527611052931050953,ARKW,S,200,53.61
1527611051403537866,ARKW,S,200,53.61
1527611061548565626,ARKW,S,200,53.48
1527611059927401595,ARKW,S,200,53.48
1527611061573105364,ARKW,S,1000,53.32
1527611068419710037,ARKW,S,200,53.35
1527611064714959958,ARKW,S,200,53.34
1527611064343698574,ARKW,S,100,53.31
1527611067778113322,ARKW,S,200,53.59
1527611068435046186,ARKW,S,100,53.32
1527611066690674475,ARKW,S,200,53.59
1527611065668312878,ARKW,S,200,53.35
1527611064649621309,ARKW,S,200,53.59
1527611066998562621,ARKW,S,200,53.59
1527611067345969019,ARKW,S,1100,53.32
1527611065656385406,ARKW,S,200,53.35
1527611066364960638,ARKW,S,200,53.34
1527611065027242961,ARKW,S,200,53.36
1527611069273189262,ARKW,S,200,53.37
1527611081024715786,ARKW,S,200,53.61
1527611079303871499,ARKW,S,200,53.61
1527611079884258315,ARKW,S,200,53.38
1527611079905885200,ARKW,S,200,53.61
1527611079948352724,ARKW,B,104,53.28
1527611082551339193,ARKW,B,200,53.2
1527611083908327609,ARKW,B,200,53.21
1527611083991623891,ARKW,B,200,53.19
1527611083656281113,ARKW,B,100,53.29
1527611082616946486,ARKW,S,200,53.62
1527611085154107190,ARKW,S,200,53.62
1527611081491176315,ARKW,S,200,53.49
1527611084311255931,ARKW,S,200,53.49
1527611091710202789,ARKW,B,200,53.21
1527611092047909803,ARKW,B,200,53.09
1527611090654614444,ARKW,B,200,53.18
1527611090988716972,ARKW,B,200,53.09
1527611091693425580,ARKW,B,200,53.09
1527611096070561326,ARKW,B,104,53.26
1527611096413183536,ARKW,B,200,53.18
1527611097017949744,ARKW,B,200,53.19
1527611101802756466,ARKW,B,200,53.17
1527611101935926568,ARKW,B,200,53.06
1527611099987934505,ARKW,B,200,53.06
1527611099140030432,ARKW,S,1000,53.32
1527611102699225057,ARKW,S,200,53.35
1527611099049000930,ARKW,S,200,53.34
1527611104094245092,ARKW,B,200,53.12
1527611106545750244,ARKW,B,200,53.12
1527611103519314494,ARKW,S,200,53.36
1527611113116515800,ARKW,S,200,53.34
1527611114170007000,ARKW,S,200,53.33
1527611115229920728,ARKW,S,200,53.32
1527611114019997139,ARKW,S,200,53.32
1527611114620700209,ARKW,S,200,53.32
1527611113313388573,ARKW,S,200,53.32
1527611113694487787,ARKW,B,104,53.23
1527611112292676056,ARKW,S,200,53.32
1527611112848427028,ARKW,S,200,53.32
1527611116804389863,ARKW,S,200,53.32
1527611116968897901,ARKW,S,200,0
1527611117220982805,ARKW,S,200,53.32
1527611124209797950,ARKW,S,200,53.32
1527611124816034623,ARKW,B,200,53.04
1527611127857953599,ARKW,B,200,53.04
1527611125711453061,ARKW,B,104,53.22
1527611125061532551,ARKW,B,200,53.15
1527611125635038087,ARKW,B,200,53.16
1527611124626651209,ARKW,B,200,53.14
1527611135067124876,ARKW,S,1000,53.31
1527611135053034638,ARKW,S,200,53.31
1527611133029228052,ARKW,B,200,53.03
1527611135898459668,ARKW,B,200,53.03
1527611134628513401,ARKW,B,104,53.21
1527611137070122620,ARKW,B,200,53.14
1527611134676420221,ARKW,B,200,53.15
1527611133379469058,ARKW,B,200,53.13
1527611142156752584,ARKW,S,200,53.31
1527611143656937169,ARKW,S,200,53.31
1527611142000973755,ARKW,S,200,53.31
1527611144952660048,ARKW,S,200,53.31
1527611150058468156,ARKW,B,200,53.15
1527611149074182975,ARKW,B,200,53.04
1527611147161776960,ARKW,B,200,53.04
1527611148054699588,ARKW,S,200,53.31
1527611150734916407,ARKW,S,200,53.31
1527611151227092164,ARKW,S,200,53.31
1527611150543951671,ARKW,S,200,53.31
1527611156324171756,ARKW,S,200,53.31
1527611157354004629,ARKW,S,200,53.31
1527611158028632388,ARKW,S,200,53.31
1527611157455400563,ARKW,S,200,53.31
1527611154609571820,ARKW,S,200,53.31
1527611156569960285,ARKW,B,200,53.03
1527611155043037022,ARKW,B,200,53.03
1527611157572857698,ARKW,B,200,53.09
1527611166752054361,ARKW,S,200,53.31
1527611168396038304,ARKW,S,200,53.31
1527611168435756860,ARKW,S,200,53.31
1527611169809535741,ARKW,S,200,53.31
1527611170312601351,ARKW,S,200,53.31
1527611170858189846,ARKW,S,200,53.31
1527611183333510530,ARKW,S,100,53.3
1527611184260320667,ARKW,S,900,53.3
1527611188384376887,ARKW,B,104,53.23
1527611185630619707,ARKW,B,200,53.15
1527611186687715387,ARKW,B,200,53.16
1527611184859823141,ARKW,B,200,53.05
1527611187896695845,ARKW,B,200,53.05
1527611190024023285,ARKW,B,200,53.11
1527611189433150710,ARKW,B,200,53.11
1527611191934858881,ARKW,S,1100,53.31
1527611190777828531,ARKW,S,200,53.36
1527611190493992117,ARKW,S,200,53.36
1527611203591309364,ARKW,S,200,53.6
1527611202260273205,ARKW,S,200,53.6
1527611203149596753,ARKW,S,1100,53.32
1527611205291706452,ARKW,S,200,53.36
1527611201688864853,ARKW,S,200,53.35
1527611203338371566,ARKW,B,400,53.27
1527611202763096562,ARKW,B,200,53.18
1527611203865936370,ARKW,B,200,53.19
1527611209612442422,ARKW,B,200,53.17
1527611207984737512,ARKW,S,200,53.37
1527611215726851947,ARKW,B,200,53.07
1527611218101286763,ARKW,B,200,53.07
1527611215816898441,ARKW,B,104,53.25
1527611217030428559,ARKW,B,200,53.18
1527611217203902351,ARKW,B,200,53.19
1527611216309053704,ARKW,B,200,53.17
1527611224376169961,ARKW,B,200,53.06
1527611226987517417,ARKW,B,200,53.06
1527611224694806076,ARKW,B,104,53.24
1527611227364939327,ARKW,B,200,53.17
1527611223533966912,ARKW,B,200,53.18
1527611232875047903,ARKW,B,200,53.16
1527611235734776799,ARKW,B,200,53.16
1527611240504776035,ARKW,B,200,53.07
1527611242798273891,ARKW,B,200,53.07
1527611250171143480,ARKW,B,100,53.27
1527611252772595001,ARKW,B,200,53.18
1527611249306592570,ARKW,B,200,53.19
1527611261102430774,ARKW,B,200,53.17
1527611260231855159,ARKW,B,200,53.06
1527611258474376248,ARKW,B,200,53.06
1527611258759001675,ARKW,B,200,53.12
1527611261201135179,ARKW,B,200,53.12
1527611268956493834,ARKW,S,200,53.61
1527611267184859147,ARKW,S,200,53.61
1527611274253595573,ARKW,S,200,53.48
1527611273538859958,ARKW,S,200,53.48
1527611273583388159,ARKW,S,1100,53.32
1527611274848000699,ARKW,S,200,53.35
1527611276473162427,ARKW,S,200,53.34
1527611277615594814,ARKW,S,200,53.36
1527611289472672867,ARKW,B,104,53.24
1527611287765835694,ARKW,B,200,53.18
1527611288440987566,ARKW,B,200,53.19
1527611289685523093,ARKW,B,200,53.17
1527611297539884173,ARKW,B,200,53.07
1527611297010156686,ARKW,B,200,53.07
1527611301515998832,ARKW,B,200,53.13
1527611304097461872,ARKW,B,200,53.13
1527611304224935342,ARKW,S,200,53.37
1527611301789683129,ARKW,S,200,53.37
1527611307154487983,ARKW,S,200,53.61
1527611305443146416,ARKW,S,200,53.61
1527611305899567995,ARKW,S,200,53.48
1527611308439284603,ARKW,S,200,53.48
1527611305323204432,ARKW,S,1000,53.32
1527611317409511991,ARKW,S,200,53.61
1527611315556809272,ARKW,S,200,53.61
1527611314621690375,ARKW,B,104,53.3
1527611315997815304,ARKW,B,200,53.2
1527611317148234248,ARKW,B,200,53.21
1527611316628337932,ARKW,S,1000,53.33
1527611316362917135,ARKW,S,200,53.39
1527611313326241040,ARKW,S,200,53.38
1527611316925216230,ARKW,B,200,53.1
1527611315110524391,ARKW,B,200,53.1
1527611313489558256,ARKW,S,1000,53.36
1527611315635471210,ARKW,S,200,53.62
1527611313680073579,ARKW,S,200,53.62
1527611315911312900,ARKW,S,900,53.34
1527611314839406087,ARKW,S,200,53.38
1527611314901403143,ARKW,S,200,53.37
1527611335143502840,ARKW,B,200,53.07
1527611337502602232,ARKW,B,200,53.07
1527611341499751887,ARKW,S,200,53.36
1527611341811375568,ARKW,S,200,53.35
1527611340606234065,ARKW,S,200,53.34
1527611339437989330,ARKW,S,200,53.36
1527611340458788222,ARKW,S,1100,53.33
1527611341734184422,ARKW,B,104,53.25
1527611340987074026,ARKW,B,200,53.17
1527611342313194986,ARKW,B,200,53.18
1527611344492812869,ARKW,B,200,53.16
1527611346135082024,ARKW,S,100,53.32
1527611343494636605,ARKW,S,1100,53.32
1527611348980111116,ARKW,S,200,53.6
1527611351849998092,ARKW,S,200,53.6
1527611349238388534,ARKW,S,1000,53.33
1527611350409582393,ARKW,S,200,53.36
1527611350904575801,ARKW,S,200,53.35
1527611351010041327,ARKW,S,200,53.37
1527611375838278008,ARKW,S,200,53.35
1527611374696706425,ARKW,S,200,53.34
1527611374708568441,ARKW,S,200,53.35
1527611375974855033,ARKW,S,200,53.33
1527611377338528407,ARKW,S,200,53.33
1527611374518711448,ARKW,B,200,53.05
1527611377079268504,ARKW,B,200,53.05
1527611373817279907,ARKW,B,104,53.24
1527611374489286052,ARKW,B,200,53.16
1527611375068951972,ARKW,B,200,53.17
1527611379873442432,ARKW,S,200,53.33
1527611381310712676,ARKW,S,200,53.33
1527611380943991749,ARKW,S,200,53.33
1527611378718594943,ARKW,S,200,53.33
1527611378280487584,ARKW,S,200,53.33
1527611384746877524,ARKW,S,200,53.33
1527611383660031614,ARKW,S,200,53.33
1527611385258716971,ARKW,S,200,53.33
1527611385664516038,ARKW,S,200,53.33
1527611391745709758,ARKW,S,200,53.34
1527611392862377662,ARKW,S,200,53.33
1527611391146907327,ARKW,S,200,53.34
1527611394759645324,ARKW,S,200,53.33
1527611391917677327,ARKW,S,200,53.33
1527611396320240120,ARKW,S,200,53.33
1527611397756462929,ARKW,S,200,53.33
1527611395744012269,ARKW,S,200,53.33
1527611395810008836,ARKW,S,200,53.33
1527611398310928326,ARKW,S,200,53.33
1527611400968547476,ARKW,S,200,53.33
1527611402811488619,ARKW,S,200,53.33
1527611399977127359,ARKW,S,200,53.33
1527611400470286524,ARKW,S,200,53.33
1527611400036700812,ARKW,S,200,53.33
1527611405815151878,ARKW,S,100,53.32
1527611407606054181,ARKW,S,1000,53.32
1527611427904401233,ARKW,B,200,53.05
1527611426149085010,ARKW,B,200,53.05
1527611425835233511,ARKW,S,200,53.34
1527611427227283687,ARKW,S,200,53.33
1527611428261769447,ARKW,S,200,53.32
1527611428486230247,ARKW,S,200,53.34
1527611427846468193,ARKW,S,900,53.31
1527611429120225890,ARKW,S,200,53.58
1527611427538055779,ARKW,S,200,53.58
1527611429047612003,ARKW,S,200,53.34
1527611426322371799,ARKW,S,100,53.3
1527611428971403160,ARKW,S,1000,53.3
1527611440320501346,ARKW,B,200,53.03
1527611441117419107,ARKW,B,200,53.03
1527611441505539046,ARKW,B,200,53.09
1527611440218018791,ARKW,B,200,53.09
1527611452143907604,ARKW,S,200,53.35
1527611454704071444,ARKW,S,200,53.35
1527611453384258092,ARKW,S,200,53.59
1527611451592176173,ARKW,S,200,53.59
1527611453574378029,ARKW,S,200,0
1527611454036341296,ARKW,S,200,53.59
1527611451242148416,ARKW,S,1100,53.31
1527611451680387651,ARKW,S,200,53.35
1527611452831789635,ARKW,S,200,53.34
1527611458417760517,ARKW,S,200,53.36
1527611455884672292,ARKW,S,200,53.6
1527611457570127140,ARKW,S,200,53.37
1527611458966109476,ARKW,S,200,53.6
1527611457174682920,ARKW,S,200,53.6
1527611458443722113,ARKW,S,1100,53.34
1527611457164983683,ARKW,S,200,53.36
1527611457387675011,ARKW,S,200,53.35
1527611457321352608,ARKW,S,100,53.33
1527611455568199166,ARKW,S,1100,53.33
1527611459373983731,ARKW,S,200,53.37
1527611477296659027,ARKW,S,200,53.38
1527611479886576211,ARKW,S,200,0
1527611510912686954,ARKW,S,100,53.32
1527611512543091578,ARKW,S,900,53.32
1527611539707763262,ARKW,S,200,53.33
1527611538287991359,ARKW,S,200,53.33
1527611536991034176,ARKW,S,200,53.34
1527611539060668988,ARKW,S,200,53.32
1527611544334426085,ARKW,S,200,53.32
1527611552907027783,ARKW,S,200,53.32
1527611550795785606,ARKW,S,200,53.32
1527611551646902220,ARKW,S,200,53.32
1527611558259413839,ARKW,S,200,53.32
1527611559277146775,ARKW,S,200,53.32
1527611559294645018,ARKW,S,200,53.32
1527611560414156459,ARKW,S,200,53.32
1527611564399358173,ARKW,S,200,53.32
1527611583652613804,ARKW,S,200,53.32
1527611591931673812,ARKW,S,200,53.32
1527611590153296762,ARKW,S,200,53.32
1527611591593851075,ARKW,S,200,53.32
1527611588929052186,ARKW,S,200,53.32
1527611589653552689,ARKW,S,200,53.32
1527611591006816342,ARKW,S,200,53.32
1527611591974064505,ARKW,S,200,53.32
1527611594742392140,ARKW,S,200,53.35
1527611593107858765,ARKW,S,200,53.35
1527611593491132200,ARKW,S,100,53.31
1527611596448837440,ARKW,S,900,53.31
1527611659448772923,ARKW,S,100,53.3
1527611658725452107,ARKW,S,1000,0
1527611682434140505,ARKW,S,200,53.36
1527611680928254298,ARKW,S,200,53.36
1527611680861669815,ARKW,B,104,53.23
1527611682480671162,ARKW,B,200,53.17
1527611678889953723,ARKW,B,200,53.18
1527611681119160923,ARKW,S,200,53.59
1527611679072471644,ARKW,S,200,53.59
1527611681740180083,ARKW,S,1100,53.31
1527611680590088823,ARKW,S,200,53.35
1527611680880609911,ARKW,S,200,53.34
1527611678987222272,ARKW,B,200,53.16
1527611685253165496,ARKW,B,200,53.15
1527611704838336321,ARKW,S,200,53.33
1527611706804809537,ARKW,S,200,53.32
1527611705139736386,ARKW,S,200,0
1527611707553886018,ARKW,S,200,53.32
1527611706492992048,ARKW,B,200,53.14
1527611704889326129,ARKW,B,200,53.14
1527611704651495994,ARKW,S,200,53.31
1527611704741018407,ARKW,B,200,53.03
1527611705769933607,ARKW,B,200,53.14
1527611707000044327,ARKW,B,200,53.03
1527611704312347435,ARKW,B,200,53.03
1527611705679821611,ARKW,B,200,53.13
1527611707859352529,ARKW,B,104,53.22
1527611707212992488,ARKW,B,200,53.03
1527611705622630377,ARKW,B,200,53.03
1527611704415064358,ARKW,B,104,53.21
1527611707845612883,ARKW,S,1100,53.3
1527611704272065878,ARKW,S,200,53.3
1527611705176332104,ARKW,B,200,53.2
1527611707720439624,ARKW,B,200,53.2
1527611704333744993,ARKW,B,200,53.13
1527611705214221153,ARKW,B,200,53.14
1527611704522817576,ARKW,B,200,53.12
1527611705946929187,ARKW,S,200,53.3
1527611717393506637,ARKW,S,200,53.3
1527611722485803929,ARKW,S,500,53.3
1527611722429787892,ARKW,S,200,53.31
1527611723515129588,ARKW,S,200,53.3
1527611725048082164,ARKW,S,200,53.31
1527611726832546911,ARKW,S,200,53.3
1527611730811561616,ARKW,S,200,53.3
1527611732713230777,ARKW,S,200,53.3
1527611733740902612,ARKW,S,200,53.3
1527611732274670309,ARKW,S,200,53.3
1527611737805262222,ARKW,S,100,53.29
1527611737555111333,ARKW,S,500,53.29
1527611751710462604,ARKW,B,200,53.02
1527611755425501836,ARKW,B,200,53.02
1527611752045417121,ARKW,S,500,53.28
1527611758480798216,ARKW,B,200,53.08
1527611757410923017,ARKW,B,200,53.08
1527611756500497610,ARKW,S,100,53.27
1527611758958667855,ARKW,B,104,53.2
1527611758170859603,ARKW,B,200,53.14
1527611758456137811,ARKW,B,200,53.15
1527611758029638574,ARKW,S,500,53.27
1527611762487141950,ARKW,B,200,53.13
1527611762586197099,ARKW,B,200,53.12
1527611775397732130,ARKW,S,200,53.56
1527611776855842594,ARKW,S,200,53.34
1527611773548240675,ARKW,S,200,53.56
1527611775710207779,ARKW,S,200,53.56
1527611774754365244,ARKW,S,500,53.28
1527611775269216063,ARKW,S,200,53.31
1527611775672590143,ARKW,S,200,53.32
1527611778702911226,ARKW,S,200,53.33
1527611834207343401,ARKW,S,200,53.31
1527611835638321961,ARKW,S,200,53.3
1527611836693386025,ARKW,S,200,53.29
1527611833382507306,ARKW,S,200,53.28
1527611834967298858,ARKW,S,200,53.29
1527611836531249963,ARKW,B,200,53.11
1527611834701550380,ARKW,B,200,53.11
1527611833120627135,ARKW,S,200,53.28
1527611834725606856,ARKW,S,200,53.28
1527611837195529433,ARKW,S,200,53.28
1527611835816329118,ARKW,S,200,53.28
1527611833834464373,ARKW,B,200,53
1527611833013560438,ARKW,B,200,53
1527611834547889382,ARKW,B,104,53.19
1527611833047508202,ARKW,B,200,53.11
1527611833447212266,ARKW,B,200,53.12
1527611835580749769,ARKW,B,200,53.1
1527611833063643158,ARKW,B,200,53.09
1527611833520365439,ARKW,B,200,52.99
1527611836195938175,ARKW,B,200,52.99
1527611837942538316,ARKW,B,104,53.18
1527611840166380163,ARKW,B,200,53.1
1527611841133167235,ARKW,B,200,53.11
1527611841112531883,ARKW,B,200,53.09
1527611841447977922,ARKW,B,200,53
1527611840208167875,ARKW,B,200,53
1527611838409794584,ARKW,B,104,53.17
1527611841549886490,ARKW,B,200,53.09
1527611837625066523,ARKW,B,200,53.1
1527611854936917139,ARKW,S,200,53.28
1527611855319778471,ARKW,S,200,53.28
1527611856710059333,ARKW,S,200,53.28
1527611856273328802,ARKW,S,200,53.28
1527611855278830400,ARKW,B,200,53.01
1527611857756025664,ARKW,B,200,0
1527611861965874361,ARKW,S,200,53.28
1527611864392670847,ARKW,B,200,53.07
1527611867194465919,ARKW,B,200,53.07
1527611868610594456,ARKW,S,200,53.29
1527611870124738200,ARKW,S,200,53.28
1527611867667072665,ARKW,S,200,53.29
1527611874609916997,ARKW,S,200,53.28
1527611877482903029,ARKW,S,200,53.28
1527611877071295234,ARKW,S,200,53.28
1527611879530281026,ARKW,S,200,53.28
1527611876448980811,ARKW,S,200,53.28
1527611891566189071,ARKW,S,500,53.27
1527611891584670224,ARKW,S,200,53.27
1527611891406936730,ARKW,S,100,53.26
1527611890034285212,ARKW,S,200,53.26
1527611890674178824,ARKW,S,500,53.26
1527611901021323862,ARKW,S,200,53.26
1527611917635940651,ARKW,S,200,53.28
1527611918689890603,ARKW,S,200,53.27
1527611915432423724,ARKW,S,200,53.26
1527611915982926124,ARKW,S,200,53.28
1527611942385810169,ARKW,B,104,53.18
1527611945964102689,ARKW,S,200,53.28
1527611944735761442,ARKW,S,200,53.28
1527611945038537762,ARKW,S,200,53.27
1527611946146423842,ARKW,S,200,53.26
1527611946699630135,ARKW,S,200,53.26
1527611945711443022,ARKW,S,200,53.26
1527611945026591981,ARKW,S,200,53.26
1527611951291141358,ARKW,B,200,53
1527611949324602607,ARKW,B,200,53
1527611950879509861,ARKW,B,104,53.17
1527611952656715110,ARKW,B,200,53.09
1527611949279186279,ARKW,B,200,53.1
1527611951584742884,ARKW,S,500,53.25
1527611956815019473,ARKW,S,200,0
1527611961441012896,ARKW,S,200,53.25
1527611957943553320,ARKW,B,200,53.08
1527611958846053451,ARKW,S,200,53.25
1527611961405663121,ARKW,S,200,53.25
1527611960744798613,ARKW,S,200,53.25
1527611959192841224,ARKW,S,200,53.25
1527611964480669310,ARKW,S,200,53.25
1527611967384210206,ARKW,S,200,53.25
1527611967226187005,ARKW,S,200,53.25
1527611971968447888,ARKW,S,200,53.25
1527611971030053972,ARKW,S,200,53.25
1527611971485338957,ARKW,S,200,53.25
1527611972066652536,ARKW,B,200,53
1527611974682980728,ARKW,B,200,53
1527611971332190795,ARKW,S,100,53.24
1527611974540506111,ARKW,S,500,53.24
1527611994518302050,ARKW,S,200,53.25
1527611992779500899,ARKW,S,200,53.25
1527611995218226531,ARKW,S,200,53.24
1527611997910892696,ARKW,S,200,53.24
1527611999674481724,ARKW,B,104,53.15
1527611996205464642,ARKW,B,200,53.08
1527611996397747266,ARKW,B,200,53.07
1527612009580559979,ARKW,B,200,53.06
1527612012400705131,ARKW,B,200,53.06
1527612009770575652,ARKW,B,200,53
1527612012172797732,ARKW,B,200,53
1527612011859601195,ARKW,S,500,53.23
1527612011038172972,ARKW,S,200,53.23
1527612012776056642,ARKW,S,500,53.22
1527612014978628648,ARKW,B,104,53.14
1527612016631053353,ARKW,B,200,53.07
1527612017623727145,ARKW,B,200,53.06
1527612047109913515,ARKW,S,200,53.23
1527612045343980461,ARKW,S,200,53.23
1527612046277213107,ARKW,S,200,53.22
1527612047566568416,ARKW,B,200,53.05
1527612044949978090,ARKW,B,200,53.05
1527612046621211733,ARKW,S,200,53.22
1527612049867548874,ARKW,S,200,53.22
1527612051585517244,ARKW,S,200,53.22
1527612048800175713,ARKW,S,200,53.22
1527612050118892551,ARKW,S,200,53.22
1527612050728736543,ARKW,B,200,53.04
1527612051267983043,ARKW,B,200,53
1527612049896314564,ARKW,B,200,53
1527612049218737986,ARKW,S,100,53.21
1527612051165615957,ARKW,S,500,53.21
1527612055191114197,ARKW,S,200,53.21
1527612054660469345,ARKW,S,200,53.21
1527612054196148955,ARKW,S,200,53.21
1527612052468428560,ARKW,S,200,0
1527612055906453303,ARKW,S,200,53.21
1527612053902453948,ARKW,B,200,53.12
1527612054204378317,ARKW,S,500,0
1527612055346736477,ARKW,B,104,53.13
1527612061585121411,ARKW,S,200,53.2
1527612064431415707,ARKW,S,200,53.2
1527612061497893995,ARKW,S,200,53.2
1527612063381422907,ARKW,S,200,53.2
1527612060891651444,ARKW,S,200,53.2
1527612062944113581,ARKW,S,200,53.2
1527612064624590231,ARKW,S,200,53.2
1527612071003212018,ARKW,B,104,53.1
1527612077233440055,ARKW,S,100,53.19
1527612073682830670,ARKW,S,500,53.19
1527612082221155264,ARKW,S,200,53.2
1527612083547341760,ARKW,S,200,53.19
1527612085093532608,ARKW,S,200,53.2
1527612087907429677,ARKW,S,200,53.19
1527612086867847504,ARKW,S,500,53.18
1527612106452262889,ARKW,S,200,53.18
1527612106888011952,ARKW,S,200,53.18
1527612105113313794,ARKW,S,200,53.18
1527612105021170267,ARKW,S,200,53.18
1527612105349046977,ARKW,S,200,53.18
1527612106647708370,ARKW,S,200,53.18
1527612103909236156,ARKW,S,200,53.18
1527612103900658519,ARKW,S,200,53.18
1527612115438618188,ARKW,S,200,53.18
1527612116361523578,ARKW,S,200,53.18
1527612121375067525,ARKW,S,200,53.19
1527612122459753861,ARKW,S,200,53.18
1527612124048018821,ARKW,S,200,53.19
1527612123373653393,ARKW,S,200,53.18
1527612121332469145,ARKW,S,200,53.18
1527612122786452902,ARKW,S,200,53.18
1527612121198324204,ARKW,S,200,53.18
1527612121978596306,ARKW,S,200,53.18
1527612124519905030,ARKW,B,104,53.09
1527612142944482366,ARKW,B,104,53.08
1527612145529092112,ARKW,B,200,52.99
1527612143799334929,ARKW,B,200,52.99
1527612142982443097,ARKW,B,200,52.98
1527612145558160268,ARKW,S,100,53.17
1527612145971954573,ARKW,S,200,53.17
1527612142877148071,ARKW,S,500,53.17
1527612148957594319,ARKW,B,200,53
1527612160169079185,ARKW,S,200,53.17
1527612182798864879,ARKW,B,200,53
1527612182994426708,ARKW,B,200,53
1527612190054628425,ARKW,B,200,53
1527612189914579390,ARKW,B,200,53
1527612191495655935,ARKW,B,200,53
1527612191628515232,ARKW,B,200,53
1527612193266269919,ARKW,B,200,53
1527612191647860488,ARKW,B,200,53
1527612193011926839,ARKW,B,200,53
1527612195792311381,ARKW,S,500,53.16
1527612197422257238,ARKW,S,200,53.16
1527612194688963560,ARKW,B,200,53
1527612194742967867,ARKW,B,104,53.06
1527612206204891755,ARKW,B,200,52.97
1527612204971569789,ARKW,B,200,52.97
1527612202523346096,ARKW,S,500,53.15
1527612205506938033,ARKW,S,200,53.15
1527612219017454435,ARKW,B,104,53.05
1527612222561130637,ARKW,S,200,53.15
1527612225284904272,ARKW,S,200,53.15
1527612229431617278,ARKW,S,200,53.15
1527612229909420079,ARKW,S,200,53.15
1527612236285046611,ARKW,S,200,53.15
1527612234855997068,ARKW,S,200,53.15
1527612236129492866,ARKW,S,200,53.15
1527612236319226025,ARKW,S,200,53.15
1527612240709762007,ARKW,S,200,53.15
1527612242489157667,ARKW,B,104,53.04
1527612243666317545,ARKW,B,200,52.96
1527612242441646314,ARKW,B,200,52.96
1527612242061998976,ARKW,S,500,53.14
1527612241024695170,ARKW,S,200,53.14
1527612243856118985,ARKW,S,500,53.13
1527612244400723152,ARKW,S,200,0
1527612243552760482,ARKW,B,200,52.95
1527612285818288332,ARKW,B,200,52.94
1527612284827121869,ARKW,B,200,52.94
1527612288870855810,ARKW,S,500,53.12
1527612289340748934,ARKW,S,200,53.12
1527612288344394147,ARKW,S,170,53.11
1527612289020004772,ARKW,S,200,53.11
1527612292357229205,ARKW,S,500,53.11
1527612290314276751,ARKW,B,104,53.02
1527612292959750082,ARKW,B,104,53.01
1527612300829405559,ARKW,S,200,53.11
1527612300907000185,ARKW,B,200,52.93
1527612299191005562,ARKW,B,200,52.93
1527612297726446829,ARKW,S,500,53.08
1527612299131018796,ARKW,B,200,52.92
1527612310322035403,ARKW,S,200,53.1
1527612311489755851,ARKW,S,200,53.09
1527612312516311755,ARKW,S,200,53.08
1527612313092242123,ARKW,S,200,0
1527612313024612156,ARKW,B,200,52.91
1527612311012788029,ARKW,B,200,52.91
1527612310471333141,ARKW,S,200,53.08
1527612313875181726,ARKW,S,200,53.08
1527612311908515371,ARKW,S,200,53.08
1527612311234087183,ARKW,S,200,53.08
1527612315702147823,ARKW,S,500,53.07
1527612317776363208,ARKW,B,200,52.9
1527612314920763252,ARKW,S,200,53.07
1527612317577464191,ARKW,S,200,53.07
1527612317448248413,ARKW,B,200,52.89
1527612319831109447,ARKW,S,500,53.06
1527612318730366794,ARKW,S,200,53.08
1527612320098692938,ARKW,S,200,53.07
1527612321078259530,ARKW,S,200,53.06
1527612321316024138,ARKW,S,200,53.08
1527612321262101314,ARKW,B,200,52.87
1527612320213133077,ARKW,S,500,53.05
1527612322110400278,ARKW,S,200,53.06
1527612319225308951,ARKW,S,200,53.05
1527612320481830679,ARKW,S,200,53.06
1527612321293888467,ARKW,B,200,52.86
1527612324954786514,ARKW,S,200,53.05
1527612323844278995,ARKW,S,200,53.06
1527612326549605075,ARKW,S,200,53.06
1527612324386068743,ARKW,B,200,52.89
1527612322738624776,ARKW,B,200,52.89
1527612324214298888,ARKW,B,200,52.88
1527612323571799686,ARKW,S,200,53.07
1527612326163879618,ARKW,S,200,53.05
1527612323134609127,ARKW,S,200,53.05
1527612324493301550,ARKW,S,200,53.05
1527612324461454560,ARKW,S,200,53.05
1527612329234604125,ARKW,B,200,52.87
1527612340306259541,ARKW,B,200,52.86
1527612341070605913,ARKW,B,200,52.86
1527612356620856933,ARKW,S,500,53.04
1527612356242976359,ARKW,S,200,53.04
1527612354083503674,ARKW,B,200,52.85
1527612352835436091,ARKW,B,200,52.85
1527612355589173836,ARKW,B,104,52.94
1527612354035054218,ARKW,B,200,52.84
1527612363325133528,ARKW,S,100,53.03
1527612364145447663,ARKW,S,500,53.03
1527612364777870503,ARKW,S,200,53.03
1527612361447201459,ARKW,B,200,52.76
1527612363153169075,ARKW,B,200,52.83
1527612364021455539,ARKW,B,200,52.76
1527612364291464005,ARKW,B,200,52.76
1527612362774240070,ARKW,B,200,52.76
1527612363124535616,ARKW,B,200,52.82
1527612361492230465,ARKW,B,200,52.82
1527612361326140619,ARKW,B,200,52.96
1527612365123689676,ARKW,B,200,52.89
1527612365507009740,ARKW,B,200,52.9
1527612366110414540,ARKW,B,200,52.88
1527612368494108851,ARKW,B,104,52.97
1527612373026479411,ARKW,B,200,52.87
1527612385837482866,ARKW,S,200,53.05
1527612386886452082,ARKW,S,200,53.04
1527612383834899315,ARKW,S,200,53.03
1527612384255181683,ARKW,S,200,0
1527612385645069256,ARKW,B,200,52.76
1527612383757894601,ARKW,B,200,52.76
1527612384035701720,ARKW,S,200,53.03
1527612385650181114,ARKW,S,200,53.28
1527612384116573179,ARKW,S,200,53.28
1527612385969931273,ARKW,S,500,53.03
1527612382754800652,ARKW,S,200,53.04
1527612386256716812,ARKW,S,200,53.04
1527612384377014746,ARKW,S,200,53.05
1527612395453390535,ARKW,B,200,52.82
1527612393829867208,ARKW,B,200,52.82
1527612394990513578,ARKW,S,200,53.06
1527612395497238465,ARKW,S,200,53.07
1527612411004243191,ARKW,S,200,53.05
1527612412348779767,ARKW,S,200,53.04
1527612409055661304,ARKW,S,200,53.03
1527612411009486072,ARKW,S,200,53.04
1527612414482268986,ARKW,S,500,53.02
1527612429523270073,ARKW,B,104,52.94
1527612433633469773,ARKW,B,200,52.88
1527612433942144333,ARKW,B,200,52.89
1527612432316020462,ARKW,B,200,52.87
1527612443440201455,ARKW,B,200,52.86
1527612445903372015,ARKW,B,200,52.86
1527612443174659943,ARKW,B,200,52.85
1527612446337497562,ARKW,S,200,53.04
1527612443114109403,ARKW,S,200,53.03
1527612444109928923,ARKW,S,200,53.02
1527612444758669787,ARKW,S,200,53.04
1527612444713712168,ARKW,S,500,53.01
1527612443412101686,ARKW,B,200,52.74
1527612445850237494,ARKW,B,200,52.74
1527612446780795960,ARKW,B,200,52.8
1527612445014731833,ARKW,B,200,52.8
1527612459923682727,ARKW,S,200,53.02
1527612458185733544,ARKW,S,200,53.01
1527612459836388776,ARKW,S,200,53.02
1527612457750447945,ARKW,B,100,52.96
1527612456346838281,ARKW,B,200,52.86
1527612456860116233,ARKW,B,200,52.87
1527612457327387922,ARKW,B,200,52.85
1527612456920540435,ARKW,B,200,52.74
1527612458275169582,ARKW,B,100,52.96
1527612458812171568,ARKW,B,200,52.85
1527612459002488112,ARKW,B,200,52.86
1527612456783897919,ARKW,B,200,52.74
1527612457456233971,ARKW,B,200,52.8
1527612456094002676,ARKW,B,200,52.8
1527612462496788394,ARKW,S,200,0
1527612460748746667,ARKW,S,200,53.01
1527612461335228331,ARKW,S,200,53.02
1527612460942218722,ARKW,S,100,53
1527612463062504947,ARKW,S,500,53
1527612470870428535,ARKW,S,200,53.28
1527612471867820919,ARKW,S,200,53.04
1527612470217558904,ARKW,S,200,53.28
1527612469292977019,ARKW,S,200,53.05
1527612470618573691,ARKW,S,200,53.03
1527612469319256971,ARKW,S,500,53.01
1527612470922610218,ARKW,S,200,53.28
1527612470752871979,ARKW,S,200,53.28
1527612472800811363,ARKW,S,500,53
1527612471709243749,ARKW,S,200,53.04
1527612472104425829,ARKW,S,200,53.03
1527612480638661352,ARKW,S,200,53.28
1527612478165136105,ARKW,S,200,53.05
1527612479318307561,ARKW,S,200,53.28
1527612477763597034,ARKW,S,200,53.06
1527612480499004138,ARKW,S,200,53.04
1527612478464968754,ARKW,S,200,53.28
1527612480979847218,ARKW,S,200,53.28
1527612481888137079,ARKW,S,200,53.15
1527612484220366711,ARKW,S,200,53.15
1527612489598272316,ARKW,S,500,53.02
1527612566055478090,ARKW,S,200,53.3
1527612564193993547,ARKW,S,200,53.3
1527612564412425057,ARKW,S,500,53.03
1527612564733420387,ARKW,S,200,53.06
1527612565023286115,ARKW,S,200,53.05
1527612571571248626,ARKW,S,200,53.07
1527612570381117001,ARKW,S,200,53.31
1527612568422114890,ARKW,S,200,53.31
1527612570725836482,ARKW,B,104,52.97
1527612569893332678,ARKW,B,200,52.89
1527612570247227078,ARKW,B,200,52.9
1527612569714093677,ARKW,S,500,53.05
1527612568301268595,ARKW,S,200,53.06
1527612569139539571,ARKW,S,200,53.07
1527612570949054874,ARKW,S,200,53.08
1527612572685419618,ARKW,B,200,52.97
1527612579196423643,ARKW,S,200,53.06
1527612576357207517,ARKW,S,200,53.05
1527612577782877692,ARKW,S,500,53.04
1527612579493170685,ARKW,B,200,52.78
1527612577571655166,ARKW,B,200,52.88
1527612577795722750,ARKW,B,200,52.78
1527612579796078085,ARKW,B,200,52.78
1527612577125092870,ARKW,B,200,52.87
1527612576976981511,ARKW,B,200,52.86
1527612577967951374,ARKW,B,200,52.78
1527612579345714702,ARKW,B,200,52.85
1527612576444435983,ARKW,B,200,52.78
1527612578532086489,ARKW,B,200,52.78
1527612576682726106,ARKW,B,200,52.78
1527612582430922773,ARKW,B,200,52.84
1527612580779939862,ARKW,B,200,52.84
1527612596523417206,ARKW,B,104,52.96
1527612604406458456,ARKW,S,200,53.05
1527612602621651033,ARKW,S,200,53.04
1527612602065655004,ARKW,S,200,53.04
1527612602023465701,ARKW,S,200,53.04
1527612605430497527,ARKW,B,200,52.76
1527612603994341624,ARKW,B,200,52.76
1527612604055879928,ARKW,B,200,52.83
1527612604746105082,ARKW,B,200,52.76
1527612604685943111,ARKW,S,100,53.03
1527612602954547554,ARKW,S,500,53.03
1527612605806222691,ARKW,B,200,52.82
1527612603998608740,ARKW,B,200,52.82
1527612614023312649,ARKW,S,200,53.04
1527612610767090954,ARKW,S,200,53.03
1527612612402345226,ARKW,S,200,53.04
1527612610781903621,ARKW,S,200,53.03
1527612665952472116,ARKW,B,104,52.95
1527612666628531455,ARKW,S,200,53.05
1527612667683661055,ARKW,S,200,53.04
1527612668736234751,ARKW,S,200,53.03
1527612669451166975,ARKW,S,200,0
1527612666916496818,ARKW,S,200,53.03
1527612673943235318,ARKW,B,200,52.89
1527612674269932278,ARKW,B,200,52.88
1527612680600438680,ARKW,B,200,52.78
1527612682948986776,ARKW,B,200,52.78
1527612732548180306,ARKW,B,200,52.77
1527612730716514643,ARKW,B,200,52.77
1527612741968179688,ARKW,B,200,52.83
1527612741257179625,ARKW,B,200,52.83
1527612749882842357,ARKW,S,200,53.08
1527612748649782518,ARKW,S,200,53.08
1527612774793189831,ARKW,S,200,53.32
1527612777402571207,ARKW,S,200,53.32
1527612777813678558,ARKW,S,500,53.04
1527612777195346400,ARKW,S,200,53.08
1527612773767027169,ARKW,S,200,53.07
1527612785280019474,ARKW,S,200,53.09
1527612786931572367,ARKW,S,200,53.07
1527612788754062994,ARKW,S,200,53.32
1527612787134144147,ARKW,S,200,53.32
1527612788454039210,ARKW,S,500,53.05
1527612789445598891,ARKW,S,200,53.08
1527612790386761387,ARKW,S,200,53.07
1527612786707702750,ARKW,S,200,53.09
1527612797918884124,ARKW,B,200,52.98
1527612795573350686,ARKW,B,200,52.91
1527612796395761950,ARKW,B,200,52.92
1527612795834513490,ARKW,S,200,53.1
1527612798732515410,ARKW,S,200,53.1
1527612798111430762,ARKW,S,500,53.06
1527612797789780228,ARKW,B,104,52.99
1527612814344513571,ARKW,B,200,52.9
1527612812756052004,ARKW,B,200,52.9
1527612836801965343,ARKW,S,200,53.08
1527612837977812255,ARKW,S,200,53.07
1527612834821401888,ARKW,S,200,53.06
1527612836092407072,ARKW,S,200,53.08
1527612834696424981,ARKW,B,200,52.79
1527612837364985365,ARKW,B,200,52.79
1527612834610835063,ARKW,S,200,53.06
1527612836712705902,ARKW,S,100,53.05
1527612834555261451,ARKW,S,500,53.05
1527612842614179279,ARKW,B,200,52.85
1527612845207045583,ARKW,B,200,52.85
1527612850251690183,ARKW,B,200,52.98
1527612850254049482,ARKW,B,200,52.91
1527612846801481931,ARKW,B,200,52.92
1527612850200055301,ARKW,S,200,53.33
1527612848387460614,ARKW,S,200,53.33
1527612847213252124,ARKW,S,500,53.06
1527612850799382045,ARKW,S,200,53.09
1527612846805683742,ARKW,S,200,53.08
1527612858616597832,ARKW,B,200,52.9
1527612867876717959,ARKW,B,200,52.92
1527612863922603647,ARKW,B,200,52.8
1527612867031434879,ARKW,B,200,52.8
1527612864728254186,ARKW,B,200,52.86
1527612867370141418,ARKW,B,200,52.86
1527612871929607597,ARKW,S,200,53.1
1527612870591952302,ARKW,S,200,53.1
1527612887112017454,ARKW,S,200,53.08
1527612888147617326,ARKW,S,200,53.07
1527612889206482478,ARKW,S,200,53.06
1527612885360698927,ARKW,S,200,53.08
1527612893378102484,ARKW,S,200,53.06
1527612892964385491,ARKW,S,200,53.06
1527612902301574223,ARKW,S,200,53.06
1527612899829757437,ARKW,S,200,53.06
1527612901963963743,ARKW,S,200,53.06
1527612901018872438,ARKW,S,200,53.06
1527612902259272385,ARKW,S,200,53.06
1527612899139568862,ARKW,S,200,53.06
1527612899492089332,ARKW,S,200,53.06
1527612909987509861,ARKW,S,200,53.06
1527612911594724006,ARKW,S,200,53.06
1527612913928545244,ARKW,S,200,53.06
1527612932188137936,ARKW,S,200,53.07
1527612928899541457,ARKW,S,200,53.06
1527612930975656401,ARKW,S,200,53.07
1527612929546063330,ARKW,S,200,53.06
1527612932739077474,ARKW,S,200,53.06
1527612932644216670,ARKW,S,200,53.06
1527612940996456444,ARKW,S,200,53.06
1527612937513254944,ARKW,S,200,53.06
1527612985498641968,ARKW,S,200,53.06
1527613000654557121,ARKW,S,200,53.07
1527612997424549826,ARKW,S,200,53.06
1527612999568297922,ARKW,S,200,53.07
1527613052027694019,ARKW,B,104,52.97
1527613050060502652,ARKW,S,200,53.06
1527613058133993800,ARKW,B,200,52.8
1527613060693895496,ARKW,B,200,52.8
1527613057576696338,ARKW,B,200,52.86
1527613059958077970,ARKW,B,200,52.86
1527613084464650664,ARKW,B,104,52.98
1527613097156456023,ARKW,B,200,52.8
1527613097692540504,ARKW,B,200,52.8
1527613100024124107,ARKW,B,200,52.86
1527613102401573579,ARKW,B,200,52.86
1527613129354656996,ARKW,S,200,0
1527613126145359077,ARKW,S,200,53.07
1527613127161232613,ARKW,S,200,53.06
1527613128031223013,ARKW,S,200,53.08
1527613133911770046,ARKW,S,200,53.06
1527613130800907862,ARKW,S,200,53.06
1527613133747635889,ARKW,S,200,53.06
1527613135507637668,ARKW,S,200,53.06
1527613138318820943,ARKW,S,200,53.06
1527613144518611072,ARKW,S,500,53.05
1527613161245692731,ARKW,S,200,53.07
1527613162245903163,ARKW,S,200,53.06
1527613163576218427,ARKW,S,200,53.05
1527613163795436347,ARKW,S,200,53.07
1527613163287731405,ARKW,S,200,53.05
1527613163647729283,ARKW,S,200,53.05
1527613168101250669,ARKW,S,200,53.05
1527613170901918939,ARKW,S,500,53.04
1527613180452474155,ARKW,S,200,53.05
1527613177485331756,ARKW,S,200,53.04
1527613178879151404,ARKW,S,200,53.05
1527613182890293234,ARKW,S,200,53.04
1527613184634730628,ARKW,S,200,53.04
1527613184731609176,ARKW,S,200,53.04
1527613185759884260,ARKW,S,200,53.04
1527613185047842378,ARKW,S,200,53.04
1527613184179638074,ARKW,S,200,53.04
1527613188082355475,ARKW,B,104,52.95
1527613192866124795,ARKW,S,100,53.03
1527613193521878036,ARKW,S,500,53.03
1527613197716358213,ARKW,S,200,53.04
1527613196538676294,ARKW,S,200,53.04
1527613194694689863,ARKW,S,200,53.03
1527613198912998460,ARKW,S,200,53.03
1527613199687211794,ARKW,S,500,53.02
1527613198919850774,ARKW,B,200,52.76
1527613201309752086,ARKW,B,200,0
1527613205338413843,ARKW,S,500,53.01
1527613227137346183,ARKW,B,200,52.74
1527613225751784072,ARKW,B,200,52.74
1527613225691230383,ARKW,S,200,53.03
1527613228516159663,ARKW,S,200,53.02
1527613226949062832,ARKW,S,200,53.01
1527613227864862902,ARKW,S,200,53.03
1527613226245272289,ARKW,S,500,53
1527613224907359588,ARKW,B,200,52.91
1527613227217634663,ARKW,B,200,52.84
1527613227710465383,ARKW,B,200,52.85
1527613227321050472,ARKW,S,200,53.26
1527613225417557353,ARKW,S,200,53.26
1527613228753208696,ARKW,B,104,52.93
1527613224889993020,ARKW,S,500,52.99
1527613226667006683,ARKW,S,200,53.01
1527613226736802523,ARKW,S,200,53.02
1527613224805266659,ARKW,B,200,52.73
1527613227779224803,ARKW,B,200,52.73
1527613225830839525,ARKW,B,100,52.95
1527613226853135591,ARKW,B,200,52.84
1527613232508263778,ARKW,B,200,52.73
1527613229645389155,ARKW,B,200,52.83
1527613230710021475,ARKW,B,200,52.73
1527613229429710180,ARKW,B,200,52.82
1527613229403037031,ARKW,B,200,52.73
1527613228958312388,ARKW,B,200,52.72
1527613231099635662,ARKW,B,200,52.74
1527613230492772305,ARKW,B,200,52.72
1527613231163992050,ARKW,B,200,52.74
1527613231039277820,ARKW,S,100,52.98
1527613232173182704,ARKW,B,200,52.71
1527613230286663409,ARKW,B,200,52.71
1527613230634594036,ARKW,B,200,52.73
1527613230758523153,ARKW,S,500,52.98
1527613231236806022,ARKW,B,200,52.77
1527613229682161031,ARKW,B,200,52.77
1527613235684302297,ARKW,S,200,53
1527613233838611930,ARKW,S,200,52.99
1527613234915171802,ARKW,S,200,52.98
1527613236536073690,ARKW,S,200,52.99
1527613234687369918,ARKW,S,200,52.98
1527613241214978509,ARKW,S,200,52.98
1527613241474481918,ARKW,S,200,52.98
1527613245960494206,ARKW,S,500,52.97
1527613241975053441,ARKW,S,200,52.97
1527613256143589948,ARKW,B,100,52.91
1527613268857634187,ARKW,B,200,52.68
1527613268016545164,ARKW,B,200,52.68
1527613271477722278,ARKW,S,500,52.96
1527613271065894056,ARKW,S,200,0
1527613270397099198,ARKW,S,500,52.95
1527613270813056193,ARKW,S,200,52.95
1527613271684422860,ARKW,B,104,52.86
1527613270325468366,ARKW,B,200,52.78
1527613271606107342,ARKW,B,200,52.79
1527613275330915879,ARKW,S,500,52.94
1527613274984230442,ARKW,S,100,56.39
1527613272726842933,ARKW,S,100,56.39
1527613275548167737,ARKW,B,200,52.67
1527613273586478650,ARKW,B,200,52.67
1527613272357154441,ARKW,S,100,56.39
1527613274100091932,ARKW,B,100,52.88
1527613275891977247,ARKW,B,200,52.78
1527613272144104480,ARKW,B,200,52.79
1527613274450447407,ARKW,B,200,52.67
1527613273592319025,ARKW,B,200,52.67
1527613274459884648,ARKW,B,100,52.88
1527613272283958379,ARKW,B,200,52.78
1527613272377543787,ARKW,B,200,52.79
1527613274098781307,ARKW,B,200,52.67
1527613272065264764,ARKW,B,200,52.67
1527613273121311868,ARKW,B,200,52.77
1527613275820149885,ARKW,B,200,52.67
1527613272256629895,ARKW,B,100,52.88
1527613273327225992,ARKW,B,200,52.78
1527613275770211480,ARKW,B,200,0
1527613273669651609,ARKW,B,200,52.67
1527613274805193893,ARKW,B,100,52.88
1527613273424744922,ARKW,S,200,52.94
1527613273731847358,ARKW,B,200,52.77
1527613272421782722,ARKW,B,200,52.78
1527613272057404155,ARKW,B,200,0
1527613274815421179,ARKW,B,200,52.66
1527613274710634241,ARKW,B,200,52.72
1527613273550974722,ARKW,B,200,52.72
1527613276031055032,ARKW,S,200,52.94
1527613272326436628,ARKW,S,200,52.94
1527613275427604948,ARKW,S,200,52.94
1527613274564205336,ARKW,S,500,52.93
1527613272778414874,ARKW,S,100,55.04
1527613275133647654,ARKW,S,500,52.92
1527613274199169850,ARKW,S,100,55.04
1527613275214061342,ARKW,S,100,55.04
1527613279959857561,ARKW,B,100,52.85
1527613278333385128,ARKW,B,200,52.66
1527613276902472105,ARKW,B,200,52.66
1527613277736548938,ARKW,B,100,51.79
1527613279856194689,ARKW,B,200,52.72
1527613278478627970,ARKW,B,200,52.72
1527613280070628542,ARKW,B,100,52.86
1527613276868736194,ARKW,B,200,52.78
1527613277627249858,ARKW,B,200,52.79
1527613276501865680,ARKW,B,200,52.67
1527613279073891591,ARKW,B,200,52.66
1527613277731517704,ARKW,B,200,52.66
1527613276490929837,ARKW,B,100,52.86
1527613278153709230,ARKW,B,200,52.77
1527613278787114670,ARKW,B,200,52.78
1527613278956918462,ARKW,B,200,52.66
1527613278072575679,ARKW,B,200,52.66
1527613280234149681,ARKW,B,200,52.72
1527613278093285170,ARKW,B,200,52.72
1527613276873606785,ARKW,S,200,53.2
1527613279629919873,ARKW,S,200,53.2
1527613276648883855,ARKW,S,100,0
1527613279397463697,ARKW,S,200,52.96
1527613279952881297,ARKW,S,200,52.95
1527613279965857435,ARKW,B,100,52.86
1527613278685611676,ARKW,S,200,53.2
1527613280074450630,ARKW,S,500,52.92
1527613277250832072,ARKW,S,200,52.96
1527613277863265992,ARKW,S,200,52.95
1527613276780432037,ARKW,S,200,53.2
1527613279205984933,ARKW,S,200,53.2
1527613277751612617,ARKW,S,500,52.93
1527613278165472459,ARKW,S,200,52.96
1527613279561389259,ARKW,S,200,52.95
1527613283081734326,ARKW,B,200,52.85
1527613282133690552,ARKW,B,200,52.78
1527613282403764408,ARKW,B,200,52.79
1527613282809563331,ARKW,B,200,52.67
1527613281259833540,ARKW,S,200,53.2
1527613283550841028,ARKW,S,200,53.2
1527613282137530352,ARKW,S,200,53.07
1527613280725229553,ARKW,S,200,53.07
1527613282379620527,ARKW,B,200,52.66
1527613281047797936,ARKW,B,200,52.66
1527613280443622070,ARKW,S,500,52.92
1527613282041521057,ARKW,B,200,52.72
1527613284615775137,ARKW,B,200,52.72
1527613286114010172,ARKW,S,200,53.19
1527613288395449404,ARKW,S,200,53.19
1527613287042096068,ARKW,B,104,52.85
1527613287210130377,ARKW,B,200,52.78
1527613287603805129,ARKW,B,200,52.79
1527613285791936294,ARKW,B,200,52.77
1527613285456215780,ARKW,S,100,53.11
1527613286345998053,ARKW,S,200,53.12
1527613288778628837,ARKW,S,200,53.12
1527613286627737336,ARKW,B,200,52.84
1527613284777525012,ARKW,B,200,52.66
1527613286238060308,ARKW,B,200,52.76
1527613287071809300,ARKW,B,200,52.66
1527613285448548117,ARKW,B,200,52.75
1527613287924367135,ARKW,S,500,52.92
1527613286266109729,ARKW,S,200,52.95
1527613286884048673,ARKW,S,200,52.94
1527613287062176216,ARKW,B,200,52.84
1527613288675344867,ARKW,S,200,53.19
1527613286859604452,ARKW,S,200,53.19
1527613285456675316,ARKW,B,200,52.66
1527613287374324212,ARKW,B,200,52.74
1527613287704363508,ARKW,B,200,52.66
1527613285393433077,ARKW,B,200,52.66
1527613286604800509,ARKW,S,500,52.92
1527613286532252163,ARKW,S,200,52.95
1527613286979338755,ARKW,S,200,52.94
1527613286904627898,ARKW,S,100,53.95
1527613285815816994,ARKW,B,200,52.72
1527613288457835298,ARKW,B,200,52.72
1527613292149752371,ARKW,B,200,52.84
1527613292582027831,ARKW,S,200,53.19
1527613290756391480,ARKW,S,200,53.19
1527613291931779666,ARKW,S,100,52.89
1527613290353017431,ARKW,S,200,52.94
1527613290602250839,ARKW,S,200,52.95
1527613289012814805,ARKW,S,200,53.19
1527613291290125269,ARKW,S,200,53.19
1527613292714821413,ARKW,B,500,52.84
1527613289326815087,ARKW,B,200,52.66
1527613292144600943,ARKW,B,200,52.71
1527613292233271151,ARKW,B,200,52.66
1527613289173002102,ARKW,B,200,52.66
1527613289482863817,ARKW,S,100,52.89
1527613290628170956,ARKW,S,200,52.95
1527613291103241420,ARKW,S,200,52.94
1527613291924145375,ARKW,B,500,52.83
1527613292590777568,ARKW,B,200,52.77
1527613292765627616,ARKW,B,200,52.78
1527613290263856363,ARKW,B,200,52.66
1527613289497676521,ARKW,S,200,53.19
1527613292566596329,ARKW,S,200,53.19
1527613292961798421,ARKW,S,200,53.06
1527613290388003094,ARKW,B,200,52.65
1527613291208186134,ARKW,S,200,53.06
1527613292605806870,ARKW,B,200,52.65
1527613298044840229,ARKW,S,100,52.89
1527613299823487273,ARKW,S,200,52.93
1527613300517972265,ARKW,S,200,52.92
1527613299896699865,ARKW,S,200,53.17
1527613298048781274,ARKW,S,200,53.17
1527613298882333658,ARKW,S,200,52.94
1527613300341951458,ARKW,S,200,53.17
1527613301208665073,ARKW,S,200,52.94
1527613299464358898,ARKW,S,200,52.94
1527613301829225459,ARKW,S,200,53.04
1527613299273321574,ARKW,S,500,52.89
1527613303338404639,ARKW,S,200,52.91
1527613304512088863,ARKW,S,200,52.9
1527613302355888985,ARKW,B,200,0
1527613304654302041,ARKW,B,200,52.63
1527613303004435687,ARKW,S,200,52.92
1527613312138484879,ARKW,B,200,52.62
1527613314701991055,ARKW,B,200,52.62
1527613317827740030,ARKW,S,200,53.15
1527613317072765311,ARKW,S,200,0
1527613317326913947,ARKW,B,100,52.8
1527613316054073758,ARKW,B,200,52.73
1527613316285481374,ARKW,B,200,52.74
1527613317979371386,ARKW,B,500,52.8
1527613322713448485,ARKW,S,200,53.02
1527613320891088934,ARKW,S,200,53.02
1527613321631253140,ARKW,B,500,52.8
1527613320900265002,ARKW,B,200,52.72
1527613327394569013,ARKW,S,500,52.88
1527613324841286565,ARKW,B,200,52.63
1527613327499230117,ARKW,B,200,52.63
1527613325024721847,ARKW,S,200,53.15
1527613324089654200,ARKW,S,200,53.15
1527613327199281509,ARKW,S,500,52.88
1527613323864416617,ARKW,S,200,52.91
1527613324740573374,ARKW,S,200,52.92
1527613327237237355,ARKW,B,200,52.69
1527613325608941419,ARKW,S,200,53.16
1527613323526010755,ARKW,S,500,52.89
1527613325488093062,ARKW,S,200,52.92
1527613326278860750,ARKW,S,200,52.93
1527613343307882806,ARKW,B,500,52.82
1527613342198751545,ARKW,B,200,0
1527613343707006223,ARKW,S,200,52.94
1527613344609895871,ARKW,S,200,53.18
1527613343154013632,ARKW,S,200,52.95
1527613342396417622,ARKW,S,200,53.18
1527613342885062934,ARKW,S,200,53.05
1527613340941996303,ARKW,S,500,52.91
1527613341418901775,ARKW,B,200,52.65
1527613341058781474,ARKW,S,100,52.9
1527613340683587899,ARKW,B,500,52.82
1527613341706015035,ARKW,S,500,52.9
1527613340964933951,ARKW,B,200,52.76
1527613342712264864,ARKW,B,200,52.75
1527613354392499904,ARKW,S,170,52.89
1527613356812548505,ARKW,S,200,52.92
1527613357042514568,ARKW,S,200,52.93
1527613355290558868,ARKW,B,100,52.82
1527613358237507787,ARKW,S,200,53.17
1527613359493898463,ARKW,S,500,52.9
1527613359704137954,ARKW,S,200,52.93
1527613360889051661,ARKW,S,200,52.94
1527613361322769036,ARKW,S,200,53.18
1527613360990698125,ARKW,S,200,52.95
1527613358060321426,ARKW,S,200,53.18
1527613358964272327,ARKW,S,200,53.19
1527613360349834440,ARKW,S,200,53.17
1527613364169162140,ARKW,S,500,52.91
1527613362516737439,ARKW,S,200,52.94
1527613364279459253,ARKW,B,500,52.83
1527613365131706633,ARKW,S,200,52.95
1527613365457630116,ARKW,S,200,53.18
1527613363831888208,ARKW,S,500,52.91
1527613362379282775,ARKW,S,200,52.94
1527613362687957379,ARKW,B,200,52.65
1527613365707200950,ARKW,S,200,53.18
1527613366261635578,ARKW,S,500,52.91
1527613363855677948,ARKW,S,200,52.94
1527613365390924314,ARKW,S,100,52.9
1527613362244475437,ARKW,S,200,53.18
1527613364313643593,ARKW,S,500,52.91
1527613365672991310,ARKW,S,200,52.94
1527613363634560477,ARKW,B,200,52.71
1527613371547927162,ARKW,B,500,52.82
1527613371295744650,ARKW,S,100,52.9
1527613371960017552,ARKW,S,500,52.9
1527613372152693437,ARKW,B,100,52.83
1527613378527385488,ARKW,B,200,52.77
1527613376269878284,ARKW,B,200,52.76
1527613374909028715,ARKW,B,500,52.83
1527613375869787175,ARKW,S,200,52.95
1527613375333640225,ARKW,S,200,53.19
1527613376369305659,ARKW,S,500,52.91
1527613377868245054,ARKW,S,200,52.95
1527613378420254795,ARKW,S,200,53.19
1527613379038590938,ARKW,S,500,52.91
1527613376546453470,ARKW,S,200,52.95
1527613376297416691,ARKW,B,500,52.83
1527613379191912910,ARKW,S,200,52.96
1527613382693503152,ARKW,S,200,0
1527613379274490166,ARKW,S,500,52.91
1527613379250700600,ARKW,S,200,52.96
1527613381678899198,ARKW,B,500,52.83
1527613382070083585,ARKW,S,200,53.19
1527613380703526941,ARKW,S,500,52.91
1527613380007927840,ARKW,S,200,52.95
1527613384223037250,ARKW,S,170,52.9
1527613384575097102,ARKW,B,500,52.83
1527613389540358310,ARKW,S,200,53.19
1527613388129501054,ARKW,S,500,52.91
1527613388967837567,ARKW,S,200,52.95
1527613395181062597,ARKW,S,200,53.19
1527613393990863483,ARKW,B,200,52.66
1527613395288410747,ARKW,B,200,52.75
1527613393471883900,ARKW,B,200,52.66
1527613395274722986,ARKW,B,200,52.72
1527613392740359772,ARKW,S,200,53.06
1527613396350649595,ARKW,S,500,52.91
1527613400215392135,ARKW,B,500,52.83
1527613398887370633,ARKW,S,200,53.18
1527613398223818646,ARKW,B,100,52.84
1527613396738379695,ARKW,S,500,52.91
1527613398894841776,ARKW,S,200,52.94
1527613400836762638,ARKW,S,200,52.95
1527613410719665639,ARKW,B,200,52.66
1527613411796094473,ARKW,B,500,52.83
1527613412130721290,ARKW,S,200,53.19
1527613410878459404,ARKW,B,200,52.77
1527613409535839554,ARKW,B,100,52.84
1527613409418726755,ARKW,S,500,52.91
1527613413136125284,ARKW,S,200,52.95
1527613416353579594,ARKW,B,200,52.76
1527613434320183479,ARKW,B,200,52.75
1527613431839260879,ARKW,B,200,52.65
1527613432987779302,ARKW,B,500,52.82
1527613430971891947,ARKW,B,200,52.76
1527613432261771504,ARKW,S,500,52.9
1527613431712710934,ARKW,B,100,52.83
1527613432175136872,ARKW,B,200,52.75
1527613438782847384,ARKW,S,200,53.17
1527613435574926962,ARKW,S,500,52.9
1527613435207270005,ARKW,S,200,52.93
1527613435301783491,ARKW,S,200,53.16
1527613438306545809,ARKW,B,200,52.74
1527613437682449181,ARKW,B,200,52.63
1527613436677454731,ARKW,B,100,52.82
1527613435226487698,ARKW,B,200,52.74
1527613438839684077,ARKW,B,500,52.81
1527613435980086328,ARKW,S,500,52.9
1527613438490639419,ARKW,S,200,52.92
1527613436538190934,ARKW,S,200,53.16
1527613438608669782,ARKW,S,200,52.93
1527613438084709463,ARKW,S,200,53.16
1527613440822889491,ARKW,S,200,53.17
1527613443088338804,ARKW,S,500,52.89
1527613441451970423,ARKW,S,200,0
1527613441736527765,ARKW,S,200,53.17
1527613439631285352,ARKW,S,500,52.91
1527613441649335401,ARKW,S,200,52.93
1527613439862299867,ARKW,S,500,52.9
1527613441201593563,ARKW,S,200,53.17
1527613442627984603,ARKW,S,200,0
1527613445433796617,ARKW,B,500,52.82
1527613445795162155,ARKW,S,200,53.17
1527613445055338459,ARKW,S,200,53.18
1527613445970877990,ARKW,S,200,53.05
1527613445292551412,ARKW,S,500,52.91
1527613443669028103,ARKW,B,500,52.82
1527613451522027957,ARKW,S,200,53.18
1527613450477787997,ARKW,S,200,53.19
1527613450956468777,ARKW,S,500,52.91
1527613449751458347,ARKW,S,200,52.95
1527613450983404144,ARKW,B,200,52.66
1527613449844071125,ARKW,B,500,0
1527613448986008282,ARKW,B,200,52.77
1527613449145656537,ARKW,B,200,0
1527613448132879101,ARKW,S,200,53.19
1527613450005963693,ARKW,B,200,52.72
1527613448572036016,ARKW,B,200,52.66
1527613448420923631,ARKW,B,200,52.72
1527613454520439670,ARKW,S,200,53.2
1527613455370377115,ARKW,S,200,53.07
1527613458321667090,ARKW,S,500,52.91
1527613457420940357,ARKW,B,500,52.83
1527613457754715208,ARKW,S,200,53.19
1527613459051148360,ARKW,S,200,0
1527613460332835912,ARKW,S,200,53.19
1527613456704959595,ARKW,S,500,52.91
1527613458420429931,ARKW,B,200,52.66
1527613457214108780,ARKW,B,200,52.71
1527613460060140657,ARKW,B,200,52.66
1527613457948570741,ARKW,S,200,52.95
1527613457433064773,ARKW,B,500,52.83
1527613456905106761,ARKW,B,200,52.77
1527613456799607038,ARKW,B,200,52.76
1527613459917886761,ARKW,S,200,53.19
1527613458085041535,ARKW,B,100,52.84
1527613458896311707,ARKW,S,500,52.91
1527613460193334685,ARKW,S,200,52.95
1527613468621853707,ARKW,B,200,52.65
1527613466522145837,ARKW,B,500,52.82
1527613467521045549,ARKW,S,500,52.9
1527613468451525677,ARKW,S,200,53.18
1527613466513036336,ARKW,B,200,52.76
1527613469285209136,ARKW,S,200,52.94
1527613468271367253,ARKW,B,100,52.83
1527613470268310892,ARKW,B,200,52.75
1527613479761850972,ARKW,S,200,53.17
1527613481007102061,ARKW,S,500,52.9
1527613479706081391,ARKW,S,200,52.93
1527613482030857387,ARKW,S,200,53.17
1527613479340539675,ARKW,S,500,52.9
1527613481866034973,ARKW,S,200,52.93
1527613484709970038,ARKW,S,200,52.94
1527613501717391680,ARKW,S,200,53.17
1527613499917458123,ARKW,S,200,53.04
1527613500896121871,ARKW,B,200,52.64
1527613499472876582,ARKW,B,500,52.81
1527613501943190569,ARKW,B,200,52.75
1527613499852985392,ARKW,S,170,52.89
1527613501079032893,ARKW,S,500,52.9
1527613502742139981,ARKW,S,500,52.89
1527613499959874641,ARKW,B,200,52.64
1527613501280687185,ARKW,B,200,52.74
1527613501163377748,ARKW,S,100,52.87
1527613502402597972,ARKW,B,200,52.64
1527613502742402149,ARKW,S,200,53.17
1527613500567000173,ARKW,B,500,52.81
1527613502951658606,ARKW,B,200,52.75
1527613500755612801,ARKW,S,500,52.9
1527613502645867650,ARKW,S,200,52.93
1527613500487570565,ARKW,B,100,52.82
1527613505812899621,ARKW,S,200,53.16
1527613504116635683,ARKW,B,500,52.82
1527613505919729880,ARKW,S,500,52.9
1527613507416441051,ARKW,S,200,52.92
1527613507128096881,ARKW,S,200,52.93
1527613504721680504,ARKW,S,170,52.89
1527613505146878093,ARKW,S,500,52.89
1527613507648547055,ARKW,B,200,52.74
1527613504530411033,ARKW,S,200,53.17
1527613510788375422,ARKW,S,200,53.04
1527613515424499365,ARKW,B,200,52.64
1527613512859289276,ARKW,B,500,52.81
1527613514539763389,ARKW,B,200,52.75
1527613516221744867,ARKW,S,500,52.89
1527613515484858098,ARKW,B,200,52.64
1527613514851321595,ARKW,B,500,52.81
1527613513705031423,ARKW,B,200,0
1527613515195778824,ARKW,S,200,53.17
1527613513366999613,ARKW,S,200,53.04
1527613513671295332,ARKW,B,100,52.82
1527613514857365901,ARKW,S,500,52.89
1527613513555953197,ARKW,S,200,53.17
1527613514713208192,ARKW,S,200,53.04
1527613519826869322,ARKW,B,200,52.74
1527613522111720435,ARKW,B,200,52.63
1527613523474707390,ARKW,B,200,52.62
1527613525555521688,ARKW,S,500,52.87
1527613528270809244,ARKW,S,200,52.9
1527613529033259549,ARKW,S,200,52.91
1527613528212620157,ARKW,B,500,52.8
1527613527899685759,ARKW,B,200,52.73
1527613531831365700,ARKW,S,200,53.15
1527613531298820165,ARKW,S,200,53.16
1527613532129030265,ARKW,B,100,52.81
1527613531130793225,ARKW,B,14,52.81
1527613529603626605,ARKW,S,200,53.03
1527613540939888806,ARKW,B,500,52.81
1527613538160574632,ARKW,S,500,52.89
1527613538791293123,ARKW,B,500,52.81
1527613541177327827,ARKW,S,200,53.16
1527613543861105131,ARKW,S,200,53.03
1527613552578866167,ARKW,S,500,52.9
1527613551624681609,ARKW,B,500,52.82
1527613551666821620,ARKW,B,100,52.83
1527613558715223339,ARKW,B,500,52.83
1527613559372233800,ARKW,S,200,53.19
1527613556825701758,ARKW,S,500,52.91
1527613558013148547,ARKW,S,200,52.95
1527613577044458129,ARKW,S,200,52.96
1527613577799400794,ARKW,S,200,53.19
1527613577225509721,ARKW,S,200,53.2
1527613578427571171,ARKW,B,200,52.67
1527613583002706498,ARKW,S,200,53.07
1527613584349876569,ARKW,B,200,52.66
1527613585035252067,ARKW,B,200,52.72
1527613582790409272,ARKW,S,500,52.91
1527613581168852893,ARKW,B,500,52.83
1527613584793911258,ARKW,B,100,52.84
1527613588004678940,ARKW,S,200,52.94
1527613588512714022,ARKW,S,200,52.95
1527613589548023099,ARKW,B,200,52.78
1527613585861819717,ARKW,B,200,52.77
1527613593020902979,ARKW,B,200,52.76
1527613598522714390,ARKW,S,200,52.96
1527613599884294612,ARKW,B,500,52.84
1527613604013043945,ARKW,S,200,53.19
1527613602900779450,ARKW,S,200,53.2
1527613602531230674,ARKW,S,200,53.07
1527613608134891066,ARKW,S,500,52.91
1527613610320123456,ARKW,S,200,52.94
1527613612719716273,ARKW,B,200,52.75
1527613627328987854,ARKW,S,200,52.92
1527613624541283023,ARKW,S,200,52.91
1527613625196449622,ARKW,S,200,52.91
1527613627193595574,ARKW,S,200,52.91
1527613624037193700,ARKW,S,200,52.91
1527613628212624375,ARKW,S,200,52.91
1527613624887721048,ARKW,S,200,52.91
1527613625483246950,ARKW,S,200,52.91
1527613624066097395,ARKW,S,200,52.91
1527613626443699357,ARKW,S,200,52.91
1527613625579082947,ARKW,B,200,52.74
1527613631912721487,ARKW,S,200,52.91
1527613642665582445,ARKW,S,200,52.92
1527613644107833197,ARKW,S,200,52.91
1527613642470558361,ARKW,S,200,52.91
1527613645261213812,ARKW,S,200,52.91
1527613653069169642,ARKW,S,200,52.91
1527613655203854322,ARKW,S,200,52.91
1527613666282847132,ARKW,S,200,52.91
1527613664337542055,ARKW,S,200,52.91
1527613678299074726,ARKW,B,200,52.73
1527613705277916269,ARKW,B,200,52.65
1527613701436738513,ARKW,B,200,52.71
1527613713910390165,ARKW,S,200,52.95
1527613728637334707,ARKW,S,200,52.93
1527613730025780403,ARKW,S,200,52.92
1527613728103609524,ARKW,S,200,52.91
1527613728483426064,ARKW,S,200,52.91
1527613735448519105,ARKW,S,200,52.91
1527613738460572670,ARKW,S,200,52.91
1527613739085394631,ARKW,S,200,52.91
1527613737218863842,ARKW,S,200,52.91
1527613740910464262,ARKW,S,200,52.91
1527613770124548780,ARKW,S,500,52.9
1527613772548135600,ARKW,S,200,52.9
1527613770194475710,ARKW,S,500,52.87
1527613786683252102,ARKW,S,500,52.86
1527613785127168472,ARKW,B,100,52.79
1527613784426523468,ARKW,B,200,52.6
1527613787124182599,ARKW,S,500,52.86
1527613791319264591,ARKW,B,200,52.59
1527613787739164017,ARKW,B,200,52.65
1527613791390136327,ARKW,S,500,52.85
1527613799748757265,ARKW,S,200,52.86
1527613797055752540,ARKW,S,200,52.87
1527613799014165685,ARKW,S,200,52.85
1527613797815984782,ARKW,S,200,52.85
1527613799784957845,ARKW,S,200,52.85
1527613796521661899,ARKW,S,200,52.88
1527613807406665956,ARKW,S,200,52.89
1527613814004423155,ARKW,S,200,53.11
1527613816018606579,ARKW,S,200,52.9
1527613815608154612,ARKW,S,200,52.91
1527613814806845942,ARKW,S,200,53.11
1527613815370258996,ARKW,B,100,52.76
1527613820486069154,ARKW,S,200,52.98
1527613821138174210,ARKW,S,500,52.85
1527613825367613528,ARKW,B,200,52.71
1527613822216511605,ARKW,B,200,52.7
1527613821683972792,ARKW,B,200,52.69
1527613826655038299,ARKW,B,200,52.61
1527613828400339286,ARKW,B,200,52.6
1527613828647344474,ARKW,B,200,52.66
1527613832353092923,ARKW,S,200,53.15
1527613832508675640,ARKW,B,100,52.78
1527613832345687610,ARKW,B,200,52.72
1527613834415904593,ARKW,S,500,52.86
1527613830193157977,ARKW,S,200,52.91
1527613845762492628,ARKW,B,200,52.71
1527613851140531617,ARKW,B,200,52.7
1527613854231977444,ARKW,B,200,52.69
1527613854303479176,ARKW,S,200,52.89
1527613852257183125,ARKW,S,200,0
1527613852155274651,ARKW,S,200,52.87
1527613852503008670,ARKW,S,200,52.86
1527613852767323165,ARKW,S,200,52.86
1527613854112861495,ARKW,S,200,52.86
1527613854158409041,ARKW,S,200,52.86
1527613852210286958,ARKW,B,200,52.58
1527613851847545203,ARKW,B,200,52.69
1527613854260973939,ARKW,B,200,52.58
1527613851833194693,ARKW,S,100,52.85
1527613855849047883,ARKW,S,500,52.85
1527613854818298780,ARKW,S,200,52.85
1527613852398123135,ARKW,S,200,52.85
1527613855694390156,ARKW,S,200,52.85
1527613854412575219,ARKW,S,200,52.85
1527613857321861139,ARKW,B,200,52.57
1527613856776012102,ARKW,B,200,52.63
1527613858888892758,ARKW,S,200,52.85
1527613859471327449,ARKW,B,100,52.76
1527613856725311719,ARKW,B,200,52.56
1527613856568886813,ARKW,B,200,52.62
1527613856776915342,ARKW,S,500,52.82
1527613871530167821,ARKW,S,200,53.1
1527613872531363569,ARKW,S,200,53.11
1527613871072335603,ARKW,S,200,53.09
1527613884985357864,ARKW,S,500,52.83
1527613883325134380,ARKW,S,200,52.87
1527613884647913024,ARKW,S,200,53.11
1527613885973919029,ARKW,S,500,52.85
1527613884850500919,ARKW,S,200,52.87
1527613885826463031,ARKW,B,100,52.8
1527613883330000185,ARKW,B,200,52.69
1527613881803076937,ARKW,B,200,52.58
1527613882925380986,ARKW,B,200,52.64
1527613887440566879,ARKW,S,200,52.88
1527613889173221180,ARKW,S,200,53.11
1527613889991700310,ARKW,B,100,52.76
1527613889731666432,ARKW,S,500,52.84
1527613886938259971,ARKW,S,200,52.87
1527613888119087654,ARKW,S,200,53.11
1527613888241070670,ARKW,B,200,52.7
1527613888735147889,ARKW,S,500,52.84
1527613889100838772,ARKW,S,200,52.87
1527613886716906670,ARKW,S,200,52.88
1527613891029051912,ARKW,S,200,53.12
1527613893524072968,ARKW,S,200,52.89
1527613892399016461,ARKW,S,200,53.12
1527613892090472997,ARKW,S,500,52.84
1527613891917982248,ARKW,S,200,52.88
1527613892627582184,ARKW,B,200,52.69
1527613896677934806,ARKW,S,200,53.11
1527613896298549855,ARKW,S,500,52.84
1527613896249856609,ARKW,S,200,52.87
1527613896070783437,ARKW,S,200,52.88
1527613900824801311,ARKW,B,100,52.8
1527613899380928981,ARKW,S,200,53.12
1527613902264381914,ARKW,B,200,0
1527613899916227070,ARKW,S,500,52.86
1527613901637792255,ARKW,S,200,52.88
1527613899275219516,ARKW,B,100,52.8
1527613902843064894,ARKW,B,200,52.7
1527613901665186383,ARKW,B,200,52.59
1527613901425259098,ARKW,B,100,52.8
1527613901415101024,ARKW,B,200,52.7
1527613899942113931,ARKW,B,200,52.59
1527613902028190359,ARKW,B,100,52.8
1527613899873039004,ARKW,B,200,52.7
1527613899148341933,ARKW,B,200,52.59
1527613899887588022,ARKW,B,100,52.8
1527613901011333815,ARKW,B,200,0
1527613902627910342,ARKW,B,200,52.59
1527613902152970964,ARKW,B,100,52.8
1527613900436453852,ARKW,B,200,52.61
1527613898930964269,ARKW,B,200,52.7
1527613899539409158,ARKW,S,200,52.89
1527613901421930761,ARKW,B,200,52.6
1527613900047116556,ARKW,B,200,52.59
1527613902956652834,ARKW,B,200,52.65
1527613903929990647,ARKW,S,200,52.9
1527613910967080248,ARKW,S,200,52.91
1527613907933757744,ARKW,S,200,53.15
1527613909646147957,ARKW,B,100,52.8
1527613908942422391,ARKW,B,200,0
1527613909039547529,ARKW,S,200,53.02
1527613909850825728,ARKW,S,500,52.87
1527613914485127758,ARKW,S,200,53.16
1527613912744506354,ARKW,S,200,53.17
1527613913975209855,ARKW,S,200,53.04
1527613916737766934,ARKW,B,200,52.72
1527613918703519629,ARKW,S,500,52.87
1527613920258819985,ARKW,S,200,52.9
1527613924182223469,ARKW,B,200,52.71
1527613922644823899,ARKW,B,200,52.6
1527613923377979112,ARKW,B,200,52.66
1527613936272894758,ARKW,S,200,52.88
1527613933606300455,ARKW,S,200,52.87
1527613933630942090,ARKW,S,200,52.87
1527613937173884299,ARKW,S,200,52.87
1527613933972189617,ARKW,S,200,52.87
1527613937010525812,ARKW,S,200,52.87
1527613940442807878,ARKW,S,200,52.87
1527613943119967405,ARKW,S,200,52.87
1527613943910397128,ARKW,S,200,52.87
1527613942450281997,ARKW,S,200,52.87
1527613944097594900,ARKW,B,100,52.8
1527613946413884396,ARKW,B,200,52.59
1527613949112853495,ARKW,S,500,52.86
1527613954127118490,ARKW,B,200,52.65
1527613952405880989,ARKW,B,200,52.59
1527613951669387423,ARKW,B,200,52.65
1527613966847264320,ARKW,S,200,52.88
1527613967035156033,ARKW,S,200,52.87
1527613963865376322,ARKW,S,200,52.86
1527613967294387467,ARKW,S,200,52.86
1527613970017344522,ARKW,S,200,52.86
1527613974251808070,ARKW,S,500,52.83
1527614008605953698,ARKW,S,200,53.11
1527614009710984489,ARKW,S,200,0
1527614008472288727,ARKW,S,200,52.99
1527614015030204480,ARKW,S,500,52.83
1527614015670097986,ARKW,S,200,52.86
1527614017475222222,ARKW,S,200,52.87
1527614019650841522,ARKW,S,200,52.85
1527614020832586674,ARKW,S,200,52.84
1527614022048082866,ARKW,S,200,52.83
1527614026536729888,ARKW,B,200,52.64
1527614026909957416,ARKW,B,200,52.53
1527614024301428009,ARKW,B,200,52.64
1527614025154510131,ARKW,B,200,52.53
1527614023645543856,ARKW,B,200,52.59
1527614024328560171,ARKW,B,100,49.33
1527614026605870828,ARKW,B,100,50.62
1527614025957326634,ARKW,B,100,49.3
1527614025528262512,ARKW,B,100,49.3
1527614027239473300,ARKW,B,100,50.62
1527614026624222141,ARKW,B,100,50.62
1527614024602712399,ARKW,B,100,52.73
1527614024054176081,ARKW,B,200,52.65
1527614027574114738,ARKW,B,100,52.74
1527614028452499029,ARKW,B,200,52.64
1527614034851584359,ARKW,B,200,52.53
1527614036143692135,ARKW,B,200,52.63
1527614035954096490,ARKW,B,200,52.53
1527614032483321125,ARKW,B,200,52.59
1527614042961372158,ARKW,B,100,52.73
1527614040720761856,ARKW,B,200,52.65
1527614044872622385,ARKW,B,200,52.55
1527614040969508226,ARKW,B,200,52.54
1527614043849760373,ARKW,B,200,52.6
1527614049860112888,ARKW,B,500,52.73
1527614051234140666,ARKW,B,200,52.66
1527614051270841016,ARKW,B,100,52.74
1527614050565805191,ARKW,B,200,52.55
1527614053241181414,ARKW,B,200,52.61
1527614049303647468,ARKW,B,100,52.73
1527614052321383663,ARKW,B,200,52.67
1527614050670016944,ARKW,S,200,53.09
1527614051207872707,ARKW,S,200,52.96
1527614055338288306,ARKW,B,200,52.66
1527614057327051998,ARKW,B,200,52.65
1527614055742721779,ARKW,B,200,52.54
1527614055401350277,ARKW,B,200,52.6
1527614079276532186,ARKW,S,500,52.81
1527614081191822272,ARKW,B,100,52.75
1527614081937884097,ARKW,B,200,52.66
1527614079786089271,ARKW,B,200,52.55
1527614081179908919,ARKW,B,200,52.65
1527614079761578808,ARKW,B,200,52.55
1527614086512346766,ARKW,S,200,53.07
1527614083884812059,ARKW,S,200,53.08
1527614085963286312,ARKW,B,100,52.75
1527614085386766126,ARKW,B,200,52.66
1527614083876423481,ARKW,B,200,52.55
1527614087218844753,ARKW,S,200,52.95
1527614085809362007,ARKW,B,200,52.54
1527614085182116956,ARKW,B,100,52.75
1527614083874739300,ARKW,B,200,52.56
1527614084339913865,ARKW,B,200,52.65
1527614086262019216,ARKW,B,200,52.55
1527614087187911835,ARKW,B,200,52.65
1527614086103028894,ARKW,B,200,52.64
1527614086931862709,ARKW,B,200,52.54
1527614084400862550,ARKW,B,100,52.76
1527614087727338840,ARKW,B,200,52.65
1527614084750366073,ARKW,B,200,0
1527614087088173473,ARKW,B,200,52.53
1527614085649462362,ARKW,S,500,52.79
1527614087409890397,ARKW,S,200,52.82
1527614090719888893,ARKW,B,200,52.52
1527614089642214926,ARKW,B,200,52.58
1527614090162708201,ARKW,B,100,52.71
1527614088924739653,ARKW,S,200,52.8
1527614089861838918,ARKW,S,200,52.79
1527614091669992101,ARKW,S,200,52.79
1527614087885877943,ARKW,S,200,52.79
1527614089834070606,ARKW,S,200,52.79
1527614094280975826,ARKW,S,200,52.79
1527614105564119517,ARKW,S,200,52.79
1527614106201260688,ARKW,S,200,52.79
1527614106573243239,ARKW,S,200,52.79
1527614120441310941,ARKW,S,200,52.79
1527614118479573374,ARKW,B,200,52.64
1527614121781082602,ARKW,S,200,52.83
1527614121748994158,ARKW,B,200,52.54
1527614125675852333,ARKW,B,100,52.73
1527614122729681455,ARKW,B,200,52.65
1527614122886836800,ARKW,B,200,52.54
1527614123091377186,ARKW,B,100,52.73
1527614125664123943,ARKW,B,200,52.65
1527614123079844457,ARKW,B,200,52.54
1527614126089716412,ARKW,B,200,52.62
1527614123874599637,ARKW,B,200,52.54
1527614122767500000,ARKW,S,200,52.81
1527614125447004896,ARKW,S,200,52.8
1527614123985748705,ARKW,S,200,0
1527614122285810421,ARKW,B,200,52.61
1527614124671845112,ARKW,B,200,52.63
1527614122252518151,ARKW,S,200,52.79
1527614125971817239,ARKW,S,200,52.79
1527614125753058083,ARKW,B,200,52.54
1527614124806914853,ARKW,B,200,52.62
1527614124475106094,ARKW,B,200,0
1527614123893801781,ARKW,B,200,52.63
1527614126189658984,ARKW,B,200,52.52
1527614122657137527,ARKW,S,200,52.79
1527614125547875156,ARKW,B,200,52.51
1527614123945913186,ARKW,B,200,52.57
1527614126380316886,ARKW,S,200,52.79
1527614129393145475,ARKW,S,200,52.8
1527614126499010180,ARKW,S,200,52.79
1527614131447890399,ARKW,S,200,52.79
1527614131440357410,ARKW,S,200,52.79
1527614133655898933,ARKW,S,200,0
1527614135959768092,ARKW,S,200,52.79
1527614138914476541,ARKW,S,500,52.78
1527614137480221202,ARKW,B,500,52.7
1527614136685793902,ARKW,B,100,52.71
1527614138951340153,ARKW,B,200,52.63
1527614142151410727,ARKW,S,200,53.04
1527614143486247975,ARKW,S,200,52.82
1527614141567812648,ARKW,S,200,53.04
1527614142558848956,ARKW,B,200,52.62
1527614142139955213,ARKW,S,200,0
1527614140448208915,ARKW,S,200,52.92
1527614139741994312,ARKW,S,500,52.78
1527614140133585018,ARKW,B,500,52.71
1527614142843309110,ARKW,S,200,53.06
1527614143516250062,ARKW,S,200,52.93
1527614147928088047,ARKW,S,500,52.79
1527614145703665153,ARKW,S,200,53.06
1527614143729329108,ARKW,S,200,53.07
1527614146830558215,ARKW,S,200,52.94
1527614151280592914,ARKW,S,500,52.79
1527614151663069230,ARKW,S,200,52.81
1527614148282067011,ARKW,S,200,52.82
1527614154847705338,ARKW,S,200,53.06
1527614152579045627,ARKW,S,200,0
1527614156178348283,ARKW,S,200,53.06
1527614156158753020,ARKW,S,200,52.83
1527614153369278723,ARKW,S,200,53.06
1527614154761591043,ARKW,S,200,52.84
1527614154353432836,ARKW,S,200,52.85
1527614155904932102,ARKW,S,200,53.06
1527614155245456213,ARKW,S,200,53.07
1527614153382334143,ARKW,S,200,52.94
1527614160114451441,ARKW,S,500,52.8
1527614158101120082,ARKW,S,200,53.08
1527614159877736440,ARKW,S,500,52.8
1527614158783481851,ARKW,S,200,52.84
1527614160442788232,ARKW,S,200,53.08
1527614159948462247,ARKW,S,200,52.95
1527614163377036844,ARKW,B,500,52.72
1527614162092531269,ARKW,S,500,52.82
1527614163373825608,ARKW,S,200,52.83
1527614164224220770,ARKW,B,500,52.73
1527614162145943139,ARKW,B,200,52.54
1527614164646665831,ARKW,B,200,52.65
1527614162197651069,ARKW,S,200,53.07
1527614162203942527,ARKW,B,100,52.74
1527614161505328800,ARKW,S,500,52.81
1527614165059477153,ARKW,S,200,52.83
1527614161647742480,ARKW,S,200,52.84
1527614163232599749,ARKW,S,200,53.08
1527614162347012763,ARKW,S,500,52.81
1527614160944345757,ARKW,S,200,52.84
1527614164093612726,ARKW,S,200,53.08
1527614161323209399,ARKW,S,200,0
1527614162841416381,ARKW,S,200,53.08
1527614162962483700,ARKW,S,200,53.09
1527614161829891101,ARKW,S,500,52.81
1527614162681269285,ARKW,S,200,52.85
1527614162384261637,ARKW,B,200,52.56
1527614161868034587,ARKW,B,500,52.73
1527614161964241439,ARKW,B,200,52.67
1527614164624347689,ARKW,S,200,53.09
1527614164901171766,ARKW,S,500,52.81
1527614162429547064,ARKW,S,200,52.85
1527614161542189646,ARKW,B,200,52.56
1527614162401825384,ARKW,B,500,52.73
1527614162838360682,ARKW,B,200,52.67
1527614166037510383,ARKW,S,200,52.86
1527614168915589904,ARKW,S,200,53.09
1527614166093609745,ARKW,S,200,52.87
1527614169026280212,ARKW,S,200,53.09
1527614167322803048,ARKW,S,200,53.1
1527614166211705732,ARKW,S,200,52.97
1527614166008610797,ARKW,B,200,52.57
1527614166081093660,ARKW,S,500,52.82
1527614168927592065,ARKW,B,200,52.56
1527614165181816485,ARKW,B,200,52.62
1527614166687530879,ARKW,B,500,52.75
1527614168667832193,ARKW,B,200,52.68
1527614166794425034,ARKW,S,200,53.1
1527614166730986225,ARKW,B,100,52.76
1527614173523301506,ARKW,S,200,52.97
1527614170649812567,ARKW,B,200,52.67
1527614178066260710,ARKW,B,200,52.66
1527614181315339287,ARKW,B,200,52.55
1527614180556433019,ARKW,B,200,0
1527614182925557965,ARKW,B,100,52.78
1527614183780344017,ARKW,B,200,52.68
1527614184455890235,ARKW,S,500,52.83
1527614185068732330,ARKW,S,522,52.79
1527614185172803558,ARKW,B,200,52.57
1527614186574356476,ARKW,B,500,52.75
1527614184527994880,ARKW,B,200,52.68
1527614183410409512,ARKW,B,100,52.76
1527614182516503947,ARKW,B,200,52.67
1527614192268568949,ARKW,S,200,52.84
1527614194837842300,ARKW,S,200,52.85
1527614191216257667,ARKW,B,200,52.66
1527614194867727192,ARKW,B,200,52.56
1527614194063210147,ARKW,B,200,52.55
1527614194009667240,ARKW,B,200,52.61
1527614199410428867,ARKW,B,200,52.75
1527614197920664517,ARKW,B,200,52.68
1527614197254034392,ARKW,B,200,52.67
1527614196592017358,ARKW,S,200,52.86
1527614195621363787,ARKW,S,200,53.1
1527614195383075774,ARKW,S,500,52.83
1527614195950617536,ARKW,B,200,52.57
1527614195239617473,ARKW,S,200,52.86
1527614195973163782,ARKW,B,200,52.63
1527614200134869165,ARKW,S,200,52.87
1527614203302814777,ARKW,B,200,52.76
1527614202082425126,ARKW,B,200,52.69
1527614203183036878,ARKW,B,200,52.68
1527614207207193103,ARKW,S,200,53.11
1527614208047757918,ARKW,B,100,52.77
1527614206438128537,ARKW,S,200,52.98
1527614220388165236,ARKW,B,200,52.77
1527614228146261383,ARKW,B,200,52.77
1527614228200985345,ARKW,S,500,52.85
1527614227885101836,ARKW,S,100,52.83
1527614229280756500,ARKW,B,200,52.77
1527614228855493411,ARKW,S,200,53.12
1527614226496983844,ARKW,S,200,52.99
1527614228260885286,ARKW,S,200,53.12
1527614229007416813,ARKW,S,200,52.99
1527614243498224655,ARKW,S,100,52.83
1527614242986978323,ARKW,S,200,52.86
1527614242629544997,ARKW,S,200,53.1
1527614246643756167,ARKW,S,200,53.11
1527614242716183689,ARKW,S,100,52.83
1527614245535345803,ARKW,S,200,52.87
1527614243410996609,ARKW,B,200,52.58
1527614244952468865,ARKW,B,200,52.67
1527614243107237250,ARKW,B,200,52.58
1527614245229948301,ARKW,S,200,53.11
1527614246630059434,ARKW,S,100,52.83
1527614242541465005,ARKW,S,200,52.87
1527614244722438265,ARKW,S,200,53.1
1527614243469587867,ARKW,B,200,52.57
1527614246405469800,ARKW,B,200,52.63
1527614246358490259,ARKW,S,100,52.83
1527614242552749206,ARKW,S,200,52.86
1527614246605757606,ARKW,S,200,53.1
1527614242931219893,ARKW,S,200,53.11
1527614250888732792,ARKW,S,200,52.98
1527614263242434400,ARKW,S,100,52.83
1527614260391290739,ARKW,S,200,53.11
1527614260819504721,ARKW,S,200,53.12
1527614263908881550,ARKW,B,100,0
1527614261645333649,ARKW,B,200,52.7
1527614260020827300,ARKW,B,200,52.59
1527614261078327835,ARKW,S,200,52.99
1527614259678479423,ARKW,B,200,52.58
1527614262094922829,ARKW,S,100,52.83
1527614262670918753,ARKW,S,200,53.11
1527614263226205282,ARKW,S,200,52.99
1527614259970704483,ARKW,S,200,53
1527614263272211743,ARKW,S,200,53.11
1527614267430940023,ARKW,B,200,52.64
1527614266117205372,ARKW,S,200,53.12
1527614264187058635,ARKW,S,200,52.99
1527614271110550333,ARKW,S,100,52.83
1527614269629776303,ARKW,S,200,53.11
1527614270923784623,ARKW,S,200,53
1527614272456482867,ARKW,S,200,53.11
1527614274732064097,ARKW,S,200,52.98
1527614274267297528,ARKW,B,100,52.78
1527614279872840190,ARKW,B,200,52.7
1527614278261976004,ARKW,B,200,52.69
1527614281748328162,ARKW,S,100,52.83
1527614284935278353,ARKW,S,200,53.12
1527614281329553833,ARKW,S,200,53.13
1527614283248316841,ARKW,S,200,53.11
1527614281934385595,ARKW,S,100,52.85
1527614283962528190,ARKW,S,200,52.89
1527614284731921884,ARKW,S,500,52.85
1527614282068735529,ARKW,B,200,52.78
1527614286084256279,ARKW,S,200,53.13
1527614285830435360,ARKW,S,100,52.87
1527614289261376035,ARKW,S,200,52.89
1527614286556312110,ARKW,S,200,53.13
1527614288474485294,ARKW,S,500,52.86
1527614285919236656,ARKW,S,200,52.89
1527614295290779595,ARKW,S,200,53.12
1527614295101279092,ARKW,S,200,53.13
1527614296379365292,ARKW,S,200,53
1527614300594946557,ARKW,S,500,52.86
1527614303481030983,ARKW,S,200,53.12
1527614305382427184,ARKW,S,100,52.86
1527614306772838962,ARKW,S,200,52.88
1527614306297637441,ARKW,S,200,53.12
1527614304718023247,ARKW,S,100,52.86
1527614303530969683,ARKW,S,200,52.88
1527614304664939105,ARKW,S,200,53.12
1527614305782458989,ARKW,S,100,52.86
1527614303148042865,ARKW,S,200,52.88
1527614306057448064,ARKW,S,200,53.12
1527614303695399564,ARKW,S,100,52.86
1527614305064315534,ARKW,S,200,52.88
1527614303254932204,ARKW,S,200,53.12
1527614304597961452,ARKW,S,200,0
1527614302856276720,ARKW,S,200,53.12
1527614303755692928,ARKW,S,100,52.86
1527614306134856459,ARKW,S,200,52.88
1527614311066391573,ARKW,S,200,53.12
1527614307164116095,ARKW,S,200,53.13
1527614310175496854,ARKW,S,200,53
1527614306939853465,ARKW,S,200,53.13
1527614309372025545,ARKW,S,200,53
1527614306962314067,ARKW,S,500,52.86
1527614313681763642,ARKW,S,170,52.85
1527614318464853827,ARKW,S,200,53.12
1527614319216879453,ARKW,S,500,52.86
1527614317462087519,ARKW,S,200,52.88
1527614321680476515,ARKW,S,200,52.89
1527614322318827471,ARKW,S,170,52.85
1527614326920579543,ARKW,S,200,53.13
1527614325514635759,ARKW,S,500,52.86
1527614324216826356,ARKW,S,200,52.89
1527614332141092250,ARKW,S,200,52.9
1527614335970194829,ARKW,S,200,53.14
1527614335493682610,ARKW,B,100,52.79
1527614334974375373,ARKW,S,500,52.86
1527614335006225875,ARKW,S,200,52.9
1527614335527630799,ARKW,B,200,52.79
1527614333048600807,ARKW,S,200,53.14
1527614334699583952,ARKW,S,100,52.87
1527614335173933522,ARKW,S,200,52.9
1527614334731041259,ARKW,B,200,52.79
1527614335587662321,ARKW,S,200,53.14
1527614334892522029,ARKW,S,500,52.87
1527614334852282929,ARKW,S,200,52.9
1527614333836818903,ARKW,S,200,52.91
1527614336826049520,ARKW,S,200,53.15
1527614333545972806,ARKW,S,500,52.87
1527614333781705802,ARKW,S,200,52.91
1527614333100263496,ARKW,B,200,52.79
1527614334529029879,ARKW,S,200,53.14
1527614335928551159,ARKW,S,200,52.92
1527614335526815480,ARKW,S,200,53.14
1527614333414460452,ARKW,S,200,53.15
1527614335650746923,ARKW,S,200,53.02
1527614335854240671,ARKW,S,500,52.88
1527614340435089755,ARKW,B,200,52.8
1527614338616072541,ARKW,S,200,53.14
1527614337785601007,ARKW,S,500,52.88
1527614337637620723,ARKW,B,200,52.61
1527614340503444467,ARKW,S,200,52.9
1527614340127661905,ARKW,B,200,52.67
1527614342505001516,ARKW,S,200,52.88
1527614345153583633,ARKW,S,200,52.88
1527614341636594342,ARKW,S,200,52.88
1527614352417081337,ARKW,S,200,52.88
1527614352144657714,ARKW,S,200,52.88
1527614352208162496,ARKW,S,200,52.88
1527614350816582834,ARKW,S,200,52.88
1527614355522037013,ARKW,S,170,52.87
1527614357899027770,ARKW,B,200,52.79
1527614354618426683,ARKW,S,500,52.87
1527614362818371803,ARKW,B,200,52.73
1527614366926692793,ARKW,S,200,52.91
1527614364933809965,ARKW,B,200,52.72
1527614364702074734,ARKW,S,200,53.14
1527614364111136714,ARKW,B,100,52.8
1527614366505166831,ARKW,S,500,52.87
1527614364319213558,ARKW,S,200,52.9
1527614367930414361,ARKW,S,200,52.91
1527614368679438195,ARKW,S,200,53.15
1527614367778383763,ARKW,S,500,52.88
1527614370460379028,ARKW,S,200,52.91
1527614378523530375,ARKW,B,200,52.62
1527614383729135414,ARKW,S,200,52.92
1527614380823990090,ARKW,B,200,52.68
1527614402715099143,ARKW,S,200,52.9
1527614404533592071,ARKW,S,200,52.89
1527614401560813576,ARKW,S,200,52.88
1527614404824965498,ARKW,S,200,52.88
1527614405663891928,ARKW,S,200,52.88
1527614455808885036,ARKW,B,200,52.81
1527614455803773231,ARKW,B,200,52.74
1527614454054694712,ARKW,S,200,53.16
1527614456639500109,ARKW,B,100,52.82
1527614459179802089,ARKW,S,500,0
1527614457268772331,ARKW,S,200,52.93
1527614457670442939,ARKW,B,200,52.64
1527614459141201851,ARKW,B,200,52.73
1527614457654517692,ARKW,B,200,52.64
1527614457819277905,ARKW,B,200,52.63
1527614459579057914,ARKW,B,200,52.69
1527614458529766619,ARKW,S,200,52.94
1527614457614687503,ARKW,B,200,52.82
1527614458729520401,ARKW,B,200,52.76
1527614457390358606,ARKW,S,200,53.18
1527614458169647799,ARKW,S,500,52.9
1527614460980028089,ARKW,S,200,52.94
1527614458085630875,ARKW,S,200,53.18
1527614460509614701,ARKW,S,200,53.05
1527614458203142159,ARKW,B,200,52.75
1527614459779287725,ARKW,B,200,52.74
1527614465438335191,ARKW,B,100,52.83
1527614461996056835,ARKW,S,500,52.9
1527614465005165131,ARKW,S,200,52.92
1527614465327274576,ARKW,S,200,52.93
1527614469429750588,ARKW,S,200,52.94
1527614510952948570,ARKW,B,200,52.83
1527614510077075363,ARKW,S,200,53.18
1527614511439568803,ARKW,S,200,52.95
1527614510710349732,ARKW,S,200,52.96
1527614509937483691,ARKW,S,200,53.18
1527614512882081707,ARKW,S,200,52.97
1527614510904272878,ARKW,S,200,53.18
1527614508775794672,ARKW,S,200,52.98
1527614511843534832,ARKW,S,200,53.18
1527614510400318451,ARKW,S,500,52.91
1527614509786704885,ARKW,S,200,52.94
1527614512288934901,ARKW,S,170,52.9
1527614513225454707,ARKW,S,200,52.95
1527614515136615933,ARKW,S,200,53.19
1527614517020055054,ARKW,S,500,52.91
1527614516479776273,ARKW,S,200,52.95
1527614520016185272,ARKW,S,200,53.19
1527614518397118818,ARKW,B,100,52.84
1527614518089099640,ARKW,B,200,52.84
1527614517611342223,ARKW,S,500,52.94
1527614519956154768,ARKW,S,200,52.95
1527614519356182158,ARKW,S,200,53.19
1527614518119585721,ARKW,S,200,53.2
1527614518837204930,ARKW,S,200,53.07
1527614518240369116,ARKW,S,500,0
1527614518396092927,ARKW,S,200,53.19
1527614521353470478,ARKW,B,200,52.84
1527614523682908178,ARKW,S,200,53.06
1527614548206256211,ARKW,B,200,52.85
1527614548745420918,ARKW,S,500,52.93
1527614549156921956,ARKW,B,200,52.67
1527614547660617337,ARKW,B,200,52.66
1527614548985501942,ARKW,S,200,53.19
1527614549797165317,ARKW,B,100,52.87
1527614550970194183,ARKW,B,200,52.77
1527614552707912038,ARKW,S,200,53.06
1527614554883839218,ARKW,B,200,52.76
1527614557806231510,ARKW,B,200,52.65
1527614556237312419,ARKW,B,200,52.71
1527614570643825870,ARKW,S,100,52.94
1527614570715587793,ARKW,S,200,52.95
1527614571020002531,ARKW,S,200,53.19
1527614572677932259,ARKW,S,200,52.96
1527614570819396836,ARKW,S,200,53.19
1527614572820145393,ARKW,S,500,52.92
1527614569055298805,ARKW,S,200,52.95
1527614571222587679,ARKW,S,200,53.19
1527614570964310325,ARKW,S,500,52.93
1527614569417726263,ARKW,S,200,52.95
1527614582712200189,ARKW,S,200,0
1527614582543139745,ARKW,S,200,53.06
1527614587652924432,ARKW,S,100,52.94
1527614588819465234,ARKW,S,200,52.95
1527614588322374700,ARKW,S,500,52.93
1527614589042298142,ARKW,S,200,53.19
1527614586126994719,ARKW,S,200,52.96
1527614589595487519,ARKW,S,200,52.97
1527614589057633570,ARKW,S,200,53.19
1527614597680164361,ARKW,S,200,53.06
1527614607076460726,ARKW,S,500,52.91
1527614606881823912,ARKW,S,200,52.93
1527614606805026125,ARKW,S,200,52.94
1527614629061078867,ARKW,S,200,52.95
1527614629838081517,ARKW,S,200,53.19
1527614630423135094,ARKW,S,200,53.06
1527614645924424536,ARKW,S,100,52.91
1527614644874801198,ARKW,S,200,53.18
1527614641928192892,ARKW,S,500,52.91
1527614644967359357,ARKW,S,200,52.94
1527614659796957807,ARKW,S,200,0
1527614669316887042,ARKW,S,200,53.19
1527614675500357740,ARKW,S,200,53.06
1527614675742747877,ARKW,B,100,52.85
1527614674059980009,ARKW,B,200,52.77
1527614675975925003,ARKW,S,500,52.92
1527614673309925991,ARKW,S,200,53.19
1527614674933514855,ARKW,S,200,53.07
1527614676189710425,ARKW,S,200,53.19
1527614675095917380,ARKW,S,200,53.2
1527614672027849551,ARKW,S,200,53.07
1527614687014124666,ARKW,B,200,52.66
1527614686871424642,ARKW,B,200,52.65
1527614687321591435,ARKW,B,200,52.71
1527614690588389479,ARKW,S,500,52.92
1527614714328164373,ARKW,S,200,52.94
1527614711401720208,ARKW,S,200,52.95
1527614726981734881,ARKW,S,200,52.96
1527614727689337082,ARKW,S,200,0
1527614725866522838,ARKW,S,200,53.07
1527614777345476903,ARKW,B,100,52.87
1527614775781525803,ARKW,B,200,52.79
1527614777204509011,ARKW,S,500,52.94
1527614785229877586,ARKW,B,200,52.68
1527614795903357089,ARKW,B,200,52.74
1527614796126642028,ARKW,S,200,53.22
1527614795977613199,ARKW,S,500,52.95
1527614794576322450,ARKW,S,200,52.98
1527614808776570198,ARKW,B,200,52.87
1527614807323833687,ARKW,S,200,53.22
1527614809018660184,ARKW,B,200,52.8
1527614806829299094,ARKW,B,100,0
1527614805410837941,ARKW,S,500,52.95
1527614806865409463,ARKW,S,200,52.98
1527614813526552780,ARKW,B,200,52.69
1527614816707861395,ARKW,B,200,52.75
1527614813931041060,ARKW,S,200,0
1527614832916122692,ARKW,S,200,52.97
1527614831186693189,ARKW,S,200,52.96
1527614833253108805,ARKW,S,200,52.95
1527614835017600193,ARKW,S,200,52.95
1527614832159772178,ARKW,S,200,52.95
1527614835083605932,ARKW,S,200,52.95
1527614835996460213,ARKW,S,200,52.95
1527614837104164647,ARKW,S,200,0
1527614835319818942,ARKW,S,200,52.95
1527614842470854987,ARKW,S,200,52.95
1527614865134725944,ARKW,S,200,52.95
1527614863939907008,ARKW,S,200,52.95
1527614868361744686,ARKW,S,200,52.95
1527614873443385548,ARKW,S,200,52.95
1527614877692405687,ARKW,S,200,52.95
1527614878082812722,ARKW,S,200,52.95
1527614876702127698,ARKW,S,200,52.95
1527614877394987675,ARKW,S,200,52.95
1527614874411199301,ARKW,S,200,52.95
1527614875743820515,ARKW,S,200,52.95
1527614883992227038,ARKW,S,200,52.95
1527614883900805444,ARKW,S,200,52.95
1527614882418447902,ARKW,S,200,52.95
1527614887951299897,ARKW,S,200,52.95
1527614886731179874,ARKW,S,200,52.95
1527614887060440623,ARKW,S,200,52.95
1527614899155056474,ARKW,S,200,52.95
1527614897202238855,ARKW,S,200,52.95
1527614895499089882,ARKW,S,200,52.95
1527614897466022578,ARKW,S,200,52.95
1527614906918809193,ARKW,S,200,52.95
1527614908138238245,ARKW,S,200,52.95
1527614905414169863,ARKW,S,200,52.95
1527614904653898436,ARKW,S,200,52.95
1527614905049946796,ARKW,S,200,52.95
1527614917956681825,ARKW,S,200,52.95
1527614917216389051,ARKW,S,200,52.95
1527614917423247611,ARKW,S,200,52.95
1527614922528702862,ARKW,S,200,52.95
1527614963616544249,ARKW,B,100,0
1527614961661081298,ARKW,S,500,52.91
1527614960184110292,ARKW,B,200,52.65
1527614964649986338,ARKW,B,200,52.71
1527614989088897627,ARKW,S,100,52.93
1527614986602986393,ARKW,S,500,52.92
1527614996045138593,ARKW,S,200,53.21
1527614997370735265,ARKW,S,200,52.98
1527614997037550242,ARKW,S,200,53.21
1527614997929102085,ARKW,S,100,52.94
1527614994139679502,ARKW,S,200,52.97
1527614995578129344,ARKW,S,200,53.21
1527614997093256128,ARKW,S,200,52.98
1527614994822237128,ARKW,S,200,53.21
1527614997648149558,ARKW,S,100,52.94
1527614996152552504,ARKW,S,200,52.97
1527614995606572154,ARKW,S,500,52.93
1527614996823146390,ARKW,S,200,0
1527615007076262683,ARKW,B,100,52.88
1527615010415387423,ARKW,B,200,52.79
1527615009605886764,ARKW,B,200,52.68
1527615011092833068,ARKW,B,200,52.78
1527615008605086514,ARKW,B,200,52.68
1527615011249317116,ARKW,B,200,52.67
1527615007467760712,ARKW,B,200,52.73
1527615026000192750,ARKW,B,200,52.85
1527615024717325563,ARKW,B,200,52.67
1527615026563802363,ARKW,B,200,52.72
1527615024257675986,ARKW,B,200,52.67
1527615027111770703,ARKW,B,200,52.87
1527615026816727634,ARKW,B,200,52.78
1527615035835189298,ARKW,B,200,52.67
1527615033047615539,ARKW,B,200,52.77
1527615032937335619,ARKW,B,200,52.67
1527615036949536306,ARKW,B,200,52.73
1527615037725445059,ARKW,B,100,52.88
1527615039333436358,ARKW,B,200,52.8
1527615038332308436,ARKW,B,200,52.69
1527615038914530282,ARKW,B,200,52.68
1527615039308794987,ARKW,B,200,52.74
1527615038593683677,ARKW,S,200,53.22
1527615039888412975,ARKW,S,500,52.95
1527615040989352240,ARKW,S,200,52.98
1527615039802907020,ARKW,S,200,52.99
1527615077008517938,ARKW,S,200,0
1527615079771385107,ARKW,S,200,53.24
1527615078268319618,ARKW,S,200,53.11
1527615075698015825,ARKW,S,500,52.96
1527615078646546040,ARKW,S,200,53.24
1527615077237395602,ARKW,S,500,52.96
1527615079476105366,ARKW,S,200,53
1527615077297557851,ARKW,S,200,53.24
1527615078508859740,ARKW,S,200,53.01
1527615075736686941,ARKW,S,200,53.24
1527615078641374205,ARKW,S,500,52.96
1527615077902586879,ARKW,S,200,53
1527615083119583537,ARKW,S,200,53.24
1527615082782335299,ARKW,S,500,52.96
1527615081265897799,ARKW,S,200,53
1527615083254406910,ARKW,S,200,53.24
1527615083607843242,ARKW,S,500,52.97
1527615082218152365,ARKW,S,200,53
1527615081222536306,ARKW,S,200,53.01
1527615082235867346,ARKW,S,200,53.02
1527615098727110310,ARKW,B,200,52.92
1527615099153684136,ARKW,B,200,52.83
1527615106253932712,ARKW,S,200,53.26
1527615109318133952,ARKW,S,500,52.98
1527615109533354179,ARKW,S,200,53.02
1527615117854880683,ARKW,S,200,53.03
1527615122867005510,ARKW,B,200,52.74
1527615122765166835,ARKW,B,200,52.93
1527615119197518069,ARKW,B,200,52.85
1527615119435088698,ARKW,B,200,52.84
1527615121910849694,ARKW,S,200,53.27
1527615121294287036,ARKW,S,500,52.99
1527615122921480381,ARKW,S,200,53.03
1527615124452595486,ARKW,B,200,52.83
1527615125054215971,ARKW,B,200,52.83
1527615128789684818,ARKW,B,200,52.73
1527615128054174291,ARKW,B,200,52.73
1527615132212116420,ARKW,S,200,53.01
1527615133222550468,ARKW,S,200,53
1527615134326897604,ARKW,S,200,52.99
1527615134802557892,ARKW,S,200,53.01
1527615135572093458,ARKW,S,200,52.99
1527615134524116816,ARKW,S,200,52.99
1527615138686848345,ARKW,S,200,52.99
1527615138841006013,ARKW,S,200,52.99
1527615135980855217,ARKW,B,200,52.72
1527615139027427249,ARKW,B,200,52.72
1527615143251710849,ARKW,S,200,53
1527615144270467969,ARKW,S,200,52.99
1527615142147494786,ARKW,S,200,53
1527615142023375880,ARKW,S,200,52.99
1527615144916639459,ARKW,S,200,52.99
1527615148169685340,ARKW,B,200,52.78
1527615147536476509,ARKW,B,200,52.78
1527615151000868215,ARKW,B,100,52.9
1527615152045774201,ARKW,B,200,52.84
1527615152236483961,ARKW,B,200,52.85
1527615152648775578,ARKW,B,200,52.83
1527615156964137093,ARKW,S,200,53
1527615153691596934,ARKW,S,200,0
1527615155459364998,ARKW,S,200,53
1527615153918679806,ARKW,B,200,52.82
1527615173788295708,ARKW,S,200,53.04
1527615172390281757,ARKW,S,200,53.04
1527615181156473417,ARKW,S,200,53.27
1527615179257633354,ARKW,S,200,53.27
1527615182919850590,ARKW,S,500,53
1527615182889900640,ARKW,S,200,53.03
1527615179049228897,ARKW,S,200,53.02
1527615184489121480,ARKW,S,200,53.04
1527615200476640945,ARKW,B,100,52.92
1527615251241269281,ARKW,B,100,52.96
1527615249227818111,ARKW,S,200,53.28
1527615251603039359,ARKW,S,200,53.28
1527615251146187927,ARKW,S,500,0
1527615251152479385,ARKW,S,200,53.04
1527615247553832090,ARKW,S,200,53.03
1527615270570800623,ARKW,S,200,53.05
1527615272953165295,ARKW,S,200,0
1527615273123377408,ARKW,B,200,52.89
1527615269945929985,ARKW,B,200,52.88
1527615269952221446,ARKW,B,200,52.87
1527615271228862760,ARKW,S,200,53.06
1527615278537589110,ARKW,B,200,52.86
1527615284470172667,ARKW,B,200,52.85
1527615281901161483,ARKW,B,200,52.85
1527615289588738565,ARKW,S,200,53.28
1527615288234174982,ARKW,S,200,53.28
1527615290295102738,ARKW,S,200,53.15
1527615289747287315,ARKW,S,200,53.15
1527615297961415719,ARKW,S,500,53
1527615303023042878,ARKW,S,200,53.29
1527615301220606271,ARKW,S,200,53.29
1527615302928606193,ARKW,S,200,53.16
1527615300915930098,ARKW,S,200,53.16
1527615314286833103,ARKW,S,500,53
1527615315556396496,ARKW,S,200,53.03
1527615315817229776,ARKW,S,200,53.02
1527615314516097122,ARKW,S,200,53.04
1527615351012354191,ARKW,S,200,53.05
1527615353492367503,ARKW,S,200,53.05
1527615352779729772,ARKW,S,200,53.29
1527615354364324716,ARKW,S,200,53.06
1527615350880562029,ARKW,S,200,53.29
1527615353201716081,ARKW,S,200,53.29
1527615351099321250,ARKW,B,200,52.76
1527615353342159778,ARKW,B,200,52.76
1527615354130492322,ARKW,B,200,52.84
1527615350650989480,ARKW,B,200,52.76
1527615352058440616,ARKW,B,200,52.83
1527615352773702869,ARKW,B,200,0
1527615350864639190,ARKW,B,200,52.76
1527615354200814814,ARKW,S,200,53.16
1527615352324846815,ARKW,S,200,53.16
1527615358455476548,ARKW,B,200,52.82
1527615356443980102,ARKW,B,200,52.82
1527615357102617021,ARKW,B,100,52.94
1527615355229139391,ARKW,B,200,52.88
1527615355522740671,ARKW,B,200,52.89
1527615358907872408,ARKW,S,500,53.01
1527615356848275102,ARKW,S,200,53.3
1527615355031617183,ARKW,S,200,53.3
1527615355886141329,ARKW,S,500,53.02
1527615355127234451,ARKW,S,200,53.05
1527615355489189779,ARKW,S,200,53.06
1527615356827384328,ARKW,B,200,52.87
1527615362834666233,ARKW,B,200,52.86
1527615361771100169,ARKW,B,100,52.98
1527615359671002696,ARKW,B,100,52.98
1527615359869063932,ARKW,B,100,52.98
1527615364333523834,ARKW,B,100,52.98
1527615364223470552,ARKW,B,200,52.76
1527615366616714200,ARKW,B,200,52.76
1527615369514743522,ARKW,B,100,52.98
1527615368900605668,ARKW,B,200,52.87
1527615369488922340,ARKW,B,200,52.88
1527615368997664502,ARKW,B,200,52.76
1527615370405967606,ARKW,B,200,52.86
1527615371750176502,ARKW,B,200,52.76
1527615368871442167,ARKW,B,200,52.76
1527615370907859994,ARKW,B,200,52.82
1527615369250126875,ARKW,B,200,52.82
1527615373605418452,ARKW,S,200,53.29
1527615372217890261,ARKW,S,200,53.29
1527615372364625365,ARKW,S,200,53.07
1527615375801202135,ARKW,S,200,53.29
1527615372610254316,ARKW,S,500,53.03
1527615374538782192,ARKW,S,200,53.05
1527615375158752752,ARKW,S,200,53.04
1527615376212248792,ARKW,S,200,53.06
1527615432516745236,ARKW,S,200,53.07
1527615435283019796,ARKW,S,200,53.07
1527615452268934926,ARKW,S,200,0
1527615450372650767,ARKW,S,200,53.31
1527615451955083171,ARKW,B,100,52.97
1527615452684302245,ARKW,B,200,52.89
1527615453321312165,ARKW,B,200,52.9
1527615450520145380,ARKW,S,500,53.04
1527615453109210600,ARKW,S,200,53.08
1527615453466316264,ARKW,S,200,53.07
1527615450972410733,ARKW,B,200,52.79
1527615453435450221,ARKW,B,200,52.79
1527615450289149734,ARKW,S,200,53.09
1527615450012915539,ARKW,B,200,52.85
1527615450772346842,ARKW,B,200,52.85
1527615449819979061,ARKW,S,200,53.1
1527615454114688258,ARKW,S,200,53.33
1527615456590966166,ARKW,B,100,53
1527615455248330140,ARKW,B,200,52.91
1527615456036335004,ARKW,B,200,52.92
1527615454033762096,ARKW,S,500,53.07
1527615457379048242,ARKW,S,200,53.09
1527615458331758664,ARKW,B,200,52.9
1527615458791166044,ARKW,S,200,0
1527615457938413242,ARKW,S,200,53.07
1527615460576892906,ARKW,S,200,53.32
1527615458899957739,ARKW,S,200,53.32
1527615459313227755,ARKW,S,200,53.33
1527615458168903680,ARKW,S,200,53.2
1527615460446345216,ARKW,S,200,53.2
1527615457991891084,ARKW,B,200,52.8
1527615459264403596,ARKW,B,200,52.89
1527615460177320076,ARKW,B,200,52.8
1527615461997385868,ARKW,B,200,52.8
1527615458714294543,ARKW,B,100,52.98
1527615459091716373,ARKW,B,200,52.91
1527615459801864469,ARKW,B,200,52.92
1527615458038029590,ARKW,B,200,52.9
1527615461955276876,ARKW,S,500,53.04
1527615459869069856,ARKW,S,200,53.07
1527615460870197792,ARKW,S,200,53.06
1527615461883188001,ARKW,B,200,52.79
1527615460184036130,ARKW,B,200,52.79
1527615460904801058,ARKW,B,200,52.78
1527615458226410275,ARKW,B,200,52.8
1527615460107031948,ARKW,B,100,53
1527615461759325581,ARKW,B,200,52.9
1527615458020103566,ARKW,B,200,52.89
1527615462079272349,ARKW,B,200,52.78
1527615460020917662,ARKW,B,200,52.78
1527615460879766954,ARKW,B,100,53
1527615461847471532,ARKW,B,200,52.89
1527615459821163965,ARKW,B,200,52.78
1527615458721928638,ARKW,B,200,52.78
1527615458714654153,ARKW,B,100,53
1527615458984138187,ARKW,B,200,52.89
1527615461480207833,ARKW,B,200,52.78
1527615459499972058,ARKW,B,200,52.78
1527615460980169495,ARKW,B,100,53
1527615459560594201,ARKW,B,200,52.89
1527615460110375705,ARKW,B,200,52.9
1527615459628948267,ARKW,B,200,52.78
1527615462017473323,ARKW,B,200,52.78
1527615463491202373,ARKW,S,200,53.05
1527615464559111493,ARKW,S,200,53.04
1527615466209045829,ARKW,S,200,53.05
1527615463621619017,ARKW,S,200,0
1527615473291718297,ARKW,S,200,53.05
1527615474353139353,ARKW,S,200,53.04
1527615474940505911,ARKW,S,200,53.04
1527615474597818428,ARKW,B,200,52.77
1527615472663195709,ARKW,B,200,52.77
1527615474994119819,ARKW,S,200,53.04
1527615477249288260,ARKW,S,200,53.04
1527615476460509814,ARKW,S,200,53.04
1527615478408399799,ARKW,S,200,53.04
1527615475348535920,ARKW,S,200,53.04
1527615478444325808,ARKW,S,200,53.04
1527615477229421205,ARKW,S,200,53.04
1527615481900312712,ARKW,S,200,53.04
1527615481500030960,ARKW,S,200,53.04
1527615480628272212,ARKW,S,200,53.04
1527615479584949556,ARKW,B,200,52.83
1527615482053297460,ARKW,B,200,52.83
1527615494993050923,ARKW,S,200,53.08
1527615493422939436,ARKW,S,200,53.08
1527615494038008620,ARKW,B,100,53
1527615494822540078,ARKW,B,200,52.9
1527615495489303342,ARKW,B,200,52.91
1527615496153314112,ARKW,B,200,52.79
1527615495663629121,ARKW,B,200,52.79
1527615547733363367,ARKW,B,200,52.78
1527615545965333160,ARKW,B,200,52.78
1527615553453570308,ARKW,S,200,53.06
1527615554473900292,ARKW,S,200,53.05
1527615555468736772,ARKW,S,200,53.04
1527615556331321604,ARKW,S,200,53.06
1527615562111039561,ARKW,S,200,53.05
1527615563136874569,ARKW,S,200,53.04
1527615564663601225,ARKW,S,200,53.05
1527615564413646972,ARKW,B,200,52.76
1527615562554259581,ARKW,B,200,52.76
1527615563461802110,ARKW,B,200,52.82
1527615568612112120,ARKW,S,200,53.04
1527615566512278409,ARKW,S,200,53.04
1527615568631072074,ARKW,S,200,53.04
1527615567890712436,ARKW,S,200,53.04
1527615569431661292,ARKW,S,200,53.04
1527615576592531788,ARKW,S,200,53.05
1527615577938182476,ARKW,S,200,53.04
1527615573935047082,ARKW,S,200,53.05
1527615576957961125,ARKW,B,100,52.95
1527615577990023796,ARKW,S,500,53.03
1527615576923622007,ARKW,S,200,53.03
1527615577654545629,ARKW,S,200,53.28
1527615574755429598,ARKW,S,200,53.06
1527615575689448670,ARKW,S,200,53.28
1527615574333705660,ARKW,S,200,0
1527615578040749500,ARKW,S,200,53.28
1527615575415180734,ARKW,S,200,53.07
1527615576658529728,ARKW,S,200,53.28
1527615575362752492,ARKW,B,200,52.94
1527615578041667564,ARKW,B,200,52.94
1527615577323196500,ARKW,S,100,53
1527615577960927322,ARKW,S,200,53.04
1527615574099152987,ARKW,S,200,53.03
1527615575055847678,ARKW,S,200,53.28
1527615577675780350,ARKW,S,200,0
1527615575384906220,ARKW,B,200,52.76
1527615576882601693,ARKW,B,100,52.88
1527615575544618722,ARKW,B,200,52.87
1527615577569762021,ARKW,S,100,53
1527615577548069607,ARKW,S,200,53.05
1527615574090062568,ARKW,S,200,53.04
1527615579332250924,ARKW,B,200,52.76
1527615581775695148,ARKW,B,200,52.76
1527615580700844018,ARKW,S,200,53.28
1527615578626367475,ARKW,S,200,53.28
1527615582233469018,ARKW,S,100,53
1527615580542378076,ARKW,S,200,53.04
1527615580906561628,ARKW,S,200,0
1527615578499096675,ARKW,S,200,53.28
1527615579918541065,ARKW,S,200,53.29
1527615582211121417,ARKW,S,200,53.29
1527615580328141074,ARKW,S,200,53.16
1527615578703057974,ARKW,S,100,53
1527615581410355476,ARKW,S,200,53.28
1527615578886826262,ARKW,S,200,53.16
1527615579384703258,ARKW,S,200,53.28
1527615582271170848,ARKW,S,200,53.28
1527615582453297637,ARKW,S,500,53
1527615579101393383,ARKW,S,200,53.04
1527615579723067879,ARKW,S,200,53.03
1527615581711430799,ARKW,B,200,52.92
1527615581626561683,ARKW,B,200,52.86
1527615581836539027,ARKW,B,200,52.87
1527615580340286612,ARKW,S,200,53.28
1527615581678138516,ARKW,S,200,53.04
1527615578344125589,ARKW,S,200,53.28
1527615582435996876,ARKW,B,100,52.93
1527615579876947177,ARKW,S,500,53
1527615587087381501,ARKW,S,200,53.05
1527615589920371709,ARKW,S,200,53.05
1527615593360022024,ARKW,B,200,52.75
1527615591435688457,ARKW,B,200,52.75
1527615591807146536,ARKW,B,200,52.92
1527615592287656492,ARKW,B,200,52.86
1527615593001671212,ARKW,B,200,52.87
1527615595096594988,ARKW,S,200,53.28
1527615592116869677,ARKW,S,200,53.05
1527615593497123373,ARKW,S,200,0
1527615594925873709,ARKW,S,200,53.28
1527615592701390533,ARKW,B,200,52.75
1527615595324796613,ARKW,B,200,52.75
1527615592539778770,ARKW,S,500,53
1527615595265289939,ARKW,S,200,53.04
1527615595345571539,ARKW,S,200,53.03
1527615598027411573,ARKW,B,200,52.81
1527615596231266422,ARKW,B,200,52.81
1527615603816289345,ARKW,S,200,53.05
1527615602198929324,ARKW,S,200,53.29
1527615600761003949,ARKW,S,200,53.29
1527615601158651920,ARKW,B,100,52.95
1527615600164274194,ARKW,B,200,52.88
1527615600228302866,ARKW,B,200,52.89
1527615603492257857,ARKW,S,500,53.04
1527615601170251845,ARKW,S,200,53.05
1527615599950495814,ARKW,S,200,53.05
1527615600260415570,ARKW,S,500,53.03
1527615602523636489,ARKW,S,200,53.06
1527615611643406933,ARKW,B,200,52.87
1527615610082798821,ARKW,S,200,53.07
1527615613524279084,ARKW,B,200,52.77
1527615615895633708,ARKW,B,200,52.77
1527615613112612025,ARKW,B,200,52.83
1527615615513130169,ARKW,B,200,52.83
1527615619286143865,ARKW,B,200,52.95
1527615620081161082,ARKW,S,200,53.31
1527615618565051259,ARKW,S,200,53.31
1527615618677707643,ARKW,B,200,52.89
1527615619003880315,ARKW,B,200,52.9
1527615619672216443,ARKW,S,200,53.07
1527615618692387797,ARKW,S,200,53.31
1527615617231721430,ARKW,S,200,53.31
1527615619762331508,ARKW,S,200,53.18
1527615618238881653,ARKW,S,200,53.18
1527615621951201823,ARKW,S,500,53.03
1527615624900583973,ARKW,B,100,52.97
1527615634021750525,ARKW,S,200,53.32
1527615632208959230,ARKW,S,200,53.32
1527615633794864926,ARKW,S,500,53.04
1527615629761386274,ARKW,S,200,53.08
1527615630053349154,ARKW,S,200,53.07
1527615634799727742,ARKW,B,200,52.79
1527615637613778046,ARKW,B,200,52.79
1527615640343589011,ARKW,B,200,52.85
1527615638998659220,ARKW,B,200,52.85
1527615639590122704,ARKW,S,200,53.09
1527615638853115547,ARKW,S,200,53.33
1527615641215360667,ARKW,S,200,53.33
1527615639316848574,ARKW,S,500,53.05
1527615641749741503,ARKW,S,200,53.09
1527615642013392831,ARKW,S,200,53.08
1527615642909492297,ARKW,S,200,53.1
1527615644027162528,ARKW,S,200,53.34
1527615646239657888,ARKW,S,200,53.34
1527615646354870194,ARKW,S,500,53.06
1527615646547087284,ARKW,S,200,53.1
1527615646898294708,ARKW,S,200,53.09
1527615647050884411,ARKW,S,200,53.32
1527615649526048059,ARKW,S,200,53.32
1527615652537829651,ARKW,S,200,53.19
1527615654957615379,ARKW,S,200,53.19
1527615660754250528,ARKW,S,500,53.04
1527615660566440151,ARKW,B,200,52.96
1527615666660730307,ARKW,S,200,53.05
1527615666969470403,ARKW,S,200,53.06
1527615668272982049,ARKW,B,200,52.78
1527615665359120418,ARKW,B,200,52.84
1527615666192672802,ARKW,B,200,52.78
1527615667717892130,ARKW,B,200,52.78
1527615664705270135,ARKW,S,200,53.07
1527615664419408440,ARKW,B,200,52.84
1527615667129453112,ARKW,B,200,52.84
1527615673376789603,ARKW,S,200,53.05
1527615675627295843,ARKW,S,200,53.04
1527615673893746064,ARKW,S,100,53.03
1527615673147618731,ARKW,S,500,53.03
1527615706694378019,ARKW,S,200,53.04
1527615703818199588,ARKW,S,200,53.03
1527615703118209576,ARKW,S,200,53.04
1527615703182369488,ARKW,S,200,53.03
1527615704057275106,ARKW,S,200,53.03
1527615705967649521,ARKW,S,200,53.03
1527615711899823023,ARKW,S,200,53.03
1527615715555683461,ARKW,S,200,53.03
1527615713249678314,ARKW,S,200,53.03
1527615715453041763,ARKW,S,200,53.03
1527615719153221932,ARKW,S,200,53.03
1527615716741927361,ARKW,S,200,53.03
1527615726810981653,ARKW,S,200,53.03
1527615726711786757,ARKW,S,200,53.03
1527615733660954736,ARKW,S,200,53.04
1527615733335765106,ARKW,S,200,53.03
1527615733053042816,ARKW,S,200,53.04
1527615753986325602,ARKW,S,200,53.04
1527615750760119395,ARKW,S,200,53.03
1527615752599452771,ARKW,S,200,53.04
1527615752257816781,ARKW,S,200,53.03
1527615750957481723,ARKW,S,200,53.03
1527615756442016714,ARKW,S,200,53.03
1527615759722256072,ARKW,S,200,53.03
1527615759602016556,ARKW,S,200,53.03
1527615768833616620,ARKW,S,200,53.03
1527615772344164204,ARKW,S,200,53.03
1527615777208158374,ARKW,S,200,53.03
1527615777628878150,ARKW,S,200,53.03
1527615782849871303,ARKW,S,200,53.03
1527615781484109292,ARKW,S,200,53.03
1527615785428929537,ARKW,S,200,53.03
1527615786226983739,ARKW,S,200,53.03
1527615804937623279,ARKW,S,200,53.03
1527615802585407511,ARKW,S,200,53.03
1527615805019480252,ARKW,S,200,53.03
1527615802791190847,ARKW,S,200,53.03
1527615802963290506,ARKW,S,200,0
1527615802476103432,ARKW,S,200,53.03
1527615804880035117,ARKW,S,200,53.03
1527615805010795153,ARKW,S,200,53.03
1527615809776877385,ARKW,S,200,53.03
1527615816676439441,ARKW,S,200,53.03
1527615816578201135,ARKW,S,200,53.03
1527615814621324815,ARKW,S,200,53.03
1527615821899394138,ARKW,S,200,53.03
1527615822754051811,ARKW,S,200,53.03
1527615819886589683,ARKW,S,200,53.03
1527615824370988592,ARKW,S,200,53.03
1527615863346957416,ARKW,S,170,0
1527615865804229764,ARKW,B,200,52.93
1527615862505933957,ARKW,S,500,53.02
1527615862964751501,ARKW,B,200,52.76
1527615865241668749,ARKW,B,200,52.76
1527615883421972194,ARKW,S,100,53.01
1527615887335192311,ARKW,S,500,53.01
1527615885867189407,ARKW,B,200,52.75
1527615884079695008,ARKW,B,200,52.75
1527615883673600218,ARKW,B,100,52.92
1527615883228545245,ARKW,B,200,52.86
1527615883466768605,ARKW,B,200,52.87
1527615885564051764,ARKW,B,200,52.92
1527615886598209844,ARKW,S,500,53
1527615883920408885,ARKW,S,200,53.28
1527615886242742581,ARKW,S,200,53.28
1527615885287031094,ARKW,S,200,53.04
1527615884470452548,ARKW,B,200,52.75
1527615887350366532,ARKW,B,200,52.75
1527615890508339162,ARKW,B,200,52.81
1527615889876441053,ARKW,B,200,52.81
1527615888318269807,ARKW,S,200,53.05
1527615887851456880,ARKW,S,200,53.05
1527615934432058485,ARKW,S,200,53.06
1527615932652166262,ARKW,S,200,53.06
1527615934202187196,ARKW,S,200,53.29
1527615932998815165,ARKW,S,200,53.29
1527615932069645775,ARKW,S,500,53.01
1527615933164948945,ARKW,S,200,53.05
1527615933924576721,ARKW,S,200,53.04
1527615940396095223,ARKW,S,200,53.06
1527615969970063508,ARKW,S,200,53.3
1527615969528877155,ARKW,S,500,53.04
1527615972483436644,ARKW,S,200,53.06
1527615977427983720,ARKW,S,200,53.07
1527615983435098443,ARKW,S,200,53.05
1527615984444877131,ARKW,S,200,0
1527615982155461318,ARKW,S,100,53.03
1527615982254486236,ARKW,S,500,53.03
1527616011537336921,ARKW,S,200,53.04
1527616009341094490,ARKW,S,200,53.03
1527616009675065946,ARKW,S,200,53.04
1527616008551785192,ARKW,S,170,53.02
1527616009675596899,ARKW,S,500,53.02
1527616019245410073,ARKW,S,500,53.01
1527616061521832510,ARKW,B,100,52.96
1527616060027284048,ARKW,B,200,52.75
1527616061662997072,ARKW,B,200,52.8
1527616063204207184,ARKW,B,200,52.75
1527616061724996933,ARKW,B,200,52.75
1527616059708650822,ARKW,B,200,52.75
1527616061983489429,ARKW,B,200,52.81
1527616060208905622,ARKW,B,200,52.81
1527616060837854793,ARKW,B,100,52.96
1527616063341788835,ARKW,B,100,52.92
1527616063176969687,ARKW,B,100,52.96
1527616080188505405,ARKW,S,200,53.03
1527616077002014014,ARKW,S,200,53.02
1527616078210759998,ARKW,S,200,53.01
1527616079489367372,ARKW,S,200,53.03
1527616081002184610,ARKW,S,500,53
1527616081823612845,ARKW,B,200,52.74
1527616084552597421,ARKW,B,200,52.74
1527616082953060315,ARKW,B,100,52.92
1527616084824702944,ARKW,B,200,52.85
1527616080882122721,ARKW,B,200,52.86
1527616094214319829,ARKW,S,500,52.99
1527616094597508880,ARKW,B,200,52.74
1527616094615006993,ARKW,B,200,52.74
1527616095265392268,ARKW,B,100,52.93
1527616094824138382,ARKW,B,200,52.85
1527616095548114574,ARKW,B,200,52.86
1527616095231510173,ARKW,B,200,52.74
1527616093750003358,ARKW,B,200,52.74
1527616094199056042,ARKW,B,100,52.93
1527616097557513900,ARKW,B,200,52.85
1527616095359174317,ARKW,B,200,52.85
1527616095347443388,ARKW,B,200,52.74
1527616097417004732,ARKW,B,200,52.74
1527616096861587144,ARKW,B,100,52.93
1527616095405967050,ARKW,B,200,52.85
1527616094640178907,ARKW,B,200,52.74
1527616096692635355,ARKW,B,200,0
1527616096918021315,ARKW,B,100,52.93
1527616094456358087,ARKW,B,200,52.86
1527616094882407623,ARKW,B,200,52.85
1527616094544569561,ARKW,B,200,52.74
1527616097265362137,ARKW,B,200,52.74
1527616095734854635,ARKW,B,100,52.93
1527616094244172781,ARKW,B,200,52.85
1527616095074186221,ARKW,B,200,52.86
1527616093712479229,ARKW,B,200,52.74
1527616096091304957,ARKW,B,200,52.74
1527616096950351025,ARKW,B,100,52.93
1527616097402287286,ARKW,B,200,52.85
1527616093729322167,ARKW,B,200,52.86
1527616093883331779,ARKW,B,200,52.74
1527616094458606968,ARKW,B,100,52.93
1527616097262040444,ARKW,B,200,52.85
1527616097648375164,ARKW,B,200,0
1527616097019753871,ARKW,B,200,52.74
1527616095269877136,ARKW,B,200,52.74
1527616095743112766,ARKW,B,100,52.93
1527616095372768832,ARKW,B,200,52.86
1527616095515833920,ARKW,B,200,52.85
1527616097854944849,ARKW,B,200,52.74
1527616095181338194,ARKW,B,200,52.84
1527616096858535506,ARKW,B,200,52.74
1527616094018729557,ARKW,B,200,52.74
1527616097384527620,ARKW,B,100,52.93
1527616094333106395,ARKW,B,200,52.8
1527616096531314907,ARKW,B,200,52.8
1527616096419576030,ARKW,B,200,52.74
1527616094658689261,ARKW,B,100,52.93
1527616094796642709,ARKW,B,200,52.8
1527616097078081941,ARKW,B,200,52.8
1527616099638257453,ARKW,B,100,52.9
1527616103321534401,ARKW,B,100,52.93
1527616106265225015,ARKW,B,200,52.86
1527616102726281016,ARKW,B,200,52.87
1527616103038560081,ARKW,B,200,52.85
1527616105378981713,ARKW,B,200,52.85
1527616117079850378,ARKW,S,200,53.27
1527616115263389067,ARKW,S,200,53.27
1527616117452815966,ARKW,S,500,53
1527616117990800993,ARKW,S,200,53.04
1527616118301769313,ARKW,S,200,53.03
1527616142293217691,ARKW,B,100,52.95
1527616143485055709,ARKW,S,200,53.05
1527616142034809566,ARKW,S,200,53.05
1527616145063820632,ARKW,S,200,53.29
1527616143263153497,ARKW,S,200,53.29
1527616141835846668,ARKW,S,500,53.02
1527616143962489869,ARKW,S,200,0
1527616144401974285,ARKW,S,200,53.04
1527616150627758407,ARKW,S,500,53.01
1527616159451965387,ARKW,S,200,53.29
1527616158150748108,ARKW,S,200,53.29
1527616158192887782,ARKW,S,500,53.02
1527616161221109738,ARKW,S,200,53.05
1527616158136002539,ARKW,S,200,53.04
1527616163557134964,ARKW,S,200,53.06
1527616167999776074,ARKW,B,200,52.87
1527616170281674058,ARKW,B,200,52.88
1527616170826671434,ARKW,B,200,52.87
1527616167028860235,ARKW,B,200,52.89
1527616167682450764,ARKW,B,200,0
1527616167205677156,ARKW,B,200,52.9
1527616168375954819,ARKW,B,200,52.9
1527616169990304397,ARKW,B,200,52.9
1527616168683535273,ARKW,S,200,53.07
1527616166694845354,ARKW,S,200,0
1527616167887207352,ARKW,B,100,52.97
1527616169902242748,ARKW,S,500,53.03
1527616185213005104,ARKW,B,200,52.77
1527616187535600944,ARKW,B,200,52.77
1527616184375979346,ARKW,B,100,0
1527616185319107925,ARKW,B,200,52.88
1527616185959722325,ARKW,B,200,52.89
1527616185315820889,ARKW,B,200,52.95
1527616185416156508,ARKW,S,200,53.3
1527616187773158748,ARKW,S,200,53.3
1527616186415318391,ARKW,B,100,52.96
1527616187387413886,ARKW,S,500,53.03
1527616187922253184,ARKW,S,200,53.06
1527616183964009857,ARKW,S,200,53.05
1527616185659098541,ARKW,B,100,52.98
1527616185177802206,ARKW,B,200,52.77
1527616187962557918,ARKW,B,200,52.77
1527616185577440914,ARKW,B,100,52.98
1527616185001772695,ARKW,B,200,52.89
1527616185965086359,ARKW,B,200,52.88
1527616185912592035,ARKW,B,200,52.77
1527616186650593112,ARKW,B,100,52.98
1527616187467302745,ARKW,B,200,52.88
1527616183842768730,ARKW,B,200,52.89
1527616186123749227,ARKW,B,200,52.77
1527616184023648108,ARKW,B,200,52.77
1527616190627779128,ARKW,B,200,52.83
1527616190412558906,ARKW,B,200,52.83
1527616189862515289,ARKW,S,200,53.07
1527616196562068590,ARKW,S,200,53.08
1527616194172758653,ARKW,S,200,53.32
1527616196519078525,ARKW,S,200,53.32
1527616193777250357,ARKW,S,500,53.04
1527616193407168567,ARKW,S,200,53.08
1527616193683140663,ARKW,S,200,53.07
1527616199363271894,ARKW,S,200,53.09
1527616201031005570,ARKW,S,200,53.33
1527616204051821954,ARKW,S,200,53.33
1527616202030036381,ARKW,S,500,53.05
1527616204643612062,ARKW,S,200,53.08
1527616205027915166,ARKW,S,200,53.09
1527616209263134312,ARKW,S,200,53.1
1527616210459094412,ARKW,S,200,53.33
1527616212677488012,ARKW,S,200,53.33
1527616212394700224,ARKW,B,100,53
1527616211494497731,ARKW,B,200,52.91
1527616211679047107,ARKW,B,200,52.92
1527616213076930560,ARKW,S,500,53.07
1527616211018641410,ARKW,S,200,53.09
1527616211848523778,ARKW,S,200,53.08
1527616210706629353,ARKW,S,200,53.1
1527616221664680391,ARKW,S,200,53.11
1527616225928013060,ARKW,B,200,52.82
1527616225190470917,ARKW,B,200,52.82
1527616223499971832,ARKW,B,200,52.88
1527616226404855032,ARKW,B,200,52.88
1527616227885677474,ARKW,S,200,53.12
1527616230663748514,ARKW,S,200,53.12
1527616250796185089,ARKW,S,200,53.1
1527616252173358593,ARKW,S,200,53.09
1527616249842898434,ARKW,S,200,53.1
1527616250107991554,ARKW,S,200,53.08
1527616251159647746,ARKW,S,200,53.07
1527616338134118888,ARKW,S,200,53.09
1527616335254204905,ARKW,S,200,53.08
1527616336218042857,ARKW,S,200,53.09
1527616336300093929,ARKW,S,200,53.07
1527616335913628158,ARKW,S,200,53.07
1527616345620334215,ARKW,S,200,53.08
1527616345379423880,ARKW,S,200,53.08
1527616346364561032,ARKW,S,200,53.07
1527616344704084317,ARKW,S,200,53.07
1527616350446512699,ARKW,S,200,53.07
1527616347821861565,ARKW,S,200,53.07
1527616348560060803,ARKW,S,200,53.07
1527616348860840612,ARKW,S,200,53.07
1527616351416340464,ARKW,S,200,53.07
1527616352408560165,ARKW,S,200,53.07
1527616385483102453,ARKW,S,200,53.08
1527616382220327158,ARKW,S,200,53.07
1527616384842881270,ARKW,S,200,53.08
1527616387893336009,ARKW,S,200,53.07
1527616391733858419,ARKW,S,200,53.07
1527616396288813925,ARKW,S,200,53.07
1527616400571688327,ARKW,S,200,53.07
1527616403794436238,ARKW,S,200,53.07
1527616406083759521,ARKW,S,200,53.07
1527616431564631730,ARKW,S,200,53.12
1527616430174219955,ARKW,S,200,53.12
1527616441942635579,ARKW,S,200,53.34
1527616444450042939,ARKW,S,200,53.34
1527616445310268475,ARKW,S,200,53.13
1527616444707665030,ARKW,S,200,53.34
1527616442967553159,ARKW,S,200,53.34
1527616443444458663,ARKW,B,100,53
1527616442473019885,ARKW,S,100,53.1
1527616444618603002,ARKW,S,500,53.07
1527616442536327678,ARKW,S,200,53.1
1527616443818408446,ARKW,S,200,53.09
1527616443333442078,ARKW,B,200,52.81
1527616445463427614,ARKW,B,200,52.81
1527616450568034197,ARKW,S,100,53.06
1527616453695149994,ARKW,S,500,53.06
1527616461827553828,ARKW,B,200,52.87
1527616460064700965,ARKW,B,200,52.87
1527616462349023794,ARKW,B,100,53.02
1527616460175129140,ARKW,B,200,52.93
1527616462741912116,ARKW,B,200,52.93
1527616461601192518,ARKW,B,200,52.82
1527616459679873607,ARKW,B,200,52.82
1527616466758397904,ARKW,S,200,53.11
1527616464934596561,ARKW,S,200,53.11
1527616479079147208,ARKW,S,200,53.35
1527616477126960841,ARKW,S,200,53.35
1527616477590038360,ARKW,S,500,53.08
1527616479527216985,ARKW,S,200,53.11
1527616476208932698,ARKW,S,200,53.1
1527616480000396647,ARKW,B,200,52.88
1527616479149608296,ARKW,B,200,52.88
1527616479533649279,ARKW,S,200,53.12
1527616476902446018,ARKW,S,200,53.13
1527616491397927769,ARKW,S,200,53.37
1527616489331970906,ARKW,S,200,53.37
1527616489702511475,ARKW,S,500,53.09
1527616492272571254,ARKW,S,200,53.13
1527616492744561526,ARKW,S,200,53.12
1527616491433682137,ARKW,S,200,53.14
1527616505537257753,ARKW,S,200,53.15
1527616503586906394,ARKW,S,200,53.15
1527616505270243668,ARKW,S,200,53.37
1527616503794897237,ARKW,S,200,53.37
1527616501630964062,ARKW,B,100,53.02
1527616504467362144,ARKW,B,200,0
1527616504530997600,ARKW,B,200,52.96
1527616502180811126,ARKW,S,500,53.09
1527616503710028153,ARKW,S,200,53.13
1527616504342909305,ARKW,S,200,53.12
1527616505925728085,ARKW,B,200,52.94
1527616546702997847,ARKW,S,200,53.14
1527616544953973080,ARKW,S,200,53.14
1527616550017602637,ARKW,S,200,53.38
1527616553084032077,ARKW,S,200,53.38
1527616552219743340,ARKW,S,500,53.1
1527616551873385582,ARKW,S,200,53.14
1527616552316540014,ARKW,S,200,53.13
1527616558066759271,ARKW,S,200,53.15
1527616560622204519,ARKW,S,200,53.15
1527616563408792836,ARKW,B,200,52.85
1527616564879027460,ARKW,B,200,52.93
1527616566017518852,ARKW,B,200,52.85
1527616563035237637,ARKW,B,200,52.85
1527616574543048538,ARKW,B,200,52.91
1527616572925816667,ARKW,B,200,0
1527616583817633870,ARKW,B,100,53.05
1527616585169838181,ARKW,B,200,52.85
1527616583816388710,ARKW,B,200,52.85
1527616594222107815,ARKW,B,200,52.91
1527616592218541224,ARKW,B,200,52.91
1527616612729351143,ARKW,S,200,53.38
1527616611977915368,ARKW,S,200,53.38
1527616611826331791,ARKW,S,500,53.1
1527616611960287377,ARKW,S,200,53.14
1527616612324667537,ARKW,S,200,53.13
1527616613500985471,ARKW,S,200,0
1527616616009506943,ARKW,S,200,53.37
1527616614722191286,ARKW,S,500,53.09
1527616616286601143,ARKW,S,200,53.13
1527616616764751799,ARKW,S,200,53.12
1527616618153242356,ARKW,S,200,53.14
1527616628187614382,ARKW,S,200,53.38
1527616626781998255,ARKW,S,200,53.38
1527616628138986697,ARKW,S,500,53.1
1527616626349329612,ARKW,S,200,53.13
1527616626431511756,ARKW,S,200,53.14
1527616655442665520,ARKW,S,500,53.09
1527616761959023814,ARKW,S,200,53.15
1527616760468931783,ARKW,S,200,53.15
1527616770653195741,ARKW,S,200,53.37
1527616768773885406,ARKW,S,200,53.37
1527616771225981768,ARKW,S,500,53.09
1527616769468044106,ARKW,S,200,53.14
1527616770305790794,ARKW,S,200,53.13
1527616810849219042,ARKW,B,100,53.06
1527616814480962030,ARKW,B,200,52.82
1527616812592607727,ARKW,B,200,52.82
1527616812173378931,ARKW,S,200,53.12
1527616815020262771,ARKW,S,200,53.12
1527616811760239988,ARKW,S,200,53.11
1527616813108184436,ARKW,S,200,53.1
1527616812253267317,ARKW,S,200,53.09
1527616812623060377,ARKW,S,100,53.08
1527616811766963636,ARKW,S,500,53.08
1527616816185379258,ARKW,B,200,52.88
1527616818643175866,ARKW,B,200,52.88
1527616842740302932,ARKW,S,200,53.1
1527616841749595224,ARKW,S,200,53.09
1527616841775940696,ARKW,S,200,53.1
1527616845035963485,ARKW,S,200,53.08
1527616842759508689,ARKW,S,200,53.08
1527616842055521417,ARKW,S,200,53.08
1527616844559612789,ARKW,S,200,53.08
1527616848057909054,ARKW,S,200,53.08
1527616848746890785,ARKW,S,200,53.08
1527616847303398781,ARKW,S,200,53.08
1527616848076801693,ARKW,S,200,53.08
1527616850179389083,ARKW,S,200,53.08
1527616856836158798,ARKW,S,200,53.08
1527616857528481616,ARKW,S,200,53.08
1527616856270331186,ARKW,S,200,53.08
1527616859280949724,ARKW,S,200,53.08
1527616860484717506,ARKW,S,200,53.08
1527616858946927612,ARKW,S,200,53.08
1527616860608527421,ARKW,S,200,53.08
1527616867507125745,ARKW,S,200,53.08
1527616867957489246,ARKW,S,200,53.08
1527616878733141611,ARKW,S,100,53.06
1527616879528814208,ARKW,S,500,53.06
1527616895157424682,ARKW,B,100,53.02
1527616895944512057,ARKW,B,200,52.81
1527616894770827851,ARKW,B,200,52.81
1527616921068709255,ARKW,B,200,52.79
1527616919478478216,ARKW,B,200,52.79
1527616920709114220,ARKW,B,200,52.85
1527616919179307373,ARKW,B,200,52.85
1527616927728967767,ARKW,S,100,53.05
1527616929944084586,ARKW,S,500,53.05
1527617043788613487,ARKW,B,100,52.96
1527617061480786484,ARKW,B,200,52.91
1527617062495218228,ARKW,B,200,52.92
1527617061990870772,ARKW,B,200,52.9
1527617074053621808,ARKW,B,200,52.89
1527617075022506033,ARKW,B,200,52.89
1527617108941590103,ARKW,B,100,53
1527617116065247082,ARKW,S,200,53.08
1527617117572116330,ARKW,S,200,53.07
1527617118708445034,ARKW,S,200,53.06
1527617118774308714,ARKW,S,200,53.08
1527617119738343274,ARKW,S,200,53.05
1527617116290922378,ARKW,B,200,52.88
1527617118665226122,ARKW,B,200,52.88
1527617122874474286,ARKW,S,200,53.05
1527617126334344682,ARKW,S,200,53.05
1527617127515007176,ARKW,S,200,53.05
1527617126161238299,ARKW,S,200,53.05
1527617130089272711,ARKW,B,200,52.87
1527617131783181704,ARKW,B,200,52.87
1527617153955502083,ARKW,S,500,53.04
1527617151833249799,ARKW,S,200,53.04
1527617151836395541,ARKW,B,200,52.76
1527617151095379990,ARKW,B,200,52.76
1527617161673529416,ARKW,B,200,52.82
1527617160072550473,ARKW,B,200,52.82
1527617159871748534,ARKW,S,200,53.04
1527617167435508139,ARKW,S,200,53.04
1527617173901123181,ARKW,S,500,53.03
1527617174510411374,ARKW,S,200,53.03
1527617175967315012,ARKW,S,200,53.03
1527617176934044492,ARKW,S,200,53.03
1527617176370108765,ARKW,S,200,53.03
1527617178966386243,ARKW,S,200,53.03
1527617179893855125,ARKW,S,200,53.03
1527617183138469167,ARKW,S,200,0
1527617183171702647,ARKW,S,200,53.03
1527617188764705937,ARKW,S,200,53.03
1527617204282793014,ARKW,S,500,53.02
1527617201848261691,ARKW,S,200,53.02
1527617224417375505,ARKW,S,500,53.01
1527617225535026452,ARKW,S,200,53.01
1527617224978843227,ARKW,S,200,53.01
1527617230248815728,ARKW,S,200,53.01
1527617227844774759,ARKW,S,500,52.99
1527617250887460568,ARKW,S,200,53.28
1527617249068312281,ARKW,S,200,53.28
1527617249665476331,ARKW,S,500,53
1527617249287005933,ARKW,S,200,53.04
1527617249352083181,ARKW,S,200,53.03
1527617262141320052,ARKW,S,200,53.28
1527617264710265716,ARKW,S,200,53.28
1527617263893228512,ARKW,S,200,53.15
1527617262004218849,ARKW,S,200,53.15
1527617264014536516,ARKW,S,500,52.99
1527617299958255520,ARKW,S,200,53.29
1527617298342137761,ARKW,S,200,53.29
1527617298410950586,ARKW,S,500,53
1527617297451700158,ARKW,S,200,53.05
1527617297679896510,ARKW,S,200,53.04
1527617298790734684,ARKW,B,100,52.96
1527617299203611504,ARKW,B,200,52.76
1527617297228815217,ARKW,B,200,52.76
1527617296738605947,ARKW,B,100,52.96
1527617298770221948,ARKW,B,200,52.87
1527617299231398795,ARKW,B,200,52.76
1527617297133263756,ARKW,B,200,52.76
1527617298693428730,ARKW,B,200,52.82
1527617297029535227,ARKW,B,200,52.82
1527617297333753339,ARKW,S,200,53.29
1527617298637460987,ARKW,S,200,53.05
1527617300017976827,ARKW,S,200,53.29
1527617299256776208,ARKW,S,500,53.01
1527617302534820457,ARKW,S,200,0
1527617300791562858,ARKW,S,200,53.06
1527617321912744114,ARKW,B,100,52.97
1527617321690460143,ARKW,B,200,52.76
1527617319833759728,ARKW,B,200,52.76
1527617320025260478,ARKW,B,200,52.82
1527617318096929215,ARKW,B,200,52.82
1527617350745588808,ARKW,B,100,52.97
1527617349130388571,ARKW,B,200,52.75
1527617351409861723,ARKW,B,200,52.75
1527617348548827008,ARKW,B,200,52.81
1527617350711515008,ARKW,B,200,52.81
1527617355846427202,ARKW,B,100,52.97
1527617352036295252,ARKW,B,200,52.75
1527617355850818132,ARKW,B,200,52.75
1527617355041349043,ARKW,B,100,52.97
1527617352503074230,ARKW,B,200,52.86
1527617353119767990,ARKW,B,200,52.87
1527617355571338694,ARKW,B,200,52.75
1527617353868975559,ARKW,B,200,52.75
1527617365761733015,ARKW,B,200,52.81
1527617368552124823,ARKW,B,200,52.81
1527617374388956936,ARKW,B,100,52.97
1527617375911161609,ARKW,B,200,52.87
1527617376636972809,ARKW,B,200,52.88
1527617377326673689,ARKW,B,200,52.76
1527617375266549530,ARKW,B,200,52.76
1527617374723256102,ARKW,B,100,52.97
1527617374266273579,ARKW,B,200,52.87
1527617375476068139,ARKW,B,200,52.88
1527617375263403832,ARKW,B,200,52.76
1527617376713715524,ARKW,B,100,52.97
1527617374785646407,ARKW,B,200,52.87
1527617375452999495,ARKW,B,200,52.88
1527617375836647257,ARKW,B,200,52.76
1527617373753716570,ARKW,B,200,52.76
1527617381384412000,ARKW,B,100,52.97
1527617381364882274,ARKW,B,200,52.87
1527617381587442530,ARKW,B,200,52.88
1527617378070911859,ARKW,B,200,52.76
1527617380576287603,ARKW,B,200,52.76
1527617381628927884,ARKW,B,100,52.97
1527617379024658318,ARKW,B,200,52.86
1527617379491405710,ARKW,B,200,52.87
1527617381311340446,ARKW,B,200,52.75
1527617379030556575,ARKW,B,200,52.75
1527617379973901882,ARKW,B,100,52.97
1527617378322787900,ARKW,B,200,52.86
1527617378938564156,ARKW,B,200,52.87
1527617378605575756,ARKW,B,200,52.75
1527617380791004748,ARKW,B,200,52.75
1527617383915333907,ARKW,B,200,52.81
1527617386290555155,ARKW,B,200,52.81
1527617404009365201,ARKW,S,200,53.29
1527617406538923729,ARKW,S,200,53.29
1527617405372120818,ARKW,S,500,53.02
1527617403709931255,ARKW,S,200,53.05
1527617404248178423,ARKW,S,200,0
1527617407549373545,ARKW,S,200,53.06
1527617409723951644,ARKW,S,200,53.07
1527617411909033060,ARKW,B,100,52.97
1527617410950569063,ARKW,B,200,52.87
1527617409334058103,ARKW,B,200,52.76
1527617412037287608,ARKW,S,200,53.29
1527617410148605625,ARKW,S,200,53.29
1527617409480466332,ARKW,S,200,53.16
1527617411912703900,ARKW,S,200,53.16
1527617415911010066,ARKW,S,500,53.02
1527617414644372455,ARKW,S,500,53.01
1527617416695903313,ARKW,B,100,52.97
1527617420342719571,ARKW,B,200,52.87
1527617420130579557,ARKW,B,200,52.76
1527617417171891348,ARKW,B,200,52.82
1527617430190196313,ARKW,S,200,53.3
1527617433348834905,ARKW,S,200,0
1527617433503434350,ARKW,S,500,53.02
1527617432790533746,ARKW,S,200,53.06
1527617433504941682,ARKW,S,200,53.05
1527617457112813365,ARKW,B,100,52.97
1527617457334521663,ARKW,B,200,52.76
1527617455563542336,ARKW,B,200,52.76
1527617456155332422,ARKW,S,500,53.01
1527617486397764225,ARKW,B,200,52.75
1527617488902943361,ARKW,B,200,52.75
1527617493267207344,ARKW,S,200,53.04
1527617490322150577,ARKW,S,200,53.03
1527617491687134385,ARKW,S,200,0
1527617492342625457,ARKW,S,200,53.02
1527617491952424114,ARKW,S,200,53.01
1527617491089708231,ARKW,S,200,53.01
1527617490121818629,ARKW,S,200,0
1527617495304077623,ARKW,S,200,53.01
1527617497027038454,ARKW,S,200,53.01
1527617508612010089,ARKW,B,200,52.74
1527617506730995818,ARKW,B,200,52.74
1527617507387998130,ARKW,B,200,52.8
1527617509960613810,ARKW,B,200,52.8
1527617548186092694,ARKW,B,100,52.96
1527617546949887128,ARKW,B,200,52.86
1527617547645748376,ARKW,B,200,0
1527617549463061672,ARKW,B,200,52.75
1527617548597134505,ARKW,B,200,52.75
1527617557625002543,ARKW,B,200,52.81
1527617555733699120,ARKW,B,200,52.81
1527617567009467522,ARKW,S,200,53.06
1527617569820961922,ARKW,S,200,53.06
1527617580437160254,ARKW,B,100,52.97
1527617579741692224,ARKW,B,200,52.88
1527617580374966592,ARKW,B,200,52.89
1527617583413543247,ARKW,B,200,0
1527617582125564240,ARKW,B,200,52.87
1527617582900003152,ARKW,B,200,52.77
1527617580713853266,ARKW,B,200,52.77
1527617582827263926,ARKW,B,100,52.97
1527617582280693688,ARKW,B,200,52.88
1527617582456264632,ARKW,B,200,52.89
1527617581892196295,ARKW,B,200,52.77
1527617580814718920,ARKW,B,200,52.77
1527617580437821397,ARKW,B,100,52.97
1527617579783575514,ARKW,B,200,52.88
1527617580151166938,ARKW,B,200,52.89
1527617579670656999,ARKW,B,200,52.77
1527617583251085299,ARKW,B,100,52.97
1527617583030622197,ARKW,B,200,52.89
1527617583507724277,ARKW,B,200,52.88
1527617581808965637,ARKW,B,200,52.77
1527617580169058310,ARKW,B,200,52.77
1527617580140878132,ARKW,B,100,52.97
1527617582764611922,ARKW,B,100,52.97
1527617581381802353,ARKW,B,100,52.97
1527617583521684145,ARKW,B,100,52.97
1527617583498156723,ARKW,B,200,52.88
1527617580422945460,ARKW,B,200,52.89
1527617583633947332,ARKW,B,200,52.77
1527617580601137861,ARKW,B,200,52.87
1527617582077467333,ARKW,B,200,52.77
1527617581311941320,ARKW,B,200,52.77
1527617580212837072,ARKW,B,100,52.97
1527617581970512596,ARKW,B,200,52.88
1527617580357671637,ARKW,B,200,52.88
1527617581394320097,ARKW,B,200,52.77
1527617582558567150,ARKW,B,100,52.97
1527617580709599984,ARKW,B,200,52.88
1527617580725197552,ARKW,B,200,52.89
1527617580248226561,ARKW,B,200,52.77
1527617582267259649,ARKW,B,200,52.77
1527617582571478627,ARKW,B,100,52.97
1527617581371055718,ARKW,B,200,52.88
1527617581725081190,ARKW,B,200,52.89
1527617583154093686,ARKW,B,200,52.77
1527617582049615479,ARKW,B,200,52.77
1527617581750320314,ARKW,B,100,52.97
1527617582956775620,ARKW,B,100,52.97
1527617580099412155,ARKW,B,100,52.97
1527617581753016510,ARKW,B,200,52.88
1527617582511661246,ARKW,B,200,52.89
1527617580699918540,ARKW,B,200,52.77
1527617582031151308,ARKW,B,200,52.87
1527617579907784912,ARKW,B,200,52.77
1527617583248613584,ARKW,B,200,52.77
1527617582828343432,ARKW,B,100,52.97
1527617583077970058,ARKW,B,200,52.88
1527617583502250122,ARKW,B,200,52.89
1527617583548977305,ARKW,B,200,52.77
1527617581601378458,ARKW,B,200,52.77
1527617586786086917,ARKW,B,100,0
1527617585247694856,ARKW,B,200,52.89
1527617585311526920,ARKW,B,200,52.88
1527617586949140502,ARKW,B,200,52.77
1527617584607325921,ARKW,B,100,52.97
1527617584329715427,ARKW,B,200,52.88
1527617585660292835,ARKW,B,200,52.89
1527617584447352563,ARKW,B,200,52.77
1527617587755478771,ARKW,B,200,52.77
1527617598368960707,ARKW,B,200,52.83
1527617600734351555,ARKW,B,200,52.83
1527617600487149771,ARKW,B,100,52.97
1527617599590486221,ARKW,B,200,52.89
1527617598360309983,ARKW,B,200,52.78
1527617600817975519,ARKW,B,200,52.78
1527617598296805937,ARKW,S,200,53.07
1527617598360441396,ARKW,S,200,53.07
1527617600008017790,ARKW,S,200,53.3
1527617597967095679,ARKW,S,200,53.3
1527617599687415857,ARKW,B,100,52.96
1527617598087223348,ARKW,B,200,52.89
1527617598516418612,ARKW,B,200,52.9
1527617598311487600,ARKW,S,500,53.03
1527617599975184498,ARKW,S,200,53.06
1527617600456874098,ARKW,S,200,53.05
1527617598171241662,ARKW,B,200,52.88
1527617606678081179,ARKW,S,200,53.07
1527617611314249753,ARKW,B,200,52.77
1527617609946775578,ARKW,B,200,52.77
1527617611120402678,ARKW,B,200,52.83
1527617613636002038,ARKW,B,200,52.83
1527617635450557446,ARKW,S,200,53.08
1527617633872843783,ARKW,S,200,53.08
1527617651250409848,ARKW,B,100,52.99
1527617651902303306,ARKW,B,200,52.89
1527617652272188490,ARKW,B,200,52.9
1527617655159164514,ARKW,B,200,52.88
1527617680570681750,ARKW,B,200,52.77
1527617678500530583,ARKW,B,200,52.77
1527617700951160390,ARKW,S,200,0
1527617702296221254,ARKW,S,200,53.05
1527617703263532614,ARKW,S,200,53.04
1527617703604778566,ARKW,S,200,53.06
1527617700015568455,ARKW,S,200,53.03
1527617702031062602,ARKW,B,200,52.76
1527617700657428043,ARKW,B,200,52.76
1527617705511130921,ARKW,B,200,52.82
1527617704233047850,ARKW,B,200,52.82
1527617720530212506,ARKW,S,200,53.29
1527617718544275099,ARKW,S,200,53.29
1527617717977847507,ARKW,B,100,52.96
1527617718093322023,ARKW,S,500,53.01
1527617720631924520,ARKW,S,200,53.05
1527617721252484904,ARKW,S,200,53.04
1527617717106022243,ARKW,B,200,52.76
1527617719483799395,ARKW,B,200,52.76
1527617721429221804,ARKW,B,200,52.82
1527617724220858796,ARKW,B,200,52.82
1527617747028227609,ARKW,S,200,53.29
1527617745648301594,ARKW,S,200,53.29
1527617748484047085,ARKW,S,500,53.01
1527617750472409326,ARKW,S,200,53.06
1527617750742155502,ARKW,S,200,53.05
1527617756987239404,ARKW,B,100,52.96
1527617759882358229,ARKW,S,200,53.28
1527617758182747606,ARKW,S,200,53.28
1527617759823375837,ARKW,B,200,52.75
1527617758039289310,ARKW,B,200,52.75
1527617756009377257,ARKW,S,100,53.01
1527617759689485802,ARKW,S,200,53.04
1527617760033156586,ARKW,S,200,0
1527617759555530235,ARKW,S,200,53.28
1527617758039748092,ARKW,S,200,53.28
1527617756443291391,ARKW,S,500,53.01
1527617759432978176,ARKW,S,200,53.04
1527617759699447552,ARKW,S,200,53.03
1527617757588934520,ARKW,B,200,52.81
1527617760018354040,ARKW,B,200,52.81
1527617760873227938,ARKW,S,200,53.05
1527617789999474880,ARKW,S,200,53.03
1527617787199973569,ARKW,S,200,53.02
1527617788220500161,ARKW,S,200,53.03
1527617788233476289,ARKW,S,200,53.01
1527617787214457906,ARKW,S,200,53.01
1527617796886447300,ARKW,S,200,53.02
1527617794780906693,ARKW,S,200,53.01
1527617795310961861,ARKW,S,200,53.02
1527617834761314365,ARKW,B,100,52.97
1527617837131948094,ARKW,B,200,52.87
1527617833502826559,ARKW,B,200,52.88
1527617834680311888,ARKW,B,200,52.76
1527617837014900816,ARKW,B,200,52.76
1527617836168842228,ARKW,B,200,52.82
1527617834481617909,ARKW,B,200,52.82
1527617840652432323,ARKW,S,200,0
1527617838973137860,ARKW,S,200,53.06
1527617868946768772,ARKW,S,200,53.07
1527617871342240644,ARKW,S,200,53.07
1527617867694637964,ARKW,B,100,52.87
1527617871455355788,ARKW,B,200,52.84
1527617868524520333,ARKW,B,200,52.85
1527617869467976589,ARKW,B,200,52.84
1527617869668189069,ARKW,B,200,52.86
1527617870744224653,ARKW,B,200,52.87
1527617870711391157,ARKW,S,1000,53.02
1527617868431656368,ARKW,B,200,52.78
1527617871163000240,ARKW,B,200,52.78
1527617889778109232,ARKW,S,200,53.08
1527617889714604849,ARKW,S,200,53.08
1527617890666193319,ARKW,B,200,52.84
1527617893132509607,ARKW,B,200,52.84
1527617899975172011,ARKW,S,200,53.32
1527617898033536940,ARKW,S,200,53.32
1527617898196066284,ARKW,S,900,53.06
1527617899223867374,ARKW,S,200,53.08
1527617899924578286,ARKW,S,200,53.07
1527617901112622545,ARKW,S,200,53.06
1527617898638114269,ARKW,S,100,53.05
1527617900398673396,ARKW,S,1100,53.05
1527617898955832863,ARKW,B,100,52.96
1527617898935975459,ARKW,B,200,52.9
1527617900068175395,ARKW,B,200,52.91
1527617900837110409,ARKW,B,200,52.89
1527617902756381441,ARKW,B,200,52.78
1527617904977986305,ARKW,B,200,52.78
1527617903175681388,ARKW,B,200,52.84
1527617905285023084,ARKW,B,200,52.84
1527617932982823695,ARKW,B,100,0
1527617936563928552,ARKW,B,200,52.91
1527617937119411688,ARKW,B,200,52.9
1527617937707607498,ARKW,B,200,52.89
1527617948085120824,ARKW,B,200,52.8
1527617946775711545,ARKW,B,200,52.8
1527617945274224004,ARKW,S,200,53.09
1527617947866631556,ARKW,S,200,53.09
1527617950769313750,ARKW,B,200,52.86
1527617953222064086,ARKW,B,200,52.86
1527617950025108890,ARKW,S,200,53.1
1527617954625781738,ARKW,S,200,53.34
1527617956253499370,ARKW,S,200,53.11
1527617953436434411,ARKW,S,200,53.34
1527617955561111531,ARKW,S,200,53.12
1527617955687006191,ARKW,S,200,53.34
1527617956578492459,ARKW,S,900,53.06
1527617954436055087,ARKW,S,200,53.1
1527617954828550191,ARKW,S,200,53.09
1527617997083376571,ARKW,S,200,53.08
1527617998549416891,ARKW,S,200,53.07
1527617999521119163,ARKW,S,200,53.06
1527617999790734267,ARKW,S,200,53.08
1527618000200207781,ARKW,S,200,53.06
1527618021350864014,ARKW,S,200,53.11
1527618020038898831,ARKW,S,200,53.11
1527618022401594750,ARKW,S,200,53.35
1527618024880166270,ARKW,S,200,53.35
1527618022944101781,ARKW,S,900,53.07
1527618022303880600,ARKW,S,200,53.11
1527618022725473688,ARKW,S,200,53.1
1527618024668893316,ARKW,S,200,53.12
1527618041501425610,ARKW,S,200,53.36
1527618039702462411,ARKW,S,200,53.36
1527618040560984018,ARKW,B,100,53.02
1527618043079204819,ARKW,B,200,52.94
1527618043097030611,ARKW,B,200,52.95
1527618039433044438,ARKW,S,1100,53.11
1527618039900709338,ARKW,S,200,53.12
1527618042226713050,ARKW,S,200,53.12
1527618041937764932,ARKW,S,1100,53.09
1527618052798722614,ARKW,B,200,52.93
1527618055821963830,ARKW,B,200,52.93
1527618062061635892,ARKW,S,200,53.1
1527618063473871156,ARKW,S,200,53.09
1527618064607512884,ARKW,S,200,53.1
1527618064213849433,ARKW,S,200,53.09
1527618063911343633,ARKW,S,200,53.09
1527618060773944576,ARKW,S,200,53.09
1527618061966637132,ARKW,S,200,53.09
1527618065743691326,ARKW,S,200,53.09
1527618069246271626,ARKW,B,200,52.92
1527618067388522635,ARKW,B,200,52.92
1527618078044998219,ARKW,B,200,52.91
1527618080774244939,ARKW,B,200,52.91
1527618082213870477,ARKW,B,100,53.04
1527618084756887328,ARKW,B,200,52.81
1527618083962459937,ARKW,B,200,52.81
1527618084680800033,ARKW,B,200,52.91
1527618084091959074,ARKW,B,200,52.81
1527618084773140259,ARKW,B,200,52.91
1527618082846447404,ARKW,B,200,52.8
1527618082801686787,ARKW,S,1000,53.08
1527618085032532229,ARKW,S,200,53.08
1527618084528430166,ARKW,B,200,52.86
1527618083399441495,ARKW,B,200,52.86
1527618097990145415,ARKW,S,100,53.07
1527618097666790812,ARKW,S,900,53.07
1527618110514824402,ARKW,S,200,53.07
1527618108932038317,ARKW,S,200,53.07
1527618113171155572,ARKW,S,200,53.07
1527618122395285857,ARKW,S,200,53.07
1527618127712945830,ARKW,S,200,53.07
1527618133643748618,ARKW,S,200,53.07
1527618139133894738,ARKW,S,200,53.07
1527618159936692801,ARKW,B,100,53.01
1527618160206504515,ARKW,B,200,52.92
1527618161827930691,ARKW,B,200,52.93
1527618161110074868,ARKW,B,200,52.91
1527618199071631089,ARKW,B,200,52.9
1527618201641101041,ARKW,B,200,52.9
1527618198698338037,ARKW,S,200,53.08
1527618200113522421,ARKW,S,200,53.07
1527618201189361397,ARKW,S,200,53.08
1527618199665649673,ARKW,S,1000,53.06
1527618198462884350,ARKW,S,1000,53.05
1527618210187131937,ARKW,B,200,52.89
1527618256955974187,ARKW,S,200,53.34
1527618255294636588,ARKW,S,200,53.34
1527618256684065332,ARKW,S,100,53.09
1527618258112619061,ARKW,S,200,53.1
1527618256382337596,ARKW,S,100,53.08
1527618255343133323,ARKW,S,1100,53.08
1527618255287787005,ARKW,S,200,53.08
1527618257548661698,ARKW,S,200,53.08
1527618262826238824,ARKW,S,200,53.08
1527618264061008053,ARKW,S,900,53.07
1527618324463802768,ARKW,B,100,53.02
1527618323402774929,ARKW,B,200,52.81
1527618326258964881,ARKW,B,200,52.81
1527618323700046227,ARKW,B,200,52.92
1527618326821474438,ARKW,B,200,52.91
1527618325401243783,ARKW,B,200,52.91
1527618354826270849,ARKW,S,200,53.08
1527618352801732741,ARKW,S,200,53.07
1527618355598874757,ARKW,S,200,53.08
1527618354737404068,ARKW,B,200,0
1527618354980673701,ARKW,B,200,52.9
1527618389483347090,ARKW,S,200,53.11
1527618389482429587,ARKW,S,200,53.11
1527618398642151925,ARKW,B,100,53.03
1527618502779371197,ARKW,S,200,53.12
1527618501300551358,ARKW,S,200,53.12
1527618527543290358,ARKW,S,200,53.13
1527618526157662711,ARKW,S,200,53.13
1527618531238431657,ARKW,S,200,53.37
1527618529779338154,ARKW,S,200,53.37
1527618531162213698,ARKW,B,100,53.04
1527618529971752999,ARKW,S,900,53.09
1527618532774400040,ARKW,S,200,53.13
1527618528868192297,ARKW,S,200,53.12
1527618539363759954,ARKW,B,100,53.05
1527618570572449724,ARKW,S,200,53.11
1527618571688724412,ARKW,S,200,53.1
1527618568431126461,ARKW,S,200,53.09
1527618568945649597,ARKW,S,200,53.11
1527618575346779276,ARKW,S,200,53.09
1527618574768293929,ARKW,S,200,53.09
1527618574165058106,ARKW,B,200,52.81
1527618572149105211,ARKW,S,170,53.08
1527618572945039931,ARKW,B,200,52.89
1527618574170497595,ARKW,B,200,52.81
1527618574486905428,ARKW,B,200,52.81
1527618573404709461,ARKW,B,200,52.81
1527618574092378893,ARKW,B,100,53
1527618572692792084,ARKW,B,200,52.93
1527618573715612436,ARKW,B,200,52.92
1527618572266414993,ARKW,B,200,52.99
1527618574857315217,ARKW,B,200,52.99
1527618575903073212,ARKW,S,1000,53.08
1527618575124264104,ARKW,S,200,53.08
1527618573305116024,ARKW,B,200,52.91
1527618575208805998,ARKW,B,200,52.81
1527618573234730607,ARKW,B,200,52.81
1527618575990520211,ARKW,S,1000,53.07
1527618574065072533,ARKW,S,200,53.34
1527618575401351573,ARKW,S,200,53.1
1527618571882068374,ARKW,S,200,53.34
1527618573468957371,ARKW,S,900,53.06
1527618574114159453,ARKW,S,200,53.34
1527618572375751518,ARKW,S,200,53.34
1527618574171700113,ARKW,S,1000,53.07
1527618574438103957,ARKW,S,200,53.1
1527618574891219861,ARKW,S,200,53.09
1527618577197028378,ARKW,B,200,52.87
1527618577975464989,ARKW,B,200,52.87
1527618577962488867,ARKW,S,200,53.11
1527618587438092564,ARKW,S,200,53.09
1527618585517297941,ARKW,S,200,53.08
1527618586124882197,ARKW,S,200,53.09
1527618585121722646,ARKW,S,200,53.07
1527618586925797739,ARKW,S,200,53.07
1527618586812748260,ARKW,S,200,53.07
1527618587782550486,ARKW,S,1100,0
1527618588731316151,ARKW,S,900,53.05
1527618591743286648,ARKW,S,200,53.33
1527618590919826809,ARKW,S,200,53.33
1527618589600718202,ARKW,S,200,53.34
1527618593083039122,ARKW,S,900,53.06
1527618590064582038,ARKW,S,200,53.1
1527618590523137430,ARKW,S,200,53.09
1527618656773069865,ARKW,S,200,53.08
1527618655410117674,ARKW,S,200,53.08
1527618657283464234,ARKW,S,200,53.07
1527618655246998571,ARKW,S,200,0
1527618656194849348,ARKW,S,900,53.05
1527618660390574623,ARKW,S,200,53.06
1527618661709224479,ARKW,S,200,53.05
1527618658646530592,ARKW,S,200,53.06
1527618661159377782,ARKW,S,200,53.05
1527618658298865663,ARKW,S,200,53.05
1527618659012880545,ARKW,S,200,53.05
1527618659280928429,ARKW,B,100,52.96
1527618660873846756,ARKW,S,900,53.04
1527618658075988740,ARKW,S,200,53.05
1527618659103593220,ARKW,S,200,53.04
1527618661113189124,ARKW,S,200,53.05
1527618660180349834,ARKW,S,200,53.04
1527618661236217486,ARKW,S,200,0
1527618657705662189,ARKW,B,200,52.86
1527618663312079897,ARKW,S,200,53.04
1527618664379007585,ARKW,S,200,53.04
1527618672242960032,ARKW,S,200,53.05
1527618673593198240,ARKW,S,200,0
1527618676707822360,ARKW,S,200,53.04
1527618682929608001,ARKW,S,200,53.04
1527618681707165214,ARKW,S,200,53.04
1527618682394375739,ARKW,S,200,53.04
1527618680668485302,ARKW,S,200,53.04
1527618690753412858,ARKW,S,1000,53.03
1527618689011531515,ARKW,B,200,52.75
1527618688310558460,ARKW,B,200,52.75
1527618690048835324,ARKW,S,200,53.03
1527618691555966784,ARKW,S,170,53.02
1527618690036318018,ARKW,S,200,53.02
1527618689210302295,ARKW,S,1000,53.02
1527618694474443936,ARKW,S,200,53.02
1527618693019840483,ARKW,S,200,53.02
1527618703045903471,ARKW,B,200,52.73
1527618701199557744,ARKW,B,200,52.73
1527618701055837532,ARKW,B,200,52.79
1527618703368930652,ARKW,B,200,52.79
1527618716527125822,ARKW,S,1000,53.01
1527618716175066431,ARKW,S,200,53.03
1527618717547062591,ARKW,S,200,53.02
1527618714296411456,ARKW,S,200,53.01
1527618714982573376,ARKW,S,200,53.03
1527618759562754572,ARKW,S,900,53
1527618757929728529,ARKW,S,200,53
1527618757341674020,ARKW,S,1100,52.98
1527618764618782856,ARKW,S,200,52.99
1527618761352730761,ARKW,S,200,52.98
1527618763062171785,ARKW,S,200,52.99
1527618770110796935,ARKW,S,200,52.98
1527618772487271224,ARKW,S,200,52.98
1527618769994623242,ARKW,S,200,52.98
1527618771134256409,ARKW,S,200,52.98
1527618773789878452,ARKW,S,200,52.98
1527618780898932200,ARKW,S,200,52.98
1527618780604521523,ARKW,S,200,52.98
1527618778685037950,ARKW,S,200,52.98
1527618788736247010,ARKW,S,200,52.98
1527618789099325662,ARKW,S,200,52.98
1527618787517636912,ARKW,S,200,52.98
1527618789542964629,ARKW,S,200,52.98
1527618787574936980,ARKW,S,200,52.98
1527618788681643468,ARKW,S,200,52.98
1527618790647723560,ARKW,S,200,52.98
1527618794089622445,ARKW,S,200,52.98
1527618800335469743,ARKW,S,200,52.98
1527618800662691899,ARKW,S,200,52.98
1527618799576649761,ARKW,S,200,52.98
1527618953739143064,ARKW,S,200,53.03
1527618951917897625,ARKW,S,200,53.03
1527618958584324748,ARKW,S,200,53.27
1527618961339392652,ARKW,S,200,53.27
1527618960069894924,ARKW,S,1000,53.02
1527618959095309071,ARKW,S,200,53.03
1527618961604223759,ARKW,S,200,53.03
1527618959073226461,ARKW,S,1100,53.01
1527618958633745358,ARKW,S,200,53.01
1527618962422796980,ARKW,S,200,53.01
1527618985381154282,ARKW,S,1000,53
1527618985935346226,ARKW,S,200,53
1527618992351290873,ARKW,S,200,53
1527618996251300782,ARKW,S,200,53
1527619000571191263,ARKW,S,200,53
1527619002206732500,ARKW,S,200,53
1527619013283567330,ARKW,S,200,53
1527619010995705698,ARKW,S,200,53
1527619013220849988,ARKW,S,200,53
1527619013212527087,ARKW,S,200,53
1527619010511572872,ARKW,S,200,53
1527619012699230314,ARKW,S,200,53
1527619016629957028,ARKW,S,200,53
1527619015178924478,ARKW,S,200,53
1527619014313790152,ARKW,S,200,53
1527619025646294628,ARKW,S,200,53
1527619023059196375,ARKW,S,200,53
1527619024212315772,ARKW,S,200,53
1527619030781379337,ARKW,S,200,53
1527619029348044032,ARKW,S,200,53
1527619030001249919,ARKW,S,200,0
1527619031549884568,ARKW,S,200,53
1527619032249952102,ARKW,S,200,53
1527619031879576829,ARKW,S,200,53
1527619033079999942,ARKW,S,200,53
1527619039599617981,ARKW,S,200,53
1527619038394564762,ARKW,S,200,53
1527619051423485740,ARKW,S,200,53
1527619095999415732,ARKW,S,200,53.01
1527619097081546164,ARKW,S,200,0
1527619099833796020,ARKW,S,200,53.01
1527619108485245305,ARKW,S,200,0
1527619115268821837,ARKW,S,200,53
1527619114625913975,ARKW,S,200,53
1527619114010538832,ARKW,S,200,53
1527619113746107584,ARKW,S,200,53
1527619196480402907,ARKW,S,900,52.99
1527619197113611740,ARKW,S,200,53.24
1527619198459721180,ARKW,S,200,53
1527619195358426589,ARKW,S,200,53.24
1527619201138858435,ARKW,S,200,53.01
1527619199908813252,ARKW,S,200,53.01
1527619198940846715,ARKW,S,200,52.99
1527619201504811789,ARKW,S,200,52.99
1527619200903586257,ARKW,S,200,52.99
1527619199821140683,ARKW,S,200,52.99
1527619207036835300,ARKW,S,200,52.99
1527619207134428188,ARKW,S,200,53.02
1527619219198093389,ARKW,S,200,53
1527619216260769870,ARKW,S,200,52.99
1527619217672022094,ARKW,S,200,53
1527619223211031017,ARKW,S,200,52.99
1527619221864725582,ARKW,S,200,52.99
1527619223202774759,ARKW,S,200,52.99
1527619223657661115,ARKW,S,200,52.99
1527619224262262082,ARKW,S,200,52.99
1527619227186586937,ARKW,S,200,52.99
1527619243601844498,ARKW,S,200,53.03
1527619242131020051,ARKW,S,200,53.03
1527619350608944720,ARKW,S,200,53.04
1527619353115893328,ARKW,S,200,53.04
1527619357289900133,ARKW,S,200,53.05
1527619353628338541,ARKW,S,200,53.29
1527619355072948589,ARKW,S,200,53.06
1527619356055857517,ARKW,S,200,53.29
1527619357543197037,ARKW,S,200,53.29
1527619353840413324,ARKW,S,900,53.03
1527619355636361870,ARKW,S,200,53.05
1527619356449598094,ARKW,S,200,53.04
1527619356754471575,ARKW,S,100,53.02
1527619353513913029,ARKW,S,900,53.02
1527619354671942938,ARKW,S,200,53.06
1527619358680188774,ARKW,S,200,53.07
1527619379317764118,ARKW,S,100,53.01
1527619381016785294,ARKW,S,1000,53.01
1527619401912923198,ARKW,S,200,53.02
1527619404780450878,ARKW,S,200,53.02
1527619424689946023,ARKW,S,900,53
1527619423034441128,ARKW,S,200,53.25
1527619426142354856,ARKW,S,200,53.25
1527619424552385963,ARKW,S,200,53.01
1527619428033948755,ARKW,S,500,0
1527619434313145293,ARKW,S,200,53.02
1527619433349045198,ARKW,S,200,53.02
1527619434853228898,ARKW,S,200,53
1527619432705811001,ARKW,S,200,53
1527619438043477377,ARKW,S,200,53
1527619485155031054,ARKW,S,500,52.99
1527619482511046672,ARKW,S,200,53.23
1527619484213278736,ARKW,S,200,53
1527619485683120144,ARKW,S,200,53.23
1527619483997832917,ARKW,S,200,53.01
1527619484813100761,ARKW,S,200,53.01
1527619490732189525,ARKW,S,200,53.02
1527619489381623638,ARKW,S,200,53.02
1527619522330448882,ARKW,S,200,53.03
1527619524995994610,ARKW,S,200,53.03
1527619561878966645,ARKW,S,200,53.04
1527619560183812470,ARKW,S,200,53.04
1527619565547587437,ARKW,S,200,53.28
1527619567973074797,ARKW,S,200,53.28
1527619564521817986,ARKW,S,500,53
1527619567166261125,ARKW,S,200,53.04
1527619567756674949,ARKW,S,200,53.03
1527619567138563612,ARKW,S,200,53.05
1527619621983160425,ARKW,S,200,53.28
1527619620817340522,ARKW,S,200,53.28
1527619621198694533,ARKW,S,500,53.01
1527619623267207302,ARKW,S,200,53.04
1527619620133668999,ARKW,S,200,53.03
1527619626463431422,ARKW,S,200,53.05
1527619625935625555,ARKW,S,200,53.06
1527619624542528183,ARKW,S,200,53.3
1527619626894811831,ARKW,S,200,53.3
1527619627762377409,ARKW,S,100,53.05
1527619626906411715,ARKW,S,200,53.06
1527619627825816273,ARKW,S,200,53.3
1527619626065912530,ARKW,S,200,53.3
1527619626245808917,ARKW,B,100,52.96
1527619624484070168,ARKW,B,200,52.88
1527619624505041688,ARKW,B,200,52.89
1527619626265210163,ARKW,S,500,53.04
1527619625807441205,ARKW,S,200,53.07
1527619626297453877,ARKW,S,200,53.06
1527619625027108177,ARKW,S,200,53.08
1527619627649469796,ARKW,S,200,53.09
1527619631016419631,ARKW,S,200,53.31
1527619629013246256,ARKW,S,200,53.31
1527619630900814143,ARKW,B,200,52.96
1527619628519705776,ARKW,S,500,53.04
1527619631479901361,ARKW,S,200,53.07
1527619631686339761,ARKW,S,200,53.06
1527619628758403387,ARKW,S,200,53.08
1527619635793176686,ARKW,S,200,53.31
1527619633684097135,ARKW,S,200,53.31
1527619632863848648,ARKW,S,500,53.04
1527619633803110601,ARKW,S,200,53.07
1527619634102610121,ARKW,S,200,53.06
1527619635941288212,ARKW,B,200,52.78
1527619633420118293,ARKW,B,200,52.87
1527619633925007637,ARKW,B,200,52.78
1527619632968640794,ARKW,B,200,52.78
1527619636693056369,ARKW,B,200,52.84
1527619634657442674,ARKW,B,200,52.84
1527619635024716966,ARKW,S,200,53.08
1527619636940467842,ARKW,B,200,52.96
1527619639667420805,ARKW,S,200,53.31
1527619638174641798,ARKW,S,200,53.31
1527619640581320403,ARKW,B,100,52.97
1527619638058905331,ARKW,S,100,53.04
1527619640929119988,ARKW,S,200,53.07
1527619637288529653,ARKW,S,200,53.06
1527619638730780422,ARKW,S,200,53.31
1527619637130587911,ARKW,S,200,53.31
1527619639930615688,ARKW,S,100,53.04
1527619637674080138,ARKW,S,200,53.07
1527619637916366730,ARKW,S,200,53.06
1527619643530975363,ARKW,S,500,0
1527619648916387234,ARKW,S,200,53.31
1527619647965984163,ARKW,S,200,53.31
1527619649527543071,ARKW,S,100,53.04
1527619646342362405,ARKW,S,200,0
1527619646615057701,ARKW,S,200,53.06
1527619653440185933,ARKW,B,200,52.9
1527619653988066893,ARKW,B,200,52.91
1527619652303595104,ARKW,B,200,52.89
1527619652496674072,ARKW,S,200,53.08
1527619651359314175,ARKW,S,200,53.32
1527619653760618751,ARKW,S,200,53.32
1527619653084684204,ARKW,S,500,53.04
1527619651215007663,ARKW,S,200,53.08
1527619651816300463,ARKW,S,200,53.07
1527619657083997725,ARKW,B,200,52.97
1527619656212303390,ARKW,S,170,53.03
1527619660830177319,ARKW,S,200,53.32
1527619659051464744,ARKW,S,200,53.32
1527619661067417665,ARKW,S,500,53.05
1527619660162955331,ARKW,S,200,53.08
1527619660231833667,ARKW,S,200,53.07
1527619658614929487,ARKW,B,200,52.91
1527619661352040562,ARKW,B,200,52.96
1527619662846585037,ARKW,S,200,53.32
1527619664983976141,ARKW,S,200,53.09
1527619665135823053,ARKW,S,200,53.32
1527619663681906896,ARKW,S,200,53.33
1527619665632389338,ARKW,B,200,52.97
1527619664138037467,ARKW,B,200,52.8
1527619666684897499,ARKW,B,200,52.8
1527619666389264605,ARKW,B,200,52.91
1527619664455952647,ARKW,B,100,52.98
1527619665556801690,ARKW,S,200,53.2
1527619663937865883,ARKW,S,200,53.2
1527619667374983481,ARKW,B,200,52.9
1527619669987838265,ARKW,B,200,52.9
1527619667672666838,ARKW,S,500,53.05
1527619674131752499,ARKW,S,200,53.33
1527619672738850356,ARKW,S,200,53.33
1527619671912126445,ARKW,S,500,53.07
1527619671401732084,ARKW,S,200,53.08
1527619671821490164,ARKW,S,200,53.09
1527619673959405573,ARKW,S,500,53.05
1527619677963136166,ARKW,S,200,53.1
1527619676032052391,ARKW,S,200,53.1
1527619678589619403,ARKW,B,200,52.98
1527619676952136908,ARKW,S,170,53.04
1527619679555424044,ARKW,S,200,53.33
1527619677624930093,ARKW,S,200,53.33
1527619678149873564,ARKW,B,100,52.99
1527619676584087761,ARKW,S,500,53.07
1527619677447590099,ARKW,S,200,53.09
1527619677885239507,ARKW,S,200,53.08
1527619679800398050,ARKW,S,500,53.06
1527619683462229388,ARKW,B,200,52.8
1527619681428843917,ARKW,B,200,52.8
1527619680723348904,ARKW,B,200,52.97
1527619681126460842,ARKW,B,200,52.91
1527619681618046378,ARKW,B,200,52.92
1527619680546926034,ARKW,B,100,52.98
1527619682733862371,ARKW,B,200,52.98
1527619680493066080,ARKW,B,200,52.9
1527619680156550362,ARKW,S,200,53.32
1527619683621307610,ARKW,S,200,0
1527619683205612793,ARKW,S,500,53.06
1527619682467022075,ARKW,S,200,53.08
1527619684113351931,ARKW,S,200,53.07
1527619682321466638,ARKW,B,200,52.98
1527619683201110002,ARKW,B,200,52.79
1527619682316898291,ARKW,B,200,52.79
1527619682003308762,ARKW,S,500,53.05
1527619687392054768,ARKW,B,200,52.85
1527619685420142065,ARKW,B,200,52.85
1527619691427772108,ARKW,B,200,52.97
1527619689541056206,ARKW,S,200,53.32
1527619692074612430,ARKW,S,200,53.32
1527619688537634558,ARKW,B,100,52.98
1527619691255543581,ARKW,S,100,53.05
1527619692481001246,ARKW,S,200,53.08
1527619689314957087,ARKW,S,200,53.07
1527619688745973552,ARKW,S,200,53.32
1527619690945296176,ARKW,S,200,53.32
1527619692818163656,ARKW,B,200,52.91
1527619693191718856,ARKW,B,200,52.92
1527619695585572960,ARKW,B,200,0
1527619695110447301,ARKW,S,500,53.05
1527619696135364807,ARKW,S,200,53.08
1527619692999925960,ARKW,S,200,53.07
1527619693795861015,ARKW,B,200,52.79
1527619693007987224,ARKW,B,200,0
1527619694469046834,ARKW,B,200,52.97
1527619696023102003,ARKW,B,200,52.9
1527619696793346611,ARKW,B,200,52.91
1527619700998889447,ARKW,B,200,52.79
1527619699011313640,ARKW,B,200,52.79
1527619699817078773,ARKW,S,200,53.32
1527619698297823222,ARKW,S,200,53.32
1527619697179723928,ARKW,B,200,52.85
1527619699543083160,ARKW,B,200,52.85
1527619703701473765,ARKW,S,100,53.05
1527619704533256679,ARKW,S,200,53.09
1527619705652480487,ARKW,S,200,53.08
1527619705479858674,ARKW,S,500,53.05
1527619702952947669,ARKW,S,170,53.04
1527619706343664754,ARKW,B,200,52.97
1527619709218729080,ARKW,B,200,52.91
1527619705972534393,ARKW,B,200,52.92
1527619707935278718,ARKW,S,200,53.1
1527619709156596188,ARKW,S,200,53.08
1527619706369546722,ARKW,S,200,53.33
1527619709285177826,ARKW,S,200,53.33
1527619706177591791,ARKW,S,500,53.05
1527619709746616818,ARKW,S,200,53.09
1527619706419223027,ARKW,S,200,53.08
1527619711989396929,ARKW,B,200,52.9
1527619713772343541,ARKW,B,200,52.8
1527619711864590582,ARKW,B,200,52.8
1527619714096222469,ARKW,S,200,53.33
1527619712131453190,ARKW,S,200,53.33
1527619718490643695,ARKW,S,200,53.2
1527619717246508273,ARKW,S,200,53.2
1527619717826607863,ARKW,S,100,53.06
1527619716612684542,ARKW,S,500,53.05
1527619721555904289,ARKW,B,200,52.97
1527619721370896163,ARKW,B,200,52.91
1527619722535012131,ARKW,B,200,52.92
1527619718690146092,ARKW,S,200,53.33
1527619722183280428,ARKW,S,200,53.33
1527619720866924375,ARKW,B,100,52.98
1527619720949698985,ARKW,S,200,53.2
1527619719066128810,ARKW,S,200,53.2
1527619720066944461,ARKW,B,200,52.9
1527619726721265942,ARKW,S,100,53.05
1527619723611648299,ARKW,S,500,53.05
1527619731423730723,ARKW,B,200,52.98
1527619727539216492,ARKW,S,200,53.35
1527619729955987564,ARKW,S,200,53.35
1527619727523096724,ARKW,S,500,53.06
1527619731276740721,ARKW,S,200,53.1
1527619727142402162,ARKW,S,200,53.11
1527619732647540808,ARKW,S,200,53.35
1527619735542397000,ARKW,S,200,53.35
1527619732727888077,ARKW,B,200,52.82
1527619735364663501,ARKW,B,200,52.82
1527619734567025011,ARKW,S,200,53.22
1527619733106948468,ARKW,S,200,53.22
1527619733026692354,ARKW,S,100,53.07
1527619734590840129,ARKW,B,200,52.88
1527619733027937602,ARKW,B,200,52.88
1527619733035278002,ARKW,S,200,53.35
1527619735344438962,ARKW,S,200,53.35
1527619735345029246,ARKW,B,200,53
1527619732636950657,ARKW,B,200,52.94
1527619733633491073,ARKW,B,200,52.95
1527619734802718920,ARKW,S,500,53.08
1527619732432150730,ARKW,S,200,53.12
1527619733558911178,ARKW,S,200,53.11
1527619731806218881,ARKW,B,200,52.83
1527619734226201217,ARKW,B,200,52.83
1527619735725607138,ARKW,B,200,53
1527619736032905444,ARKW,B,200,52.93
1527619736544610532,ARKW,B,200,52.94
1527619747886028369,ARKW,S,200,53.35
1527619744940381778,ARKW,S,200,53.13
1527619745940788818,ARKW,S,200,53.35
1527619748458747474,ARKW,S,200,53.35
1527619752441512027,ARKW,S,500,53.08
1527619749851136093,ARKW,S,200,0
1527619750434275421,ARKW,S,200,53.11
1527619750029929152,ARKW,B,200,52.92
1527619752783882944,ARKW,B,200,52.92
1527619751226630375,ARKW,S,170,53.07
1527619749885698291,ARKW,B,200,52.82
1527619752422858995,ARKW,B,200,52.82
1527619750593028370,ARKW,B,100,53.02
1527619751714677012,ARKW,B,200,52.94
1527619752802312468,ARKW,B,200,52.93
1527619748679180566,ARKW,S,200,53.35
1527619751346233622,ARKW,S,200,53.35
1527619750293856555,ARKW,S,500,53.08
1527619752129913133,ARKW,S,200,53.1
1527619752310464813,ARKW,S,200,53.11
1527619760518778736,ARKW,B,200,52.99
1527619759958904689,ARKW,S,200,53.35
1527619758036406130,ARKW,S,200,53.35
1527619764813864992,ARKW,S,200,53.22
1527619763070083105,ARKW,S,200,53.22
1527619763506621522,ARKW,B,200,52.92
1527619761987103827,ARKW,B,200,52.92
1527619764979610984,ARKW,B,200,52.99
1527619762077021546,ARKW,B,200,52.81
1527619765105440106,ARKW,B,200,52.81
1527619765547283819,ARKW,B,200,52.92
1527619785014275907,ARKW,B,200,52.81
1527619783136538436,ARKW,B,200,52.81
1527619785026400088,ARKW,B,200,52.98
1527619785966382938,ARKW,B,200,52.92
1527619786031591258,ARKW,B,200,52.93
1527619792485987918,ARKW,B,200,52.91
1527619815769930818,ARKW,S,100,53.06
1527619814367657028,ARKW,S,200,53.09
1527619814657588292,ARKW,S,200,53.08
1527619817319922763,ARKW,S,200,53.33
1527619814049021005,ARKW,S,100,53.06
1527619814899547215,ARKW,S,200,53.09
1527619814362283092,ARKW,S,200,53.33
1527619813406964821,ARKW,S,200,53.33
1527619815014956117,ARKW,B,100,52.99
1527619815920008279,ARKW,S,500,53.06
1527619816066546779,ARKW,S,200,53.09
1527619815023279200,ARKW,S,200,53.33
1527619816317418592,ARKW,S,200,53.09
1527619817201957984,ARKW,S,100,53.04
1527619814029556966,ARKW,S,200,53.33
1527619816446000358,ARKW,S,200,53.33
1527619822319796975,ARKW,B,200,52.99
1527619825284449496,ARKW,S,100,53.07
1527619825695425754,ARKW,S,200,53.1
1527619821923108059,ARKW,S,200,53.09
1527619825092887779,ARKW,S,200,53.34
1527619824857875802,ARKW,S,100,53.06
1527619823383643484,ARKW,S,200,53.1
1527619823717877084,ARKW,S,200,53.09
1527619825189374239,ARKW,S,200,53.11
1527619824886073650,ARKW,S,200,53.35
1527619824260991283,ARKW,S,200,53.35
1527619825052684977,ARKW,B,200,52.82
1527619823021003442,ARKW,B,200,52.82
1527619828144122856,ARKW,B,200,52.88
1527619826549763049,ARKW,B,200,52.88
1527619828074852072,ARKW,S,100,53.07
1527619829088104170,ARKW,S,200,53.11
1527619829490298602,ARKW,S,200,53.1
1527619828181544696,ARKW,S,500,53.07
1527619827585252508,ARKW,S,200,53.12
1527619831749064920,ARKW,B,200,53
1527619832886769884,ARKW,B,200,52.94
1527619834116683996,ARKW,B,200,52.95
1527619833215760616,ARKW,S,200,53.1
1527619834163869930,ARKW,S,200,53.35
1527619832190974187,ARKW,S,200,53.35
1527619832119671048,ARKW,B,100,53.01
1527619830627354626,ARKW,S,500,53.07
1527619832035592196,ARKW,S,200,53.11
1527619832638392324,ARKW,S,200,53.1
1527619830592561975,ARKW,B,200,52.93
1527619837801932658,ARKW,S,200,53.12
1527619837136015698,ARKW,B,200,52.82
1527619835200344403,ARKW,B,200,52.82
1527619837832008040,ARKW,S,200,53.35
1527619835884081513,ARKW,S,200,53.35
1527619841868310797,ARKW,B,200,52.88
1527619839125170461,ARKW,B,200,52.88
1527619847001226078,ARKW,S,100,53.08
1527619844772150114,ARKW,S,200,53.11
1527619845515066210,ARKW,S,200,53.1
1527619846671383401,ARKW,S,500,53.07
1527619846042668261,ARKW,S,200,0
1527619844657564902,ARKW,S,200,53.35
1527619846280563957,ARKW,B,100,53
1527619843459583397,ARKW,S,200,53.22
1527619846055333285,ARKW,S,200,53.22
1527619843204320692,ARKW,S,100,53.07
1527619848402321229,ARKW,S,200,53.34
1527619850924998477,ARKW,S,200,53.34
1527619849371942488,ARKW,S,100,53.07
1527619849016540762,ARKW,S,200,53.1
1527619849629564506,ARKW,S,200,53.09
1527619850568040043,ARKW,S,200,53.34
1527619847706803820,ARKW,S,200,53.11
1527619849777675884,ARKW,S,200,53.34
1527619849732521582,ARKW,S,200,53.34
1527619851169857134,ARKW,S,200,53.12
1527619851399957371,ARKW,S,200,53.34
1527619849244806012,ARKW,S,200,53.34
1527619849968809721,ARKW,S,500,53.07
1527619848856008443,ARKW,S,200,53.1
1527619849775806203,ARKW,S,200,0
1527619850960828585,ARKW,B,200,52.81
1527619848705407146,ARKW,B,200,52.81
1527619851849739040,ARKW,B,200,52.87
1527619854272932640,ARKW,B,200,52.87
1527619867362162162,ARKW,S,200,53.11
1527619865606911475,ARKW,S,200,53.11
1527619868026697232,ARKW,S,200,53.35
1527619865988068881,ARKW,S,200,53.35
1527619864785027402,ARKW,S,200,53.22
1527619867278541130,ARKW,S,200,53.22
1527619870289535000,ARKW,S,500,53.07
1527619880976542318,ARKW,S,200,53.08
1527619877628832367,ARKW,S,200,53.09
1527619881642519547,ARKW,S,200,53.33
1527619879762750460,ARKW,S,200,53.33
1527619878309171196,ARKW,B,100,52.99
1527619885303114236,ARKW,S,500,53.06
1527619882139822591,ARKW,S,200,53.09
1527619882772834815,ARKW,S,200,53.08
1527619883353615199,ARKW,S,200,53.33
1527619885489433439,ARKW,S,200,53.33
1527619882648916277,ARKW,S,500,53.06
1527619884480385334,ARKW,S,200,53.1
1527619884752097590,ARKW,S,200,53.09
1527619884921652012,ARKW,S,200,53.34
1527619883082253101,ARKW,S,200,53.34
1527619883054728003,ARKW,S,500,53.06
1527619883084350280,ARKW,S,200,53.1
1527619883614274376,ARKW,S,200,53.09
1527619886279101403,ARKW,B,200,52.81
1527619888730934235,ARKW,B,200,52.81
1527619888347815268,ARKW,S,200,53.33
1527619886219205989,ARKW,S,200,53.33
1527619891651487142,ARKW,S,500,53.06
1527619891268167080,ARKW,S,200,53.09
1527619892422649256,ARKW,S,200,53.08
1527619890921874879,ARKW,S,200,53.33
1527619893806835135,ARKW,S,200,53.33
1527619914539630038,ARKW,S,200,53.2
1527619912581545431,ARKW,S,200,53.2
1527619915323834741,ARKW,B,200,52.79
1527619913748283766,ARKW,B,200,52.79
1527619913963380251,ARKW,B,200,52.85
1527619911861902876,ARKW,B,200,52.85
1527620034529730656,ARKW,S,100,53.04
1527620036222928840,ARKW,S,200,53.32
1527620033317980108,ARKW,S,200,53.32
1527620032248629198,ARKW,S,200,53.21
1527620034037303246,ARKW,S,200,53.32
1527620036716855388,ARKW,S,200,53.19
1527620039435157596,ARKW,S,200,53.19
1527620042861943388,ARKW,S,500,53.04
1527620056227539434,ARKW,S,200,53.32
1527620054382176747,ARKW,S,200,53.32
1527620061711070324,ARKW,S,200,53.19
1527620060115989621,ARKW,S,200,53.19
1527620059917743234,ARKW,S,100,53.04
1527620060709680280,ARKW,S,200,53.32
1527620057988756633,ARKW,S,200,53.2
1527620058608596121,ARKW,S,200,0
1527620060784129177,ARKW,S,200,53.32
1527620058010645752,ARKW,S,200,53.19
1527620060369745144,ARKW,S,200,53.19
1527620069290522894,ARKW,S,500,53.04
1527620072701137837,ARKW,S,200,53.32
1527620074999616429,ARKW,S,200,53.32
1527620082969390690,ARKW,S,100,53.05
1527620081000951398,ARKW,S,200,53.1
1527620081321029222,ARKW,S,200,53.09
1527620081354780314,ARKW,S,200,53.33
1527620079391518363,ARKW,S,200,53.33
1527620081988777419,ARKW,S,500,53.06
1527620082203866575,ARKW,S,200,53.1
1527620082579518927,ARKW,S,200,53.09
1527620083105971180,ARKW,S,200,53.34
1527620081086544877,ARKW,S,200,53.34
1527620081722047469,ARKW,S,200,53.11
1527620079598877682,ARKW,S,200,53.34
1527620079762134482,ARKW,S,200,53.21
1527620082020308434,ARKW,S,200,53.21
1527620095818776950,ARKW,S,100,53.04
1527620112512157412,ARKW,S,200,53.34
1527620111276672741,ARKW,S,200,53.34
1527620114069946049,ARKW,S,200,53.21
1527620116615560897,ARKW,S,200,53.21
1527620116538425030,ARKW,S,100,53.04
1527620114058161415,ARKW,S,200,53.34
1527620116934405383,ARKW,S,200,53.34
1527620114920549666,ARKW,S,500,53.07
1527620115663793446,ARKW,S,200,53.1
1527620116773186854,ARKW,S,200,53.09
1527620116391243055,ARKW,S,200,53.34
1527620115992730702,ARKW,S,200,53.35
1527620114163162191,ARKW,S,200,53.35
1527620122239839353,ARKW,S,200,53.22
1527620120474037370,ARKW,S,200,53.22
1527620130698853869,ARKW,S,500,53.06
1527620127184158195,ARKW,S,200,53.09
1527620127559155187,ARKW,S,200,53.08
1527620127471795745,ARKW,S,200,53.33
1527620129690975777,ARKW,S,200,53.33
1527620144862104410,ARKW,S,500,53.07
1527620146703207259,ARKW,S,200,53.11
1527620147177753435,ARKW,S,200,53.1
1527620145701096306,ARKW,S,200,53.35
1527620144128428915,ARKW,S,200,53.35
1527620147192768482,ARKW,B,200,53
1527620143901943781,ARKW,B,200,52.93
1527620144488687589,ARKW,B,200,52.94
1527620145782368347,ARKW,S,100,53.08
1527620147474638940,ARKW,S,200,53.11
1527620147794454620,ARKW,S,200,53.1
1527620145180682349,ARKW,S,200,53.35
1527620147494103149,ARKW,S,200,53.35
1527620146100349064,ARKW,B,100,53.01
1527620147770992806,ARKW,S,500,53.08
1527620146420361386,ARKW,S,200,53.11
1527620146568931498,ARKW,S,200,53.1
1527620148194564204,ARKW,B,200,52.92
1527620148410177759,ARKW,S,500,53.07
1527620150797271792,ARKW,B,200,52.91
1527620151306617789,ARKW,S,200,53.34
1527620149348860862,ARKW,S,200,53.34
1527620155925478633,ARKW,S,200,53.21
1527620154495679722,ARKW,S,200,53.21
1527620157374347506,ARKW,B,200,52.8
1527620160329365746,ARKW,B,200,0
1527620157453580592,ARKW,B,100,52.99
1527620157985012020,ARKW,B,200,52.91
1527620159163021620,ARKW,B,200,52.92
1527620165386476984,ARKW,S,500,53.06
1527620168370266452,ARKW,B,200,52.81
1527620167297769813,ARKW,B,200,52.81
1527620166963339679,ARKW,S,100,53.05
1527620166773637837,ARKW,B,200,52.87
1527620169246638797,ARKW,B,200,52.87
1527620197098258365,ARKW,S,200,53.34
1527620195631759294,ARKW,S,200,53.34
1527620197966806994,ARKW,S,500,53.07
1527620195975561175,ARKW,S,200,53.1
1527620197653741527,ARKW,S,200,53.09
1527620198968262652,ARKW,S,100,53.06
1527620199105691659,ARKW,S,500,0
1527620210920900574,ARKW,S,500,53.06
1527620227288797406,ARKW,S,500,53.06
1527620254406225628,ARKW,S,500,53.06
1527620263172663448,ARKW,S,500,53.06
1527620265755107335,ARKW,S,100,53.07
1527620265778044956,ARKW,S,500,53.07
1527620270590018953,ARKW,S,200,53.11
1527620270620493229,ARKW,S,200,53.11
1527620268484156540,ARKW,S,200,53.12
1527620271255217107,ARKW,S,200,53.35
1527620269442950100,ARKW,S,200,53.35
1527620269582279638,ARKW,S,100,53.08
1527620272424575958,ARKW,S,170,53.07
1527620271138890712,ARKW,S,200,53.11
1527620271408112604,ARKW,S,200,53.35
1527620269144958213,ARKW,S,200,53.36
1527620271601837317,ARKW,S,200,53.36
1527620269039969686,ARKW,S,500,53.08
1527620272139822490,ARKW,S,200,53.12
1527620272309626266,ARKW,S,200,53.11
1527620298450160568,ARKW,S,200,53.1
1527620299519904696,ARKW,S,200,53.09
1527620300544494520,ARKW,S,200,53.08
1527620301089622968,ARKW,S,200,53.1
1527620299347309506,ARKW,S,200,53.08
1527620306861053959,ARKW,S,200,53.08
1527620303816669408,ARKW,S,200,53.08
1527620305552784886,ARKW,S,200,53.08
1527620305428463157,ARKW,S,200,53.08
1527620304847292825,ARKW,S,200,53.08
1527620305094826852,ARKW,S,200,53.08
1527620303108184141,ARKW,S,200,53.08
1527620304205977685,ARKW,S,200,53.08
1527620310517570351,ARKW,S,200,53.08
1527620314639554898,ARKW,S,200,53.08
1527620319515665974,ARKW,S,200,53.08
1527620319507080874,ARKW,S,200,53.08
1527620316196661419,ARKW,S,200,53.08
1527620315616995759,ARKW,S,200,53.08
1527620316920850346,ARKW,S,200,53.08
1527620320524301054,ARKW,S,200,53.08
1527620327156975111,ARKW,S,200,53.08
1527620330846167270,ARKW,S,200,53.08
1527620346888753479,ARKW,S,200,0
1527620348140556615,ARKW,S,200,53.08
1527620349503967559,ARKW,S,200,53.09
1527620378210682189,ARKW,S,200,53.09
1527620379690550605,ARKW,S,200,53.08
1527620379308869225,ARKW,S,200,53.08
1527620378649233435,ARKW,S,200,53.08
1527620383953042969,ARKW,S,200,53.08
1527620381854187047,ARKW,S,100,53.07
1527620380128558679,ARKW,S,500,53.07
1527620387198751517,ARKW,S,200,53.08
1527620388546695965,ARKW,S,200,53.07
1527620387079934752,ARKW,S,200,53.08
1527620388514191076,ARKW,S,200,53.07
1527620386284083583,ARKW,S,200,53.07
1527620387526013687,ARKW,S,200,53.07
1527620390410167790,ARKW,S,200,53.07
1527620389320854949,ARKW,S,200,0
1527620388863610478,ARKW,S,200,53.07
1527620399192429746,ARKW,S,170,53.03
1527620398364382644,ARKW,B,200,52.97
1527620397166679507,ARKW,B,200,52.78
1527620399440516563,ARKW,B,200,52.78
1527620397409501927,ARKW,S,500,53.03
1527620398095861360,ARKW,S,100,53.02
1527620412170325797,ARKW,S,500,53.04
1527620411730204550,ARKW,S,100,53.03
1527620416977455318,ARKW,B,200,52.77
1527620415341938903,ARKW,B,200,52.77
1527620415978227979,ARKW,B,200,52.83
1527620418189216011,ARKW,B,200,52.83
1527620418403387991,ARKW,S,500,53.03
1527620424423376182,ARKW,S,500,53.03
1527620433580754060,ARKW,S,500,53.03
1527620432074425408,ARKW,S,200,0
1527620433166058560,ARKW,S,200,53.05
1527620434267391040,ARKW,S,200,53.04
1527620434763105344,ARKW,S,200,53.06
1527620435285296192,ARKW,S,200,53.03
1527620434684396644,ARKW,S,500,53.02
1527620432186180491,ARKW,S,200,53.29
1527620434648368011,ARKW,S,200,53.29
1527620433460528201,ARKW,B,100,0
1527620438978148679,ARKW,S,500,53.02
1527620438300703049,ARKW,S,200,53.05
1527620438372137289,ARKW,S,200,53.04
1527620438711095648,ARKW,S,200,53.06
1527620446924321229,ARKW,B,200,52.89
1527620447308886477,ARKW,B,200,52.9
1527620445391434203,ARKW,B,200,52.88
1527620445227463745,ARKW,S,200,53.3
1527620447461848129,ARKW,S,200,53.3
1527620446062932260,ARKW,S,200,53.17
1527620444912906533,ARKW,S,200,53.17
1527620448220317378,ARKW,B,200,52.87
1527620450421530208,ARKW,S,500,53.03
1527620450580548692,ARKW,S,500,53.02
1527620480918748315,ARKW,S,200,53.04
1527620481939668123,ARKW,S,200,53.03
1527620482206661808,ARKW,S,200,53.28
1527620479583386801,ARKW,S,200,53.05
1527620480149748913,ARKW,S,200,53.28
1527620479157140659,ARKW,S,200,53.28
1527620480657915927,ARKW,B,200,52.86
1527620482975727639,ARKW,B,200,52.86
1527620484986192889,ARKW,S,200,53.29
1527620483488498682,ARKW,S,200,53.29
1527620484632101934,ARKW,S,200,53.16
1527620487178568750,ARKW,S,200,53.16
1527620488770105526,ARKW,S,500,53.02
1527620501295423541,ARKW,B,200,52.75
1527620503895826485,ARKW,B,200,52.75
1527620504342651100,ARKW,S,200,53.28
1527620502457311453,ARKW,S,200,53.28
1527620503723420557,ARKW,B,200,52.81
1527620502880955278,ARKW,B,200,52.81
1527620501976108708,ARKW,S,500,53.01
1527620501247544998,ARKW,S,200,53.05
1527620502297956006,ARKW,S,200,53.04
1527620502653161273,ARKW,S,200,53.29
1527620500891094842,ARKW,S,200,53.29
1527620512363986446,ARKW,S,500,53.03
1527620510791974416,ARKW,S,200,53.05
1527620511207669264,ARKW,S,200,53.04
1527620511214353992,ARKW,S,500,53.02
1527620511729817587,ARKW,S,200,53.06
1527620510230484987,ARKW,S,200,53.06
1527620509759245217,ARKW,S,200,53.3
1527620512156027809,ARKW,S,200,53.3
1527620510467497694,ARKW,S,100,53.03
1527620509810040548,ARKW,S,200,53.06
1527620510451113700,ARKW,S,200,53.05
1527620517152187693,ARKW,S,500,53.03
1527620522648809987,ARKW,S,200,53.07
1527620526284278450,ARKW,S,500,53.02
1527620560257699680,ARKW,S,200,53.29
1527620559774044001,ARKW,S,200,53.29
1527620557088968617,ARKW,B,100,52.96
1527620557298290604,ARKW,B,200,52.87
1527620558026985388,ARKW,B,200,52.88
1527620559185530815,ARKW,S,500,53.02
1527620559998701505,ARKW,S,200,53.05
1527620560211300289,ARKW,S,200,53.04
1527620560025844199,ARKW,B,200,52.86
1527620559553009165,ARKW,S,200,53.28
1527620557663671822,ARKW,S,200,53.28
1527620559205408242,ARKW,S,500,53.02
1527620557474995702,ARKW,S,200,53.04
1527620557796842998,ARKW,S,200,53.03
1527620558421664504,ARKW,S,200,53.28
1527620556479963897,ARKW,S,200,53.28
1527620557915340116,ARKW,S,100,53
1527620559415000405,ARKW,B,200,52.75
1527620558045298006,ARKW,B,200,52.75
1527620558064172374,ARKW,S,200,53.04
1527620558588001622,ARKW,S,200,53.03
1527620558430977383,ARKW,S,200,53.28
1527620556434357608,ARKW,S,200,53.28
1527620557542047080,ARKW,S,200,53.05
1527620557657652585,ARKW,S,200,53.28
1527620561689150347,ARKW,S,200,53.15
1527620564199113611,ARKW,S,200,53.15
1527620561557785053,ARKW,S,100,53
1527620565662647401,ARKW,S,200,53.28
1527620568440980585,ARKW,S,200,53.28
1527620567629921249,ARKW,S,200,53.15
1527620568446958569,ARKW,S,200,53.15
1527620566680042513,ARKW,S,100,53
1527620567645587164,ARKW,S,500,53
1527620573483770193,ARKW,S,200,53.02
1527620573956546897,ARKW,S,200,53.01
1527620574776467833,ARKW,B,200,52.74
1527620577435197817,ARKW,B,200,52.74
1527620576040595173,ARKW,S,200,53.03
1527620574373133399,ARKW,S,200,53.01
1527620576747830359,ARKW,S,200,53
1527620573327454838,ARKW,S,200,53
1527620579371794725,ARKW,S,200,53
1527620593498014178,ARKW,S,200,53
1527620592627762205,ARKW,B,200,52.73
1527620591825667102,ARKW,B,200,52.73
1527620594108324403,ARKW,S,100,52.98
1527620593759411006,ARKW,B,200,52.9
1527620590605949759,ARKW,S,500,52.99
1527620593147566911,ARKW,S,200,52.99
1527620590855772994,ARKW,B,200,52.82
1527620591130827586,ARKW,B,200,52.83
1527620591570902937,ARKW,B,200,52.72
1527620594399174553,ARKW,B,200,52.72
1527620592682262671,ARKW,S,500,52.98
1527620593389461971,ARKW,S,500,52.97
1527620595235042913,ARKW,S,200,52.99
1527620596281063009,ARKW,S,200,52.98
1527620597759096417,ARKW,S,200,52.99
1527620598790677095,ARKW,S,200,52.98
1527620594959716856,ARKW,S,200,0
1527620596477793543,ARKW,S,200,52.98
1527620600710747008,ARKW,S,200,52.98
1527620604731020096,ARKW,S,200,53.24
1527620607271260992,ARKW,S,200,53.24
1527620604876968862,ARKW,B,100,52.9
1527620603445597088,ARKW,B,200,52.82
1527620603720717216,ARKW,B,200,52.83
1527620603325601408,ARKW,S,200,53.11
1527620606723905152,ARKW,S,200,53.11
1527620604243917817,ARKW,S,500,52.96
1527620607171476503,ARKW,B,200,52.71
1527620605941365784,ARKW,B,200,52.71
1527620603445820441,ARKW,B,200,52.7
1527620606952458382,ARKW,B,200,52.76
1527620604968749199,ARKW,B,200,52.76
1527620603367640250,ARKW,S,100,52.95
1527620609310342254,ARKW,S,500,52.95
1527620612775356580,ARKW,S,200,52.98
1527620612902234276,ARKW,S,200,52.97
1527620612548210813,ARKW,S,200,52.99
1527620616323738814,ARKW,B,200,52.86
1527620620221689451,ARKW,B,200,52.68
1527620618536103532,ARKW,B,200,52.68
1527620616223017706,ARKW,B,200,0
1527620618629106410,ARKW,B,200,52.74
1527620618691174689,ARKW,S,200,53.21
1527620616747573538,ARKW,S,200,53.21
1527620617343754594,ARKW,B,100,52.87
1527620624132107930,ARKW,B,200,52.8
1527620620841414299,ARKW,B,200,52.81
1527620621348030046,ARKW,B,200,52.79
1527620639554655320,ARKW,S,200,53.08
1527620637819393113,ARKW,S,200,53.08
1527620649755103855,ARKW,S,500,52.94
1527620648421133532,ARKW,S,200,53.21
1527620646451055837,ARKW,S,200,53.21
1527620660905303500,ARKW,S,200,53.08
1527620663304248780,ARKW,S,200,53.08
1527620666747537718,ARKW,B,200,52.68
1527620664217848119,ARKW,B,200,52.78
1527620665292179767,ARKW,B,200,52.68
1527620666138118457,ARKW,B,200,52.67
1527620667428129266,ARKW,B,100,52.86
1527620663648733687,ARKW,B,200,52.78
1527620664186915319,ARKW,B,200,52.79
1527620675588052429,ARKW,B,200,52.67
1527620673718769102,ARKW,B,200,52.67
1527620672797219203,ARKW,B,200,52.73
1527620675331365251,ARKW,B,200,52.73
1527620677696530086,ARKW,S,500,0
1527620679408658088,ARKW,S,170,52.91
1527620676448003753,ARKW,S,200,52.95
1527620677022492329,ARKW,S,200,52.94
1527620677672543987,ARKW,S,100,52.91
1527620680439539646,ARKW,B,200,52.83
1527620681713987462,ARKW,S,200,52.96
1527620684359479174,ARKW,S,200,52.96
1527620681725524744,ARKW,B,100,52.84
1527620683047254814,ARKW,B,200,52.84
1527620684186905175,ARKW,B,200,52.84
1527620689090158456,ARKW,B,200,52.84
1527620693233542094,ARKW,B,14,52.84
1527620689444718619,ARKW,S,500,52.91
1527620691258428496,ARKW,B,200,52.66
1527620689604562001,ARKW,B,200,52.66
1527620692638485597,ARKW,B,200,52.83
1527620691242044511,ARKW,B,200,52.77
1527620693101694061,ARKW,S,100,52.88
1527620692845448333,ARKW,S,500,52.91
1527620690435428448,ARKW,B,200,52.76
1527620693095534688,ARKW,B,200,52.76
1527620695567336940,ARKW,S,500,52.9
1527620695440668507,ARKW,B,200,52.66
1527620693611099996,ARKW,B,200,52.66
1527620694921295726,ARKW,S,500,52.91
1527620693758687120,ARKW,B,200,52.83
1527620695122098065,ARKW,B,200,52.77
1527620695297079185,ARKW,B,200,52.78
1527620694877799076,ARKW,B,200,52.66
1527620697161990820,ARKW,B,200,52.66
1527620699207117562,ARKW,S,500,52.91
1527620700819584912,ARKW,B,200,52.83
1527620698730493842,ARKW,B,200,52.78
1527620699182233490,ARKW,B,200,52.77
1527620698292861986,ARKW,B,200,52.76
1527620704919372704,ARKW,S,500,52.91
1527620703183848354,ARKW,B,200,52.66
1527620705949795234,ARKW,B,200,52.66
1527620702249469504,ARKW,S,200,53.19
1527620706255226432,ARKW,S,200,53.19
1527620704645662285,ARKW,S,100,52.91
1527620706219640398,ARKW,S,200,52.95
1527620705079903827,ARKW,S,170,52.91
1527620705453131371,ARKW,S,500,52.92
1527620703502255724,ARKW,S,200,52.92
1527620708678201549,ARKW,S,500,52.91
1527620707229855996,ARKW,B,200,52.83
1527620710416085245,ARKW,B,200,52.76
1527620706477043966,ARKW,B,200,52.77
1527620707503546783,ARKW,B,200,52.65
1527620709989130655,ARKW,B,200,52.65
1527620707151749682,ARKW,B,200,52.84
1527620707148014134,ARKW,B,200,52.76
1527620707662668342,ARKW,B,200,52.77
1527620713425487991,ARKW,S,200,53.18
1527620711744686200,ARKW,S,200,53.18
1527620714452175879,ARKW,B,14,52.84
1527620714916019091,ARKW,B,200,52.65
1527620713119808404,ARKW,B,200,52.65
1527620714472602617,ARKW,S,200,53.05
1527620712732687354,ARKW,S,200,0
1527620713649470948,ARKW,B,200,52.83
1527620711064337894,ARKW,B,200,52.76
1527620711453556198,ARKW,B,200,52.77
1527620713610739372,ARKW,S,100,52.91
1527620717323703564,ARKW,S,200,53.18
1527620719065126156,ARKW,S,200,53.06
1527620715555673357,ARKW,S,200,53.18
1527620715324200239,ARKW,B,100,52.84
1527620716724704590,ARKW,S,100,52.91
1527620717064319620,ARKW,S,500,52.91
1527620717334567297,ARKW,B,200,52.84
1527620716944300445,ARKW,S,200,53.19
1527620716325902750,ARKW,S,200,53.19
1527620715806792106,ARKW,S,100,52.9
1527620717690558894,ARKW,S,200,52.95
1527620718307645870,ARKW,S,200,52.94
1527620720236376375,ARKW,S,200,53.19
1527620723449606455,ARKW,S,200,53.19
1527620721100927860,ARKW,S,100,52.92
1527620721610470262,ARKW,S,200,52.95
1527620722127811446,ARKW,S,200,52.94
1527620722363872151,ARKW,S,200,53.19
1527620720798938008,ARKW,S,200,53.19
1527620721728172952,ARKW,S,200,52.96
1527620719669490589,ARKW,S,200,53.19
1527620722722943901,ARKW,S,200,52.97
1527620720480564126,ARKW,S,200,53.19
1527620720108188578,ARKW,S,100,52.92
1527620720747295653,ARKW,S,200,52.95
1527620723387544739,ARKW,S,500,52.92
1527620722046743717,ARKW,B,200,52.66
1527620720157013158,ARKW,B,200,52.66
1527620722592464724,ARKW,B,200,52.84
1527620720456056662,ARKW,B,200,52.77
1527620721173479254,ARKW,B,200,0
1527620720256246410,ARKW,B,200,52.76
1527620721519206397,ARKW,S,200,53.19
1527620719685902334,ARKW,S,200,53.19
1527620722030452751,ARKW,B,200,52.66
1527620720064045072,ARKW,B,200,52.66
1527620722749317138,ARKW,S,100,52.91
1527620722730377240,ARKW,S,200,52.95
1527620720093798425,ARKW,S,200,52.94
1527620723301261347,ARKW,S,200,53.19
1527620721124551709,ARKW,S,100,52.91
1527620721735281697,ARKW,S,200,52.95
1527620721801407521,ARKW,S,200,0
1527620725323909613,ARKW,S,200,53.19
1527620727842261485,ARKW,S,200,53.19
1527620727172811267,ARKW,S,500,52.92
1527620724083444229,ARKW,S,200,52.95
1527620724482558469,ARKW,S,200,52.94
1527620726903196186,ARKW,B,200,52.84
1527620726930262556,ARKW,B,200,52.77
1527620727390194204,ARKW,B,200,52.78
1527620724978209268,ARKW,S,200,52.96
1527620726074561189,ARKW,B,200,0
1527620723999429286,ARKW,B,200,52.67
1527620724959138846,ARKW,B,200,52.84
1527620725673612320,ARKW,B,200,52.78
1527620725472416802,ARKW,B,200,52.79
1527620728340357674,ARKW,S,200,52.97
1527620731665065217,ARKW,B,200,52.67
1527620729705473282,ARKW,B,200,52.67
1527620730322691330,ARKW,S,200,53.2
1527620728326137091,ARKW,S,200,53.2
1527620730702691296,ARKW,S,200,53.07
1527620728891210721,ARKW,S,200,53.07
1527620728476302307,ARKW,S,100,52.92
1527620731047749374,ARKW,B,200,52.85
1527620728153876225,ARKW,B,200,52.78
1527620729158805249,ARKW,B,200,52.79
1527620731738695437,ARKW,S,200,53.2
1527620729799943950,ARKW,S,200,53.2
1527620728278067001,ARKW,B,100,52.86
1527620743460539305,ARKW,B,200,52.86
1527620743783640177,ARKW,S,200,53.21
1527620741833747570,ARKW,S,200,53.21
1527620743998737311,ARKW,S,200,53.08
1527620742261836704,ARKW,S,200,53.08
1527620758669177705,ARKW,B,200,52.86
1527620764701325446,ARKW,B,14,52.86
1527620770600468919,ARKW,B,200,52.86
1527620767069224032,ARKW,S,500,52.94
1527620767140854928,ARKW,S,200,53.21
1527620769789951120,ARKW,S,200,53.21
1527620771657999292,ARKW,S,500,52.95
1527620775086384062,ARKW,S,200,52.98
1527620771854476223,ARKW,S,200,52.97
1527620781687363551,ARKW,S,500,52.94
1527620782465406944,ARKW,S,200,0
1527620780658644961,ARKW,S,200,53.21
1527620783513917410,ARKW,S,200,52.97
1527620782387694149,ARKW,S,100,52.92
1527620781561350746,ARKW,B,200,52.86
1527620783457831526,ARKW,S,200,53.21
1527620781493717607,ARKW,S,200,53.21
1527620780958943855,ARKW,S,100,52.96
1527620782145342064,ARKW,S,200,52.97
1527620782416595586,ARKW,S,200,53.21
1527620779660479107,ARKW,S,500,52.95
1527620780346772099,ARKW,S,200,53.21
1527620781213616771,ARKW,S,200,52.98
1527620792620886809,ARKW,S,170,52.94
1527620794809723702,ARKW,B,200,52.87
1527620796487248771,ARKW,B,200,52.69
1527620794453863300,ARKW,B,200,52.69
1527620792701736021,ARKW,S,500,52.94
1527620793430759801,ARKW,B,200,52.86
1527620795120212347,ARKW,B,100,52.87
1527620792696428925,ARKW,B,200,52.79
1527620793210689917,ARKW,B,200,52.8
1527620794811805014,ARKW,B,200,52.87
1527620807514302985,ARKW,S,200,53.22
1527620805618674186,ARKW,S,200,53.22
1527620806113274400,ARKW,S,500,52.95
1527620806378826275,ARKW,S,200,52.98
1527620807320578595,ARKW,S,200,52.97
1527620808088594987,ARKW,S,200,53.22
1527620809028512330,ARKW,B,100,52.88
1527620811000872943,ARKW,S,200,53.09
1527620813367312367,ARKW,S,200,53.09
1527620813715133483,ARKW,S,500,52.95
1527620811340765310,ARKW,B,200,52.69
1527620813678762110,ARKW,B,200,52.69
1527620811926591630,ARKW,B,200,52.87
1527620813572069520,ARKW,B,200,52.8
1527620809924270225,ARKW,B,200,52.81
1527620814530956882,ARKW,B,200,52.79
1527620817223044856,ARKW,S,200,0
1527620815194050297,ARKW,S,200,53.21
1527620820333066364,ARKW,S,500,52.95
1527620818177849470,ARKW,S,200,52.98
1527620818717800574,ARKW,S,200,52.97
1527620827261785141,ARKW,S,200,53.22
1527620830321595445,ARKW,S,200,53.22
1527620828699186293,ARKW,B,100,52.88
1527620832621634521,ARKW,B,200,52.88
1527620834461164543,ARKW,S,500,52.96
1527620834317050882,ARKW,S,200,52.99
1527620835200279554,ARKW,S,200,52.98
1527620832753427471,ARKW,B,200,52.88
1527620832674687217,ARKW,S,200,53.23
1527620831325825266,ARKW,S,200,53.23
1527620832722158987,ARKW,S,200,53.1
1527620830945674636,ARKW,S,200,53.1
1527620838281277878,ARKW,S,100,52.96
1527620836230066703,ARKW,S,200,53.22
1527620838754382351,ARKW,S,200,53.22
1527620836195398168,ARKW,S,100,52.96
1527620838048100891,ARKW,S,200,52.98
1527620837697025437,ARKW,B,200,52.88
1527620836549293487,ARKW,S,200,53.22
1527620838772733359,ARKW,S,200,53.22
1527620838869947128,ARKW,S,500,52.96
1527620836097577722,ARKW,S,200,52.98
1527620836384297722,ARKW,S,200,52.97
1527620838334527237,ARKW,S,200,52.96
1527620840316346779,ARKW,S,500,52.95
1527620843510440347,ARKW,S,200,53.22
1527620843574075803,ARKW,S,100,52.95
1527620841802113436,ARKW,S,200,53.22
1527620840061804959,ARKW,S,200,52.98
1527620850170867471,ARKW,S,200,53.22
1527620851481063183,ARKW,S,200,0
1527620848294965008,ARKW,S,200,53.22
1527620849226447446,ARKW,S,200,53.22
1527620851807844950,ARKW,S,200,53.22
1527620852789696803,ARKW,S,500,52.96
1527620853984090405,ARKW,S,200,52.98
1527620854269892901,ARKW,S,200,52.97
1527620856495865573,ARKW,S,500,52.95
1527620877439453543,ARKW,S,200,52.99
1527620875959126376,ARKW,S,200,52.99
1527620873890483233,ARKW,S,200,53.22
1527620876788747297,ARKW,S,200,53.22
1527620876511408338,ARKW,B,200,52.88
1527620877428850752,ARKW,S,500,52.96
1527620874982129733,ARKW,S,200,0
1527620875973230661,ARKW,S,200,52.98
1527620876355502172,ARKW,B,200,52.88
1527620878262029356,ARKW,S,200,53.22
1527620881127263276,ARKW,S,200,53.22
1527620880637793244,ARKW,S,500,52.95
1527620881526264798,ARKW,S,200,52.98
1527620881901589470,ARKW,S,200,52.97
1527620879655505616,ARKW,B,200,52.68
1527620881869246160,ARKW,B,200,52.68
1527620882093575924,ARKW,B,200,52.87
1527620878874054392,ARKW,B,200,52.79
1527620879682899704,ARKW,B,200,52.8
1527620882182573818,ARKW,S,100,52.94
1527620884439332402,ARKW,B,200,52.68
1527620883022181939,ARKW,B,200,52.68
1527620884387921480,ARKW,B,200,52.74
1527620883121045065,ARKW,B,200,52.74
1527620888101500638,ARKW,B,100,52.87
1527620890636170977,ARKW,B,200,52.8
1527620886955472610,ARKW,B,200,52.81
1527620890203174881,ARKW,B,200,52.87
1527620887717067676,ARKW,S,200,53.22
1527620890075642780,ARKW,S,200,53.22
1527620888709032048,ARKW,S,200,53.09
1527620887151241329,ARKW,S,200,53.09
1527620891882938586,ARKW,S,500,52.95
1527620896386656930,ARKW,S,200,53.22
1527620898630740642,ARKW,S,200,53.22
1527620897227823243,ARKW,S,500,52.96
1527620897773607054,ARKW,S,200,52.99
1527620898311657614,ARKW,S,200,52.98
1527620897506744488,ARKW,B,200,52.87
1527620898968721582,ARKW,S,100,52.95
1527620899122102071,ARKW,B,200,52.88
1527620897042120542,ARKW,S,200,53.23
1527620895666716511,ARKW,S,200,53.23
1527620897056145264,ARKW,S,500,52.96
1527620898856681329,ARKW,S,200,52.98
1527620898872147825,ARKW,S,200,52.99
1527620898949087121,ARKW,B,200,52.88
1527620896452689824,ARKW,S,200,53.23
1527620897987739552,ARKW,S,200,53
1527620899143991200,ARKW,S,200,53.23
1527620898448719779,ARKW,S,200,53.23
1527620898745798947,ARKW,S,200,53.1
1527620896733384996,ARKW,S,200,53.1
1527620899885446234,ARKW,B,200,52.7
1527620901423051866,ARKW,B,200,52.79
1527620902170555482,ARKW,B,200,52.7
1527620903239585269,ARKW,B,200,52.69
1527620903518244342,ARKW,B,200,52.78
1527620900270220610,ARKW,B,200,52.7
1527620903031121218,ARKW,B,200,52.7
1527620902070970794,ARKW,S,500,52.96
1527620902309194464,ARKW,B,200,52.88
1527620900324764387,ARKW,B,200,52.81
1527620900469598947,ARKW,B,200,52.82
1527620911172636850,ARKW,S,200,53.23
1527620909212324019,ARKW,S,200,53.23
1527620908937531589,ARKW,B,200,52.7
1527620912157905093,ARKW,B,200,52.7
1527620908915934084,ARKW,S,200,53.1
1527620911849259908,ARKW,S,200,53.1
1527620911145536741,ARKW,B,200,52.76
1527620909806439654,ARKW,B,200,52.76
1527620914070518458,ARKW,S,500,52.96
1527620915471153880,ARKW,B,200,52.88
1527620916376730330,ARKW,B,200,52.82
1527620912828938971,ARKW,B,200,52.83
1527620919241435337,ARKW,B,200,52.81
1527620921063336186,ARKW,S,200,53.23
1527620920258619643,ARKW,S,200,53.23
1527620918821939465,ARKW,B,100,52.89
1527620918384849515,ARKW,S,500,52.95
1527620919495357038,ARKW,S,200,52.99
1527620920928105070,ARKW,S,200,52.98
1527620919837127305,ARKW,B,200,52.7
1527620917861085834,ARKW,B,200,52.7
1527620919589925561,ARKW,S,200,53
1527620922527264968,ARKW,B,200,52.87
1527620924694016203,ARKW,B,200,52.82
1527620924757913803,ARKW,B,200,52.81
1527620922005795037,ARKW,B,200,52.7
1527620924345954525,ARKW,B,200,52.7
1527620921324025340,ARKW,B,200,52.88
1527620923478586878,ARKW,B,200,0
1527620924689495550,ARKW,B,200,52.82
1527620934873432839,ARKW,S,200,53.23
1527620936333902599,ARKW,S,200,53
1527620937297871623,ARKW,S,200,53.23
1527620934036996898,ARKW,S,500,52.96
1527620938283533093,ARKW,B,200,52.7
1527620936165278502,ARKW,B,200,52.7
1527620936396358447,ARKW,S,200,53.23
1527620934856393520,ARKW,S,200,53.23
1527620937929900872,ARKW,B,200,52.88
1527620936625537867,ARKW,B,200,52.81
1527620937273688907,ARKW,B,200,52.82
1527620937081406333,ARKW,B,100,52.89
1527620941800074533,ARKW,S,500,52.96
1527620939435928877,ARKW,S,200,53
1527620939612876077,ARKW,S,200,52.99
1527620939889569589,ARKW,B,200,52.71
1527620942353461045,ARKW,B,200,52.71
1527620939489472331,ARKW,B,200,52.88
1527620941693185870,ARKW,B,200,52.82
1527620941989146446,ARKW,B,200,0
1527620945743446711,ARKW,S,200,53.24
1527620944327869112,ARKW,S,200,53.24
1527620944413988060,ARKW,B,200,52.71
1527620946757031132,ARKW,B,200,52.71
1527620948168870095,ARKW,B,200,52.77
1527620950580136143,ARKW,B,200,52.77
1527620951791643837,ARKW,S,500,52.96
1527620954655370432,ARKW,S,200,53
1527620951745834177,ARKW,S,200,0
1527620952009362792,ARKW,S,200,53.01
1527620955663086087,ARKW,B,200,52.89
1527620959346995743,ARKW,B,200,52.84
1527620956745806371,ARKW,B,200,52.85
1527620955495969318,ARKW,B,200,52.83
1527620959372359844,ARKW,S,200,53.25
1527620957451892901,ARKW,S,200,53.25
1527620958493522100,ARKW,B,100,52.9
1527620955919400258,ARKW,S,500,52.97
1527620955974450503,ARKW,S,200,53.01
1527620956790308167,ARKW,S,200,53
1527620967922250961,ARKW,S,200,53.25
1527620965311100114,ARKW,S,200,53.02
1527620966577648850,ARKW,S,200,53.25
1527620967139161300,ARKW,S,200,53.25
1527620964969072864,ARKW,S,200,53.12
1527620967433160928,ARKW,S,200,53.12
1527620966715881998,ARKW,B,200,52.82
1527620970903521336,ARKW,B,200,52.81
1527620969173305401,ARKW,B,200,52.81
1527620972196550719,ARKW,S,500,52.96
1527620969847019588,ARKW,S,200,52.99
1527620970699511876,ARKW,S,200,52.98
1527620970145011792,ARKW,B,200,52.7
1527620968570640465,ARKW,B,200,0
1527620968504055894,ARKW,B,200,52.76
1527620969056870255,ARKW,B,200,52.89
1527620971879390549,ARKW,B,200,52.82
1527620968640732502,ARKW,B,200,52.83
1527620969511187228,ARKW,S,200,53
1527620971742622492,ARKW,S,200,53
1527620972806751753,ARKW,B,200,52.81
1527620974071220410,ARKW,S,200,53.23
1527620972746148027,ARKW,S,200,53.23
1527620973194676411,ARKW,S,200,53.01
1527620974322550972,ARKW,S,200,53.23
1527620976659657252,ARKW,S,200,53.1
1527620974806233637,ARKW,S,200,53.1
1527620980749451268,ARKW,B,200,52.8
1527620980710480263,ARKW,B,200,52.69
1527620978925410696,ARKW,B,200,52.69
1527620979189324325,ARKW,B,100,52.89
1527620980439554598,ARKW,B,200,52.8
1527620980713232934,ARKW,B,200,52.81
1527620978298630847,ARKW,S,500,52.96
1527620978699186909,ARKW,S,200,53.22
1527620981202465501,ARKW,S,200,53.22
1527620977236709784,ARKW,B,200,52.89
1527620986098891718,ARKW,S,500,52.97
1527620987468921800,ARKW,S,200,53
1527620987797912520,ARKW,S,200,52.99
1527620989018395429,ARKW,B,200,52.89
1527620987167096320,ARKW,S,500,52.96
1527620988131721907,ARKW,B,200,52.7
1527620986079330996,ARKW,B,200,52.7
1527620988719645569,ARKW,B,200,52.88
1527620988955181954,ARKW,S,200,53.23
1527620987512734595,ARKW,S,200,53.23
1527620987578270595,ARKW,B,200,52.81
1527620988401992579,ARKW,B,200,52.82
1527620989004596099,ARKW,S,200,53
1527620987726185348,ARKW,S,200,53.23
1527620989037036471,ARKW,S,500,52.97
1527620986743276474,ARKW,B,200,52.7
1527620989467673530,ARKW,S,200,52.99
1527620989582033850,ARKW,B,200,52.7
1527620985955992507,ARKW,S,200,52.98
1527620989308027916,ARKW,S,100,52.96
1527620989216736288,ARKW,S,500,52.96
1527620987395818545,ARKW,B,200,52.88
1527620986994803763,ARKW,B,200,52.81
1527620987232961587,ARKW,B,200,52.82
1527620992682402289,ARKW,S,200,53
1527620993341235729,ARKW,B,200,52.71
1527620990534525458,ARKW,B,200,52.8
1527620991410676242,ARKW,B,200,52.71
1527620992985440786,ARKW,B,200,52.71
1527620995949120532,ARKW,S,500,52.96
1527620996791192628,ARKW,B,200,52.88
1527620995455896630,ARKW,B,200,52.81
1527620996575906870,ARKW,B,200,52.82
1527620996219981910,ARKW,S,200,52.98
1527620998233116763,ARKW,S,200,53.23
1527620996226994268,ARKW,S,200,53.23
1527620996458926187,ARKW,S,500,52.96
1527620995098857581,ARKW,S,200,52.98
1527620995175534701,ARKW,S,200,0
1527620996656124033,ARKW,B,200,52.7
1527620994560741506,ARKW,B,200,52.7
1527620994758201498,ARKW,B,200,52.88
1527620996257140892,ARKW,B,200,52.81
1527620997858316444,ARKW,B,200,52.82
1527621000347111787,ARKW,S,200,53.23
1527621002587722091,ARKW,S,200,53.23
1527620998803542396,ARKW,B,200,0
1527621000937001340,ARKW,B,200,52.7
1527621005631514243,ARKW,S,200,53.1
1527621005507126916,ARKW,S,200,53.1
1527621004069363705,ARKW,B,200,52.88
1527621006311874556,ARKW,B,200,52.8
1527621006523621372,ARKW,B,200,52.81
1527621006093777786,ARKW,S,500,52.96
1527621011059836836,ARKW,S,200,53.23
1527621009410688933,ARKW,S,200,53.23
1527621007116209875,ARKW,B,100,52.89
1527621009153136959,ARKW,S,200,53.1
1527621007409355072,ARKW,S,200,53.1
1527621014920170070,ARKW,S,500,52.96
1527621025962246911,ARKW,S,200,53.22
1527621024314737408,ARKW,S,200,53.22
1527621026795939765,ARKW,B,200,52.7
1527621025457366966,ARKW,B,200,52.7
1527621024217294798,ARKW,B,200,52.87
1527621027956451279,ARKW,B,200,52.81
1527621024214476752,ARKW,B,200,52.82
1527621027914573848,ARKW,B,100,52.88
1527621025684319064,ARKW,B,200,0
1527621037213112659,ARKW,B,200,52.69
1527621039553993043,ARKW,B,200,52.69
1527621039813854714,ARKW,B,200,52.75
1527621037837288955,ARKW,B,200,52.75
1527621039496617221,ARKW,S,200,53.09
1527621038111186187,ARKW,S,200,53.09
1527621049164181116,ARKW,S,170,52.93
1527621049704067771,ARKW,B,200,52.87
1527621046394750802,ARKW,B,200,52.68
1527621048921687890,ARKW,B,200,52.68
1527621052367844017,ARKW,B,200,52.74
1527621050364605106,ARKW,B,200,52.74
1527621053062073689,ARKW,S,200,52.96
1527621053740895577,ARKW,S,200,52.95
1527621050261130594,ARKW,S,200,52.97
1527621050357864587,ARKW,S,200,53.21
1527621053223753867,ARKW,S,200,53.21
1527621053559691424,ARKW,S,500,52.94
1527621053940717732,ARKW,S,200,52.96
1527621054054488228,ARKW,S,200,52.97
1527621049993550007,ARKW,S,100,52.93
1527621056641030692,ARKW,S,200,52.98
1527621062595328780,ARKW,B,100,52.87
1527621060686985998,ARKW,B,200,52.8
1527621061243452174,ARKW,B,200,52.81
1527621060199941017,ARKW,B,200,52.79
1527621063603787907,ARKW,B,200,52.78
1527621073055865790,ARKW,S,500,52.93
1527621072667368542,ARKW,B,200,52.67
1527621075114810462,ARKW,B,200,52.67
1527621072122738424,ARKW,B,200,52.73
1527621074518537976,ARKW,B,200,52.73
1527621087912247303,ARKW,S,200,52.99
1527621086215389192,ARKW,S,200,52.99
1527621088489096918,ARKW,B,200,52.87
1527621085457204952,ARKW,B,200,52.8
1527621086147364568,ARKW,B,200,52.81
1527621084412823284,ARKW,S,200,53.22
1527621087329961716,ARKW,S,200,53.22
1527621088647806504,ARKW,S,500,52.95
1527621091032858153,ARKW,S,200,52.99
1527621091400842793,ARKW,S,200,52.98
1527621090104344120,ARKW,S,100,52.94
1527621090286141008,ARKW,B,200,52.87
1527621092421303897,ARKW,S,200,53.23
1527621091433741914,ARKW,S,200,53.23
1527621090411530164,ARKW,S,500,52.95
1527621092232054710,ARKW,B,200,52.7
1527621090190215095,ARKW,B,200,52.7
1527621090832730039,ARKW,S,200,52.99
1527621091516532663,ARKW,S,200,52.98
1527621089957431238,ARKW,S,100,52.94
1527621090491877380,ARKW,B,200,52.87
1527621089102710791,ARKW,B,200,52.81
1527621089844709383,ARKW,B,200,52.82
1527621090684749844,ARKW,S,200,53.23
1527621092781049876,ARKW,S,200,53.23
1527621096256278720,ARKW,S,500,52.96
1527621095816270023,ARKW,S,200,52.99
1527621097115062471,ARKW,S,200,52.98
1527621094783881427,ARKW,B,200,52.88
1527621093261954481,ARKW,S,200,53
1527621094029131693,ARKW,S,200,53.24
1527621096945811373,ARKW,S,200,53.24
1527621095578599367,ARKW,B,200,52.71
1527621094305759176,ARKW,B,200,52.71
1527621093838618588,ARKW,B,100,52.89
1527621095737130973,ARKW,B,200,52.82
1527621096894037981,ARKW,B,200,52.83
1527621098421458325,ARKW,S,200,53.11
1527621101041718677,ARKW,S,200,53.11
1527621101455909631,ARKW,B,200,52.81
1527621103444961718,ARKW,S,500,52.96
1527621105260572004,ARKW,B,200,52.7
1527621103493459301,ARKW,B,200,52.7
1527621103911447937,ARKW,B,200,52.88
1527621105682886019,ARKW,B,200,52.81
1527621101893922180,ARKW,B,200,52.82
1527621103701477134,ARKW,B,200,52.8
1527621104213467349,ARKW,S,200,53.23
1527621102279434454,ARKW,S,200,53.23
1527621105671381225,ARKW,B,200,52.7
1527621103646777578,ARKW,B,200,52.7
1527621103800787741,ARKW,B,200,52.76
1527621104250037022,ARKW,B,200,52.76
1527621109121993429,ARKW,S,500,52.96
1527621106294901464,ARKW,S,200,52.99
1527621106599643864,ARKW,S,200,52.98
1527621108182731501,ARKW,S,100,52.94
1527621106185784060,ARKW,B,200,52.88
1527621108522011389,ARKW,B,200,52.82
1527621108619725565,ARKW,B,200,52.83
1527621106815126288,ARKW,S,200,53.23
1527621105980918545,ARKW,S,200,53.23
1527621106628545322,ARKW,S,500,52.96
1527621107803605803,ARKW,B,200,52.71
1527621105820486444,ARKW,B,200,52.71
1527621106262264620,ARKW,S,200,52.99
1527621106674420524,ARKW,S,200,52.98
1527621108616448838,ARKW,S,100,52.95
1527621107364973385,ARKW,B,200,52.88
1527621107831524172,ARKW,B,200,52.82
1527621108265438028,ARKW,B,200,52.83
1527621105972600797,ARKW,B,200,52.81
1527621108349919197,ARKW,B,200,52.81
1527621107178075093,ARKW,S,200,53
1527621117742767544,ARKW,B,200,52.8
1527621116093816249,ARKW,B,200,52.8
1527621116495355355,ARKW,B,200,52.88
1527621116318082231,ARKW,S,200,52.98
1527621116552045754,ARKW,S,200,53.22
1527621115285497019,ARKW,S,200,53.01
1527621115531453627,ARKW,S,200,53.22
1527621117456049362,ARKW,S,500,52.96
1527621118495410334,ARKW,S,200,53.22
1527621117202319519,ARKW,S,200,53.22
1527621122319356335,ARKW,B,200,52.69
1527621120451187120,ARKW,B,200,52.69
1527621122265486017,ARKW,B,100,52.88
1527621121377080003,ARKW,B,200,52.8
1527621121726124739,ARKW,B,200,52.81
1527621119004160143,ARKW,S,200,53.09
1527621121604759695,ARKW,S,200,53.09
1527621119436239987,ARKW,B,200,52.79
1527621121052818887,ARKW,S,500,52.94
1527621122186591756,ARKW,B,200,52.68
1527621118982733325,ARKW,B,200,52.78
1527621120485801485,ARKW,B,200,52.68
1527621120905821711,ARKW,B,200,52.68
1527621119615691333,ARKW,B,200,52.87
1527621121390209609,ARKW,B,200,52.79
1527621121549724233,ARKW,B,200,52.8
1527621119037991559,ARKW,B,200,52.68
1527621121090841223,ARKW,B,200,52.68
1527621121001265598,ARKW,B,200,52.74
1527621120317462975,ARKW,B,200,52.74
1527621125391717468,ARKW,B,200,52.87
1527621127499723801,ARKW,B,200,52.8
1527621128234775577,ARKW,B,200,52.81
1527621131459802146,ARKW,B,200,52.79
1527621133206014854,ARKW,S,200,53.22
1527621135829683078,ARKW,S,200,53.22
1527621132069096337,ARKW,B,100,52.88
1527621142855299459,ARKW,S,200,53.09
1527621140993618308,ARKW,S,200,53.09
1527621140452029112,ARKW,S,500,52.94
1527621140693267145,ARKW,B,200,52.68
1527621143066194633,ARKW,B,200,52.68
1527621141030453239,ARKW,B,200,52.74
1527621143907483639,ARKW,B,200,52.74
1527621140589333796,ARKW,S,100,52.93
1527621140723698055,ARKW,S,200,52.96
1527621141183105415,ARKW,S,200,52.95
1527621140430687672,ARKW,S,200,52.97
1527621140398787569,ARKW,B,100,52.87
1527621148305992085,ARKW,B,200,52.8
1527621144632764822,ARKW,B,200,52.81
1527621145330002363,ARKW,B,200,52.79
1527621147977078313,ARKW,S,200,52.98
1527621146185586218,ARKW,S,200,52.98
1527621150617555435,ARKW,B,200,52.78
1527621152595505852,ARKW,S,500,52.93
1527621152678736584,ARKW,B,200,52.67
1527621150997017289,ARKW,B,200,52.67
1527621148920836886,ARKW,B,200,52.85
1527621150060442393,ARKW,B,200,52.78
1527621150527386393,ARKW,B,200,52.79
1527621151626556202,ARKW,S,500,52.93
1527621151508788011,ARKW,B,200,52.67
1527621149415109420,ARKW,B,200,52.67
1527621153731341701,ARKW,B,200,52.73
1527621156340723077,ARKW,B,200,52.73
1527621154848009679,ARKW,B,200,52.86
1527621154765696465,ARKW,B,200,52.79
1527621154940677585,ARKW,B,200,52.8
1527621161566495856,ARKW,B,200,52.68
1527621160089576561,ARKW,B,200,52.68
1527621159196940542,ARKW,B,200,52.74
1527621157599500543,ARKW,B,200,52.74
1527621161868693115,ARKW,B,200,52.86
1527621164054449788,ARKW,B,200,52.8
1527621165619580540,ARKW,B,200,52.81
1527621162591248561,ARKW,B,200,52.79
1527621169019510576,ARKW,B,200,52.68
1527621167320686385,ARKW,B,200,52.68
1527621168320193552,ARKW,B,200,52.74
1527621166453138449,ARKW,B,200,52.74
1527621169697367059,ARKW,B,200,52.68
1527621168067290502,ARKW,B,200,52.74
1527621166528112007,ARKW,B,200,52.74
1527621172974160189,ARKW,B,200,52.86
1527621171060443455,ARKW,B,200,52.8
1527621172409305407,ARKW,B,200,52.81
1527621172297910074,ARKW,B,100,52.87
1527621173996032249,ARKW,S,200,52.99
1527621172078907653,ARKW,S,200,52.99
1527621172565644053,ARKW,B,200,52.87
1527621170307601380,ARKW,S,200,53.23
1527621172780274660,ARKW,S,200,53.23
1527621174040141526,ARKW,S,200,53.1
1527621172943134423,ARKW,S,200,53.1
1527621182383865344,ARKW,B,200,52.87
1527621190921734910,ARKW,S,500,52.95
1527621191380291255,ARKW,B,200,52.88
1527621191798435445,ARKW,S,200,53.24
1527621194318163573,ARKW,S,200,53.24
1527621195607060111,ARKW,S,500,52.96
1527621193349934737,ARKW,S,200,53
1527621193574526609,ARKW,S,200,52.99
1527621193780833947,ARKW,B,200,0
1527621195535888027,ARKW,B,200,52.79
1527621191858007708,ARKW,B,200,52.7
1527621192646733490,ARKW,B,200,52.88
1527621199530778971,ARKW,B,200,52.71
1527621197650878812,ARKW,B,200,52.71
1527621198729470394,ARKW,S,100,52.95
1527621196158715143,ARKW,B,200,52.77
1527621198602028295,ARKW,B,200,52.77
1527621199687578372,ARKW,S,200,53.01
1527621200092133468,ARKW,B,200,52.89
1527621196836173918,ARKW,B,200,52.83
1527621197027670110,ARKW,B,200,52.84
1527621199733913715,ARKW,S,200,53.25
1527621197808662644,ARKW,S,200,53.25
1527621199833790599,ARKW,S,500,52.97
1527621197117520012,ARKW,S,200,53.01
1527621198548891788,ARKW,S,200,53
1527621200570885135,ARKW,B,200,0
1527621206989453811,ARKW,B,200,52.71
1527621205267429876,ARKW,B,200,52.71
1527621206833543720,ARKW,S,100,52.96
1527621206352312891,ARKW,S,500,52.96
1527621208113278963,ARKW,B,200,52.88
1527621205179887606,ARKW,B,200,52.82
1527621205564714998,ARKW,B,200,52.83
1527621216657509758,ARKW,B,200,52.72
1527621214679698815,ARKW,B,200,52.72
1527621219249698237,ARKW,S,100,52.94
1527621220852118976,ARKW,B,200,52.88
1527621218143122883,ARKW,B,200,52.82
1527621218777511363,ARKW,B,200,52.83
1527621219645732326,ARKW,S,500,52.96
1527621221042828775,ARKW,B,200,52.71
1527621219748165096,ARKW,B,200,52.71
1527621220560812158,ARKW,B,200,0
1527621218696575103,ARKW,B,200,52.77
1527621219102177896,ARKW,B,200,52.88
1527621221434341993,ARKW,B,200,52.83
1527621221650938473,ARKW,B,200,52.84
1527621221071796929,ARKW,S,500,52.96
1527621220926111775,ARKW,B,200,52.72
1527621218910552096,ARKW,B,200,52.72
1527621224538133463,ARKW,B,200,52.89
1527621225810777048,ARKW,B,200,52.82
1527621223252513753,ARKW,B,200,52.83
1527621222544140333,ARKW,B,200,52.72
1527621225398364205,ARKW,B,200,52.72
1527621222362769547,ARKW,S,200,53.24
1527621224771217547,ARKW,S,200,53.24
1527621225708185752,ARKW,B,100,52.9
1527621225745213596,ARKW,S,500,52.97
1527621222641232029,ARKW,B,200,52.82
1527621223292987549,ARKW,B,200,52.83
1527621225818482847,ARKW,S,200,53
1527621221840578720,ARKW,S,200,52.99
1527621228494614777,ARKW,S,200,53.01
1527621235161526966,ARKW,B,200,52.72
1527621237727261366,ARKW,B,200,52.72
1527621235389199056,ARKW,B,200,52.89
1527621235059815124,ARKW,B,200,52.83
1527621235415675604,ARKW,B,200,52.84
1527621236371887699,ARKW,S,200,53.25
1527621238927857235,ARKW,S,200,53.25
1527621235208951420,ARKW,B,200,52.9
1527621236192646780,ARKW,S,500,52.98
1527621235333404285,ARKW,B,200,52.72
1527621236603426429,ARKW,B,200,52.83
1527621237902481021,ARKW,B,200,52.72
1527621235047143038,ARKW,S,200,53.01
1527621235552360062,ARKW,S,200,53
1527621241309192464,ARKW,B,200,52.72
1527621239503937809,ARKW,B,200,52.72
1527621240400339277,ARKW,S,100,52.97
1527621239857570248,ARKW,B,200,52.9
1527621241739370954,ARKW,B,200,52.83
1527621242059710922,ARKW,B,200,52.84
1527621241327804889,ARKW,B,200,52.72
1527621239230063066,ARKW,B,200,52.72
1527621239088904725,ARKW,B,200,52.78
1527621241458096661,ARKW,B,200,52.78
1527621247470308363,ARKW,B,200,52.9
1527621255009303211,ARKW,B,200,52.84
1527621252379409068,ARKW,B,200,52.85
1527621251848436411,ARKW,B,200,52.83
1527621256809967957,ARKW,B,200,52.82
1527621258211346354,ARKW,B,200,52.72
1527621256255948723,ARKW,B,200,52.72
1527621256744978385,ARKW,S,200,53.25
1527621259140581329,ARKW,S,200,0
1527621257440118760,ARKW,S,500,52.98
1527621258132244459,ARKW,S,200,53
1527621259212736491,ARKW,S,200,53.01
1527621266127939507,ARKW,B,200,52.89
1527621268188456884,ARKW,B,200,52.83
1527621268467640244,ARKW,B,200,52.84
1527621265039322264,ARKW,B,200,52.82
1527621273170623125,ARKW,B,200,52.71
1527621270304733846,ARKW,B,200,52.81
1527621271117576854,ARKW,B,200,52.71
1527621272460818959,ARKW,B,200,52.71
1527621270717561360,ARKW,B,200,52.71
1527621272069992301,ARKW,B,200,52.77
1527621270548770670,ARKW,B,200,0
1527621281304178926,ARKW,B,100,52.9
1527621279971897583,ARKW,S,100,52.97
1527621279408353521,ARKW,B,200,52.83
1527621281295593713,ARKW,B,200,52.84
1527621277994676487,ARKW,B,200,52.89
1527621279052951815,ARKW,S,500,52.97
1527621280813707527,ARKW,B,200,52.89
1527621279135484801,ARKW,B,200,52.82
1527621277972941698,ARKW,B,200,52.82
1527621284755446522,ARKW,B,200,52.72
1527621283003144955,ARKW,B,200,52.72
1527621285041314573,ARKW,B,200,52.89
1527621282897304335,ARKW,B,200,52.83
1527621283446692623,ARKW,B,200,52.84
1527621285147028437,ARKW,B,200,52.82
1527621297562013584,ARKW,B,200,0
1527621295701905297,ARKW,B,200,52.71
1527621296878931857,ARKW,B,200,52.81
1527621297183608761,ARKW,S,100,52.96
1527621295773092006,ARKW,B,200,52.71
1527621298095360166,ARKW,B,200,52.71
1527621303060134823,ARKW,B,200,52.77
1527621301433924520,ARKW,B,200,52.77
1527621303450616269,ARKW,B,200,52.89
1527621303944759122,ARKW,S,200,53.24
1527621306388334418,ARKW,S,200,53.24
1527621303573956454,ARKW,S,500,52.97
1527621304024975213,ARKW,S,200,53
1527621304346953581,ARKW,S,200,52.99
1527621307648853885,ARKW,B,200,52.72
1527621305456478078,ARKW,B,200,52.72
1527621310953714031,ARKW,B,200,52.89
1527621308034609521,ARKW,B,200,52.82
1527621308719395185,ARKW,B,200,52.83
1527621308587947487,ARKW,B,200,52.71
1527621311436731871,ARKW,B,200,52.71
1527621318985422444,ARKW,B,200,52.77
1527621317246948973,ARKW,B,200,52.77
1527621319972460705,ARKW,S,200,53.01
1527621318372792482,ARKW,S,200,53.01
1527621319583439987,ARKW,B,200,52.89
1527621320380161141,ARKW,B,200,52.83
1527621316292156534,ARKW,B,200,52.84
1527621316635074453,ARKW,B,200,52.82
1527621322989723726,ARKW,B,200,52.71
1527621321507889231,ARKW,B,200,52.71
1527621327393671373,ARKW,B,200,52.77
1527621325598116046,ARKW,B,200,52.77
1527621331869415816,ARKW,B,200,52.89
1527621329947048331,ARKW,S,200,53.24
1527621332527331723,ARKW,S,200,53.24
1527621329817287092,ARKW,B,100,52.9
1527621331802569167,ARKW,S,500,52.97
1527621329225693650,ARKW,S,200,53
1527621329922275794,ARKW,S,200,52.99
1527621334199935431,ARKW,B,200,52.71
1527621336503722439,ARKW,B,200,52.71
1527621338221970121,ARKW,S,200,52.98
1527621340976972489,ARKW,S,200,52.98
1527621338231997130,ARKW,S,200,52.97
1527621344026151080,ARKW,B,100,52.87
1527621346291599529,ARKW,B,200,52.8
1527621342473341098,ARKW,B,200,52.81
1527621349260801548,ARKW,S,500,52.94
1527621346765714988,ARKW,B,200,52.69
1527621349231900204,ARKW,B,200,52.69
1527621346848355961,ARKW,S,100,52.93
1527621347306793781,ARKW,B,200,52.75
1527621350390721333,ARKW,B,200,52.75
1527621365412823310,ARKW,S,500,52.93
1527621384607002158,ARKW,S,500,52.92
1527621384919543736,ARKW,S,100,0
1527621385027921138,ARKW,B,100,52.85
1527621393675440994,ARKW,B,200,52.81
1527621394341679970,ARKW,B,200,52.82
1527621397700989844,ARKW,B,200,52.8
1527621397202129991,ARKW,S,200,53.22
1527621395416601672,ARKW,S,200,53.22
1527621395429708883,ARKW,S,500,0
1527621394558932053,ARKW,S,200,52.98
1527621394030596970,ARKW,B,200,52.86
1527621400943752462,ARKW,B,200,52.69
1527621399708005647,ARKW,B,200,52.69
1527621401313703212,ARKW,S,100,52.92
1527621405284115957,ARKW,S,500,52.92
1527621410565001657,ARKW,S,500,52.92
1527621407935173432,ARKW,B,200,52.67
1527621407019569978,ARKW,B,200,52.67
1527621430541885227,ARKW,S,500,52.92
1527621433919479918,ARKW,B,200,52.73
1527621436332122222,ARKW,B,200,52.73
1527621444719327539,ARKW,B,100,52.86
1527621441524709686,ARKW,B,200,0
1527621441675311414,ARKW,B,200,52.81
1527621446457043740,ARKW,S,200,53.22
1527621448769284892,ARKW,S,200,53.22
1527621447600188568,ARKW,S,500,52.94
1527621446454488219,ARKW,S,200,52.98
1527621446999551131,ARKW,S,200,52.97
1527621446428153917,ARKW,S,100,52.93
1527621450775871585,ARKW,B,200,52.79
1527621449714341029,ARKW,S,200,52.99
1527621456785868328,ARKW,B,200,52.7
1527621455031076393,ARKW,B,200,52.7
1527621455545992745,ARKW,S,200,53.23
1527621457795122729,ARKW,S,200,53.23
1527621457003710059,ARKW,B,100,52.88
1527621456600270445,ARKW,B,200,52.81
1527621456949839469,ARKW,B,200,52.82
1527621457786694507,ARKW,S,200,53.1
1527621456138201964,ARKW,S,200,53.1
1527621462057718825,ARKW,B,200,52.8
1527621466252943028,ARKW,B,200,52.71
1527621464269364917,ARKW,B,200,52.71
1527621465136209828,ARKW,S,500,52.97
1527621467486237274,ARKW,B,200,52.77
1527621469984076378,ARKW,B,200,52.77
1527621470013504223,ARKW,S,100,52.96
1527621468594977525,ARKW,S,500,52.96
1527621474992929963,ARKW,B,100,52.91
1527621473387433603,ARKW,B,200,52.7
1527621471743004292,ARKW,B,200,52.7
1527621474638671235,ARKW,B,200,52.76
1527621472887745924,ARKW,B,200,52.76
1527621475260482526,ARKW,S,200,53.23
1527621478269961182,ARKW,S,200,53.23
1527621478917064399,ARKW,S,500,52.96
1527621475342599891,ARKW,S,200,52.99
1527621475517712083,ARKW,S,200,52.98
1527621476891739927,ARKW,B,100,52.9
1527621477954864936,ARKW,B,200,52.7
1527621475965060905,ARKW,B,200,52.7
1527621477951789991,ARKW,B,100,52.9
1527621478420175787,ARKW,B,200,52.81
1527621479215651755,ARKW,B,200,52.82
1527621478218390456,ARKW,B,200,52.7
1527621475695451078,ARKW,B,100,52.9
1527621478530407369,ARKW,B,200,52.81
1527621478824598473,ARKW,B,200,52.82
1527621477301803992,ARKW,B,200,52.7
1527621478026828772,ARKW,B,100,52.9
1527621477314255846,ARKW,B,200,52.81
1527621477648489446,ARKW,B,200,52.82
1527621479346659134,ARKW,B,200,52.7
1527621476538507071,ARKW,B,200,52.8
1527621478010838847,ARKW,B,200,52.7
1527621477788737422,ARKW,B,200,52.7
1527621475743883151,ARKW,B,200,52.7
1527621476305002453,ARKW,S,200,53.23
1527621478752444373,ARKW,S,200,53.23
1527621476300677100,ARKW,S,200,53.1
1527621478468804588,ARKW,S,200,53.1
1527621477495857245,ARKW,B,100,52.88
1527621476448591968,ARKW,B,200,52.81
1527621476797964384,ARKW,B,200,52.82
1527621475325501695,ARKW,B,200,52.8
1527621478323905482,ARKW,S,500,52.98
1527621479404856268,ARKW,S,200,52.99
1527621477990851533,ARKW,S,200,52.99
1527621481598451092,ARKW,S,100,52.97
1527621479812988310,ARKW,S,200,52.97
1527621482866048451,ARKW,S,500,52.97
1527621480576878343,ARKW,B,200,0
1527621483470423815,ARKW,B,200,52.69
1527621479556182858,ARKW,B,200,52.75
1527621482137383754,ARKW,B,200,52.75
1527621487563195908,ARKW,S,200,52.97
1527621486908107439,ARKW,B,200,52.87
1527621484773010098,ARKW,B,200,52.81
1527621485813787314,ARKW,B,200,52.82
1527621486198942463,ARKW,S,200,53.23
1527621484612446976,ARKW,S,200,53.23
1527621487731575282,ARKW,B,200,52.7
1527621486223133171,ARKW,B,200,52.7
1527621486346537477,ARKW,S,500,52.95
1527621487553972742,ARKW,S,200,52.98
1527621487618198022,ARKW,S,200,52.99
1527621483930225164,ARKW,B,100,52.88
1527621486768720398,ARKW,B,200,52.81
1527621487373093390,ARKW,B,200,52.82
1527621485998213650,ARKW,B,200,52.7
1527621484706957843,ARKW,B,200,52.8
1527621486278445588,ARKW,B,200,0
1527621485641894423,ARKW,S,200,53.23
1527621484083055128,ARKW,S,200,53
1527621484144462360,ARKW,S,200,53.23
1527621485332433435,ARKW,S,200,53.23
1527621483814226474,ARKW,B,200,52.87
1527621486740343341,ARKW,B,200,52.81
1527621487153941037,ARKW,B,200,52.82
1527621486667673920,ARKW,B,200,0
1527621485115453761,ARKW,B,200,52.7
1527621483802440033,ARKW,S,500,52.98
1527621487147659618,ARKW,S,200,52.99
1527621485365735779,ARKW,S,200,52.99
1527621487007692905,ARKW,B,200,52.76
1527621485205715050,ARKW,B,200,52.76
1527621490703901837,ARKW,B,100,52.9
1527621490021934238,ARKW,B,200,52.7
1527621488343360671,ARKW,B,200,52.7
1527621488689390764,ARKW,B,100,52.9
1527621490017608881,ARKW,B,200,52.81
1527621490756854961,ARKW,B,200,52.82
1527621491105047744,ARKW,B,200,52.7
1527621488803226817,ARKW,B,200,52.8
1527621489111311553,ARKW,B,200,52.7
1527621491285468353,ARKW,B,200,52.7
1527621490887861450,ARKW,B,100,52.9
1527621488197084367,ARKW,B,200,52.81
1527621488333989084,ARKW,B,200,52.7
1527621490609333468,ARKW,B,200,52.7
1527621489750942968,ARKW,B,100,52.9
1527621490399552765,ARKW,B,200,52.81
1527621490477671677,ARKW,B,200,52.82
1527621491817686286,ARKW,B,200,52.7
1527621488966673679,ARKW,B,200,52.8
1527621489874019599,ARKW,B,200,52.7
1527621488132007184,ARKW,B,200,52.7
1527621492060300566,ARKW,B,100,52.9
1527621491992732952,ARKW,B,200,52.81
1527621490303345959,ARKW,B,200,52.7
1527621488302073128,ARKW,B,200,52.7
1527621490040677685,ARKW,B,100,52.9
1527621490582799577,ARKW,B,200,52.81
1527621491105776857,ARKW,B,200,52.82
1527621491653067997,ARKW,B,200,52.7
1527621488834757854,ARKW,B,200,52.8
1527621489931699423,ARKW,B,200,52.79
1527621491971310817,ARKW,B,200,52.7
1527621489198154987,ARKW,B,100,52.9
1527621490114675950,ARKW,B,200,52.81
1527621490132370670,ARKW,B,200,52.82
1527621488453403901,ARKW,B,200,52.7
1527621491369952521,ARKW,B,100,52.9
1527621488368862475,ARKW,B,200,52.81
1527621489764386059,ARKW,B,200,52.82
1527621489910465819,ARKW,B,200,52.7
1527621491987170587,ARKW,B,200,52.7
1527621488555771176,ARKW,B,100,52.9
1527621488214000939,ARKW,B,200,52.81
1527621490484430123,ARKW,B,200,52.81
1527621491867960635,ARKW,B,200,52.7
1527621489741710652,ARKW,B,200,52.7
1527621492109133126,ARKW,B,100,52.9
1527621489533183117,ARKW,B,200,52.76
1527621492220814477,ARKW,B,200,52.76
1527621495780720190,ARKW,B,100,52.9
1527621493136080823,ARKW,B,200,52.7
1527621495521460151,ARKW,B,200,52.7
1527621494773435868,ARKW,B,100,52.9
1527621496020258276,ARKW,B,200,52.81
1527621496487333348,ARKW,B,200,52.82
1527621495419817453,ARKW,B,200,52.7
1527621497638530834,ARKW,B,200,52.76
1527621499916758802,ARKW,B,200,52.76
1527621505023763497,ARKW,S,100,52.97
1527621501494060096,ARKW,S,500,52.97
1527621501992592461,ARKW,S,500,52.96
1527621501978448130,ARKW,B,100,52.87
1527621501014544659,ARKW,B,100,52.87
1527621502826746145,ARKW,B,200,52.87
1527621508557713935,ARKW,B,200,52.7
1527621506972398096,ARKW,B,200,52.7
1527621505572745749,ARKW,S,200,53.23
1527621507674878485,ARKW,S,200,53.23
1527621506219129957,ARKW,S,200,53.1
1527621508919999589,ARKW,S,200,53.1
1527621511111098857,ARKW,S,500,52.95
1527621510257033763,ARKW,S,100,52.94
1527621532066023150,ARKW,B,200,52.76
1527621531869218547,ARKW,B,200,52.76
1527621532871138139,ARKW,S,200,53.24
1527621531281496924,ARKW,S,200,53.24
1527621534312865524,ARKW,S,500,52.96
1527621532932415226,ARKW,S,200,53
1527621533865058042,ARKW,S,200,52.99
1527621533361282885,ARKW,S,100,52.95
1527621534847456437,ARKW,S,200,53.24
1527621533172946102,ARKW,S,200,53.24
1527621531739608247,ARKW,S,200,53.25
1527621534971122893,ARKW,S,500,52.96
1527621534263858384,ARKW,S,200,53.01
1527621532397524177,ARKW,S,200,53
1527621537983929203,ARKW,S,200,53.23
1527621536039345012,ARKW,S,200,53.23
1527621538359792899,ARKW,S,200,53.1
1527621536591500548,ARKW,S,200,53.1
1527621540246847982,ARKW,B,200,52.87
1527621548974682398,ARKW,B,200,52.69
1527621552017322270,ARKW,B,200,52.69
1527621549072003428,ARKW,B,100,52.87
1527621549400732007,ARKW,B,200,52.8
1527621549949727079,ARKW,B,200,52.81
1527621560310053674,ARKW,S,500,52.95
1527621558521212211,ARKW,S,200,53.23
1527621560900103475,ARKW,S,200,53.23
1527621561422342107,ARKW,S,100,52.98
1527621561779054557,ARKW,S,200,52.99
1527621564258805725,ARKW,S,200,52.99
1527621563459004571,ARKW,S,500,52.95
1527621568888813051,ARKW,S,200,53.23
1527621567072482812,ARKW,S,200,53.23
1527621565403438702,ARKW,S,200,53.1
1527621568814653052,ARKW,S,200,53.1
1527621582489765491,ARKW,B,200,52.7
1527621580566611572,ARKW,B,200,52.7
1527621587693034574,ARKW,B,200,52.76
1527621590627933262,ARKW,B,200,52.76
1527621588448753000,ARKW,S,500,52.96
1527621601509135941,ARKW,S,200,53.22
1527621602859832901,ARKW,S,200,53.11
1527621603903821381,ARKW,S,200,53.22
1527621603607337081,ARKW,S,200,53.23
1527621602651953743,ARKW,S,200,53.1
1527621600766876240,ARKW,S,200,53.1
1527621603925864254,ARKW,S,500,52.94
1527621602144202562,ARKW,S,200,52.97
1527621603185831746,ARKW,S,200,52.96
1527621600187756376,ARKW,S,200,53.21
1527621602499145560,ARKW,S,200,53.21
1527621606495774569,ARKW,S,100,52.93
1527621605011187567,ARKW,S,200,52.98
1527621605531346799,ARKW,S,200,52.97
1527621604558137205,ARKW,S,200,53.22
1527621606333835512,ARKW,S,500,52.94
1527621604295010555,ARKW,S,200,52.98
1527621604690258171,ARKW,S,200,52.97
1527621606408415488,ARKW,B,100,52.87
1527621604057180450,ARKW,B,200,52.69
1527621606395832610,ARKW,B,200,52.69
1527621604688619913,ARKW,S,100,52.93
1527621620902942314,ARKW,B,200,52.75
1527621619287283307,ARKW,B,200,52.75
1527621629233943745,ARKW,S,200,52.99
1527621627751912642,ARKW,S,200,52.99
1527621644529428543,ARKW,S,500,52.93
1527621643755844766,ARKW,B,100,52.81
1527621658751367018,ARKW,B,200,52.68
1527621657103136619,ARKW,B,200,52.68
1527621659038873451,ARKW,B,200,52.74
1527621655808998301,ARKW,B,200,52.68
1527621658915890294,ARKW,B,200,52.74
1527621677993465620,ARKW,B,100,52.87
1527621680225163033,ARKW,B,200,52.8
1527621677435558768,ARKW,B,200,52.79
1527621681144830835,ARKW,B,200,52.68
1527621689129116024,ARKW,B,200,52.67
1527621689257175087,ARKW,B,200,52.73
1527621690797071707,ARKW,S,200,0
1527621690069556589,ARKW,S,200,53.2
1527621691399871921,ARKW,B,100,52.85
1527621698234820342,ARKW,S,200,53.07
1527621695224555288,ARKW,S,500,52.93
1527621702092234637,ARKW,B,200,52.66
1527621699565691073,ARKW,S,100,52.91
1527621701594162247,ARKW,B,200,52.72
1527621703153191381,ARKW,S,200,52.94
1527621705176287708,ARKW,S,200,52.95
1527621706676539754,ARKW,S,500,52.91
1527621704579483601,ARKW,S,200,52.96
1527621711386655523,ARKW,S,200,52.97
1527621710753909348,ARKW,S,200,53.2
1527621708016208509,ARKW,S,500,52.93
1527621710913030782,ARKW,S,200,52.96
1527621707203431081,ARKW,S,100,52.92
1527621707772611399,ARKW,S,500,52.92
1527621709676902499,ARKW,S,200,52.97
1527621710785772769,ARKW,S,200,53.21
1527621709652524274,ARKW,S,500,52.93
1527621708148407540,ARKW,S,200,52.97
1527621716359767920,ARKW,S,200,53.19
1527621721399986167,ARKW,S,200,53.06
1527621724529569543,ARKW,B,100,52.84
1527621736229019636,ARKW,B,200,52.66
1527621733985403005,ARKW,B,200,52.65
1527621734420050954,ARKW,B,200,52.71
1527621752805557263,ARKW,S,500,52.9
1527621750600544718,ARKW,S,200,52.93
1527621753888753775,ARKW,S,100,52.89
1527621752329333058,ARKW,S,200,52.94
1527621755683883770,ARKW,B,100,52.83
1527621779273635084,ARKW,S,500,52.89
1527621777631434008,ARKW,B,200,52.63
1527621776429837249,ARKW,B,200,52.69
1527621776994707001,ARKW,B,100,52.81
1527621776664012348,ARKW,B,200,52.75
1527621777212614427,ARKW,B,200,52.81
1527621777936722475,ARKW,S,200,53.17
1527621777397623408,ARKW,B,100,52.82
1527621783438821491,ARKW,S,200,53.18
1527621782013481492,ARKW,S,200,53.05
1527621792766914963,ARKW,S,500,52.89
1527621796795498263,ARKW,B,200,52.82
1527621796533902891,ARKW,S,200,53.18
1527621794384584259,ARKW,S,500,52.9
1527621794159861319,ARKW,S,200,52.94
1527621801521039183,ARKW,S,200,52.95
1527621804577146962,ARKW,B,200,52.82
1527621821909351723,ARKW,B,200,52.82
1527621819471871277,ARKW,S,200,53.18
1527621819225194865,ARKW,S,200,53.19
1527621822122478105,ARKW,S,200,53.06
1527621819491086082,ARKW,S,500,52.9
1527621819039281073,ARKW,B,200,52.82
1527621823379895754,ARKW,B,200,52.83
1527621824828776764,ARKW,S,200,53.2
1527621827297387137,ARKW,S,200,53.07
1527621827079283377,ARKW,B,200,52.67
1527621826568954694,ARKW,B,200,52.66
1527621823173469131,ARKW,B,100,52.84
1527621826748916684,ARKW,B,200,52.77
1527621827216005260,ARKW,S,500,52.92
1527621831580878966,ARKW,B,200,52.84
1527621830297459959,ARKW,B,200,52.85
1527621833063790962,ARKW,S,200,53.21
1527621833040198788,ARKW,S,500,52.94
1527621834545691783,ARKW,B,200,52.68
1527621833651911816,ARKW,S,200,52.97
1527621838120910410,ARKW,B,200,52.74
1527621836740992653,ARKW,S,100,52.93
1527621837116055207,ARKW,S,500,52.93
1527621903715547266,ARKW,S,200,52.98
1527621901289864922,ARKW,B,200,52.86
1527621904029466333,ARKW,B,200,52.8
1527621901357760758,ARKW,S,200,53.22
1527621901510198161,ARKW,S,500,52.94
1527621900716426133,ARKW,B,200,52.69
1527621903921922965,ARKW,S,200,52.98
1527621902256259990,ARKW,B,200,52.79
1527621904400401302,ARKW,B,200,52.69
1527621903734817836,ARKW,B,200,52.86
1527621900505531439,ARKW,B,200,52.8
1527621903428020808,ARKW,B,200,52.69
1527621903164377159,ARKW,B,200,52.75
1527621904497380356,ARKW,S,200,52.99
1527621903204291725,ARKW,S,200,53.23
1527621906636291745,ARKW,S,200,53.1
1527621904931363691,ARKW,S,500,52.94
1527621913156265338,ARKW,B,200,52.86
1527621911862197978,ARKW,S,200,52.97
1527621910441049826,ARKW,S,200,52.98
1527621927860195190,ARKW,S,200,53.21
1527621927108628366,ARKW,S,500,52.94
1527621928095207311,ARKW,B,200,52.68
1527621926992498576,ARKW,S,200,52.97
1527621927464357788,ARKW,B,100,52.87
1527621930007416734,ARKW,B,200,52.79
1527621927502565293,ARKW,B,200,0
1527621926805329122,ARKW,B,200,52.67
1527621927544050927,ARKW,B,200,52.73
1527621931038635321,ARKW,B,100,52.87
1527621933667284299,ARKW,B,200,52.67
1527621933619837315,ARKW,B,200,52.86
1527621932315867527,ARKW,B,200,52.78
1527621932400219348,ARKW,B,200,52.67
1527621932587595561,ARKW,B,200,52.73
1527621933869823911,ARKW,S,100,52.93
1527621934561556418,ARKW,S,500,52.93
1527621930550687687,ARKW,B,100,52.86
1527621933504460746,ARKW,B,200,52.79
1527621931392432078,ARKW,B,200,52.68
1527621933805533153,ARKW,B,200,52.85
1527621932867778531,ARKW,B,200,52.79
1527621937125407572,ARKW,B,200,52.78
1527621941999592391,ARKW,B,200,52.77
1527621954112944049,ARKW,S,500,52.92
1527621966740924816,ARKW,B,200,52.67
1527621966620469668,ARKW,S,200,53.2
1527621966737713572,ARKW,S,100,52.91
1527621968065538468,ARKW,S,200,52.98
1527621966621094227,ARKW,B,200,52.73
1527621968971173907,ARKW,B,200,52.85
1527621968670887960,ARKW,B,200,52.79
1527621968604041315,ARKW,S,200,53.21
1527621968377155714,ARKW,S,500,52.93
1527621965071716487,ARKW,S,200,52.97
1527621967369474207,ARKW,B,200,52.68
1527621965137842459,ARKW,S,100,52.92
1527621964846534965,ARKW,B,200,52.85
1527621968658043193,ARKW,B,200,52.79
1527621971136047068,ARKW,S,200,52.98
1527621969554155754,ARKW,S,200,53.22
1527621973230135565,ARKW,B,200,52.86
1527621969842645262,ARKW,S,500,52.94
1527621972791699726,ARKW,B,200,52.69
1527621971284371728,ARKW,B,200,52.8
1527621971338766609,ARKW,S,200,52.98
1527621969390774595,ARKW,S,100,52.93
1527621972338067658,ARKW,S,500,52.93
1527621974019549984,ARKW,B,200,52.79
1527621975914560299,ARKW,S,200,53.22
1527621973580692292,ARKW,S,500,52.94
1527621974818667333,ARKW,S,200,52.98
1527621981463100172,ARKW,S,200,52.99
1527622015794751286,ARKW,S,200,53.23
1527622015693891465,ARKW,B,100,52.87
1527622016274474915,ARKW,S,500,52.94
1527622014774028197,ARKW,S,200,0
1527622020490288376,ARKW,B,200,52.87
1527622030421093919,ARKW,S,200,53.21
1527622031610441937,ARKW,S,200,53.22
1527622033583346500,ARKW,S,200,53.09
1527622037202572102,ARKW,S,200,53.22
1527622037436078113,ARKW,S,500,52.94
1527622035728472101,ARKW,S,200,52.98
1527622043016025407,ARKW,B,200,52.78
1527622044925024415,ARKW,B,200,52.67
1527622042214848672,ARKW,B,200,52.77
1527622044726843554,ARKW,B,200,0
1527622044233095527,ARKW,B,200,52.85
1527622045564197225,ARKW,B,200,52.78
1527622043658410417,ARKW,B,100,52.86
1527622050028620375,ARKW,B,200,52.86
1527622053154409173,ARKW,S,200,53.21
1527622053028860374,ARKW,S,200,53.22
1527622052855189983,ARKW,S,200,53.09
1527622058146886873,ARKW,S,500,52.94
1527622057777067244,ARKW,B,200,52.86
1527622072024183576,ARKW,B,200,52.86
1527622070685266590,ARKW,S,200,53.22
1527622072188414661,ARKW,S,200,53.09
1527622074622811880,ARKW,B,200,52.86
1527622074676944617,ARKW,S,500,52.94
1527622082786080773,ARKW,S,200,53.24
1527622081301952697,ARKW,S,100,52.97
1527622083364108754,ARKW,B,200,52.71
1527622084355079214,ARKW,S,500,52.98
1527622082963422332,ARKW,S,500,52.97
1527622084072557769,ARKW,S,200,53
1527622083182924311,ARKW,B,200,52.7
1527622085001155102,ARKW,B,200,52.76
1527622087551045253,ARKW,S,500,52.95
1527622088625770140,ARKW,B,200,52.87
1527622088380993182,ARKW,B,200,52.82
1527622086463606468,ARKW,S,500,52.95
1527622086932254405,ARKW,B,200,52.71
1527622086409801529,ARKW,S,100,52.94
1527622091123143297,ARKW,B,200,52.7
1527622092245451258,ARKW,B,200,52.76
1527622097878962187,ARKW,S,200,0
1527622095286095884,ARKW,S,200,53.01
1527622094613762061,ARKW,S,200,53.02
1527622095387545620,ARKW,S,200,53.24
1527622097944432939,ARKW,B,100,52.88
1527622095712669998,ARKW,B,200,52.82
1527622094096749558,ARKW,S,500,52.96
1527622094471156729,ARKW,S,200,53
1527622095016357984,ARKW,S,200,53.01
1527622096767087681,ARKW,S,200,53.02
1527622094154104564,ARKW,S,200,53.25
1527622097226631709,ARKW,S,500,52.98
1527622097133373983,ARKW,S,200,53.01
1527622100991408671,ARKW,B,200,52.89
1527622101673572986,ARKW,B,200,52.71
1527622100652916169,ARKW,B,200,52.77
1527622102806073685,ARKW,S,100,52.97
1527622103155708267,ARKW,S,500,52.97
1527622118054555703,ARKW,S,200,53.02
1527622127385959846,ARKW,S,500,52.96
1527622125477882293,ARKW,S,100,52.95
1527622129054817047,ARKW,B,100,52.89
1527622140762380895,ARKW,B,200,52.89
1527622140108135557,ARKW,S,200,53.24
1527622139093703835,ARKW,S,500,52.97
1527622140861602976,ARKW,S,200,53
1527622138263624907,ARKW,S,100,52.96
1527622139962514699,ARKW,B,200,52.71
1527622144010587925,ARKW,B,200,52.77
1527622142667886540,ARKW,S,200,53.01
1527622143156812865,ARKW,S,500,52.96
1527622141017982805,ARKW,B,200,52.89
1527622141100427096,ARKW,B,200,52.83
1527622146253872184,ARKW,B,200,52.72
1527622147909992031,ARKW,B,200,52.71
1527622146562187125,ARKW,B,200,52.77
1527622152754258636,ARKW,S,200,53.02
1527622151952367015,ARKW,B,200,52.9
1527622153719348648,ARKW,B,200,52.84
1527622153166683586,ARKW,S,200,53.26
1527622150497467863,ARKW,S,500,52.98
1527622152884747743,ARKW,S,200,53.27
1527622150645317090,ARKW,S,200,53.03
1527622153865012887,ARKW,B,200,52.83
1527622157291497174,ARKW,B,200,52.72
1527622156023054753,ARKW,B,200,52.78
1527622156350134596,ARKW,B,200,52.9
1527622155957573958,ARKW,B,200,52.84
1527622161265477960,ARKW,B,100,52.91
1527622159025195339,ARKW,S,200,53.27
1527622162226301755,ARKW,B,100,52.92
1527622161846063807,ARKW,S,500,52.99
1527622160487436993,ARKW,S,200,53.03
1527622159548373368,ARKW,B,200,52.91
1527622164662228480,ARKW,B,200,52.74
1527622170948957108,ARKW,B,200,52.91
1527622168057574328,ARKW,B,200,52.85
1527622171927949447,ARKW,B,200,52.84
1527622182741643046,ARKW,S,170,52.98
1527622181156327227,ARKW,S,200,53.27
1527622182536253265,ARKW,B,100,52.92
1527622179651227476,ARKW,S,500,52.99
1527622181426794326,ARKW,S,200,53.03
1527622183788589980,ARKW,B,200,52.74
1527622184868267987,ARKW,B,200,52.8
1527622186890533832,ARKW,S,200,53.04
1527622187952486731,ARKW,B,200,52.91
1527622187445258628,ARKW,B,200,52.86
1527622184574061372,ARKW,B,200,52.85
1527622189112940992,ARKW,B,200,0
1527622193520423490,ARKW,B,200,52.91
1527622195407663684,ARKW,B,200,52.85
1527622193045615182,ARKW,S,200,53.27
1527622195539522150,ARKW,S,500,52.99
1527622193236390504,ARKW,S,200,53.03
1527622196333884025,ARKW,B,200,52.74
1527622195249197707,ARKW,B,200,52.91
1527622193392366221,ARKW,B,200,52.85
1527622194696166260,ARKW,S,200,53.04
1527622193353792548,ARKW,S,200,53.05
1527622198765692545,ARKW,B,200,52.76
1527622199851952502,ARKW,B,200,52.75
1527622200183368776,ARKW,S,200,53.29
1527622197884108743,ARKW,S,500,53.01
1527622197083783113,ARKW,S,200,53.05
1527622202275164879,ARKW,S,200,53.03
1527622203302900431,ARKW,S,200,53.02
1527622204319560399,ARKW,S,200,53.01
1527622204515906351,ARKW,B,200,52.92
1527622203085517621,ARKW,B,200,52.85
1527622202028428380,ARKW,S,200,53.01
1527622203793968293,ARKW,B,200,52.84
1527622201890550408,ARKW,B,200,0
1527622202045679625,ARKW,B,200,52.73
1527622205260701200,ARKW,B,200,52.79
1527622205538390931,ARKW,S,200,53.01
1527622208231804161,ARKW,S,200,53.01
1527622219287372682,ARKW,S,500,53
1527622221571892190,ARKW,B,200,52.89
1527622222236566556,ARKW,B,200,52.9
1527622218596172830,ARKW,B,200,52.73
1527622219615716382,ARKW,B,200,52.85
1527622221493927830,ARKW,B,200,52.84
1527622250990021666,ARKW,S,200,53.27
1527622248816454709,ARKW,S,170,0
1527622250533694546,ARKW,B,200,52.91
1527622248415899049,ARKW,S,500,52.99
1527622252037945597,ARKW,S,200,53.02
1527622252473654960,ARKW,S,200,53.03
1527622252871577819,ARKW,S,200,53.04
1527622262860623820,ARKW,B,200,52.74
1527622265521789245,ARKW,B,200,52.91
1527622268690651455,ARKW,B,200,52.86
1527622272192427201,ARKW,S,170,52.98
1527622270763939139,ARKW,B,200,52.92
1527622271860094275,ARKW,B,200,52.74
1527622273784952134,ARKW,B,200,52.86
1527622269914725883,ARKW,S,200,53.05
1527622273083260793,ARKW,S,200,53.3
1527622272958939189,ARKW,B,100,52.93
1527622273535657056,ARKW,S,500,53.01
1527622271940445282,ARKW,S,200,53.05
1527622277135286710,ARKW,B,200,52.93
1527622276366945017,ARKW,S,200,53.06
1527622278625516519,ARKW,S,200,53.31
1527622281118375972,ARKW,B,200,52.94
1527622282258964552,ARKW,S,500,53.02
1527622282012549194,ARKW,S,200,53.06
1527622280672239897,ARKW,S,200,53.07
1527622293558461920,ARKW,B,200,52.75
1527622292893337081,ARKW,B,200,52.93
1527622293164459519,ARKW,B,200,52.87
1527622301903383585,ARKW,S,500,53.01
1527622303875492916,ARKW,B,200,52.75
1527622301952939421,ARKW,B,200,52.74
1527622301072296848,ARKW,B,200,52.81
1527622308305278500,ARKW,B,200,52.93
1527622317945667434,ARKW,B,200,52.88
1527622317236174723,ARKW,B,200,52.87
1527622325772367187,ARKW,S,200,53.31
1527622328294520184,ARKW,B,200,52.76
1527622326211334536,ARKW,S,200,53.18
1527622328145632595,ARKW,B,200,52.75
1527622327848626104,ARKW,B,200,52.82
1527622328137416056,ARKW,B,200,52.94
1527622326606298570,ARKW,B,100,52.95
1527622326026436072,ARKW,S,500,53.02
1527622326383410667,ARKW,S,200,53.05
1527622327623614404,ARKW,S,200,53.06
1527622334912031957,ARKW,B,200,52.89
1527622334384008952,ARKW,S,200,53.07
1527622337387938186,ARKW,B,200,52.95
1527622342242481832,ARKW,S,200,53.08
1527622340233728453,ARKW,B,200,52.88
1527622346308700488,ARKW,B,200,52.87
1527622345904620917,ARKW,B,200,52.75
1527622346576889229,ARKW,B,200,52.93
1527622343337248145,ARKW,B,200,52.87
1527622364302199692,ARKW,B,100,52.94
1527622366413179801,ARKW,S,200,0
1527622365040462757,ARKW,B,200,52.94
1527622364834291209,ARKW,S,200,0
1527622366779727370,ARKW,S,200,53.31
1527622371019453378,ARKW,S,200,53.18
1527622371004904954,ARKW,S,500,53.02
1527622369689335475,ARKW,S,200,53.05
1527622375323724118,ARKW,B,200,52.75
1527622376856545622,ARKW,B,200,52.86
1527622372876478831,ARKW,B,200,52.93
1527622384229712297,ARKW,S,200,53.06
1527622394388833838,ARKW,S,200,53.31
1527622398197065273,ARKW,B,200,52.94
1527622396553487930,ARKW,B,200,52.76
1527622396393055806,ARKW,B,200,52.88
1527622395036395726,ARKW,B,100,52.95
1527622399888880910,ARKW,S,200,53.32
1527622400345673784,ARKW,S,500,53.02
1527622401637453882,ARKW,S,200,53.07
1527622401253282116,ARKW,B,200,0
1527622399525425501,ARKW,B,200,52.94
1527622399401824608,ARKW,B,200,52.88
1527622414466192263,ARKW,B,200,0
1527622412181738376,ARKW,B,200,52.77
1527622411987620746,ARKW,B,200,52.89
1527622414243703319,ARKW,S,200,53.32
1527622414997236305,ARKW,S,500,53.06
1527622413604203091,ARKW,S,200,53.07
1527622419352348357,ARKW,S,170,53.05
1527622415960729322,ARKW,S,500,53.05
1527622427232309834,ARKW,S,200,53.05
1527622424525411042,ARKW,B,200,52.88
1527622425658660748,ARKW,B,200,52.76
1527622425054615437,ARKW,S,200,0
1527622431156412758,ARKW,S,500,53.02
1527622431192064345,ARKW,S,200,53.06
1527622429919169319,ARKW,B,200,52.83
1527622437056495572,ARKW,B,200,52.94
1527622456588049245,ARKW,S,170,53.01
1527622458799693824,ARKW,B,200,52.74
1527622460401786880,ARKW,B,200,52.82
1527622461698351656,ARKW,B,200,52.74
1527622459612340785,ARKW,B,200,52.82
1527622459410883122,ARKW,B,200,52.74
1527622462751711826,ARKW,S,500,53.01
1527622461374997465,ARKW,B,200,52.81
1527622463343510958,ARKW,B,200,52.93
1527622466404311617,ARKW,B,200,52.88
1527622466718164241,ARKW,B,200,52.87
1527622469662916653,ARKW,B,200,52.75
1527622471150650567,ARKW,B,200,52.93
1527622469405033674,ARKW,B,200,52.87
1527622472943034891,ARKW,B,100,52.94
1527622473387172364,ARKW,S,200,53.31
1527622474425983500,ARKW,S,200,53.06
1527622472813208077,ARKW,S,200,53.31
1527622472601788981,ARKW,B,200,52.94
1527622473630310965,ARKW,S,500,53.02
1527622474777846326,ARKW,S,200,53.06
1527622510073535534,ARKW,S,170,0
1527622506840185932,ARKW,B,200,52.76
1527622512018381184,ARKW,B,200,52.83
1527622510990973357,ARKW,S,200,53.07
1527622512891714057,ARKW,B,200,52.95
1527622513183557175,ARKW,S,200,53.31
1527622513614063216,ARKW,B,100,52.96
1527622510357384460,ARKW,S,200,53.32
1527622514507779381,ARKW,S,200,53.19
1527622529249472485,ARKW,B,200,52.96
1527622531172429823,ARKW,S,500,53.04
1527622528629276184,ARKW,S,200,53.32
1527622528113704486,ARKW,B,200,52.96
1527622530097544762,ARKW,S,500,0
1527622528267910717,ARKW,S,200,53.07
1527622528846659160,ARKW,B,200,52.96
1527622531994603470,ARKW,B,200,52.9
1527622539264926271,ARKW,S,200,53.08
1527622539592292425,ARKW,B,200,52.97
1527622537754538117,ARKW,S,200,53.33
1527622536694624417,ARKW,S,500,53.05
1527622538631671969,ARKW,B,200,52.78
1527622536365764773,ARKW,S,200,53.08
1527622536183511594,ARKW,S,200,53.09
1527622537913285395,ARKW,B,200,52.85
1527622543047039661,ARKW,B,200,52.97
1527622581080599803,ARKW,B,200,52.92
1527622581794571135,ARKW,B,200,52.91
1527622586416120084,ARKW,S,200,53.1
1527622586414276240,ARKW,S,200,53.35
1527622585681452736,ARKW,B,200,52.8
1527622589705561448,ARKW,B,200,52.98
1527622591586641262,ARKW,B,200,52.92
1527622590340884561,ARKW,S,200,53.36
1527622587904977885,ARKW,S,200,53.23
1527622587828827818,ARKW,B,100,52.99
1527622591123914652,ARKW,S,500,53.07
1527622590465277855,ARKW,S,200,53.1
1527622591101108646,ARKW,S,500,53.06
1527622593706789741,ARKW,B,200,52.91
1527622595447688597,ARKW,B,200,52.9
1527622592276798252,ARKW,B,200,52.78
1527622595889732396,ARKW,B,200,52.89
1527622595091241778,ARKW,B,200,52.77
1527622591931947827,ARKW,B,200,52.89
1527622598448521683,ARKW,B,200,52.78
1527622597705409162,ARKW,B,200,52.77
1527622600245455029,ARKW,B,200,52.97
1527622599009577143,ARKW,B,200,52.89
1527622598085587398,ARKW,B,200,52.77
1527622598414447146,ARKW,S,100,53.05
1527622598703211163,ARKW,B,200,52.84
1527622600219321157,ARKW,S,500,53.05
1527622602337195240,ARKW,S,200,53.08
1527622604665361640,ARKW,S,200,53.07
1527622601584776425,ARKW,S,200,53.06
1527622602842215657,ARKW,S,200,53.05
1527622601609887412,ARKW,S,200,53.05
1527622603281785457,ARKW,S,200,53.05
1527622608800653423,ARKW,S,200,53.05
1527622607691806063,ARKW,S,200,53.05
1527622605463453660,ARKW,S,200,53.05
1527622608375944527,ARKW,S,200,53.05
1527622608740525604,ARKW,S,200,53.05
1527622610212509215,ARKW,S,200,53.32
1527622611513202207,ARKW,S,200,53.08
1527622611677960685,ARKW,S,200,53.31
1527622615705333688,ARKW,S,500,53.02
1527622617267056573,ARKW,S,200,53.06
1527622619483870618,ARKW,S,200,53.07
1527622628803930975,ARKW,S,200,53.32
1527622630012218271,ARKW,B,100,52.95
1527622632429233592,ARKW,S,200,53.19
1527622641467114170,ARKW,S,500,53.02
1527622640599876289,ARKW,S,200,53.06
1527622642651349785,ARKW,B,200,52.76
1527622641402364698,ARKW,B,200,52.83
1527622639655568157,ARKW,B,200,52.76
1527622645116954271,ARKW,B,200,52.75
1527622643951789736,ARKW,B,200,52.82
1527622684545904437,ARKW,S,200,53.04
1527622685771951925,ARKW,S,200,53.03
1527622682436562742,ARKW,S,200,53.02
1527622689727345011,ARKW,S,200,53.02
1527622687107218866,ARKW,S,200,53.02
1527622686825289905,ARKW,S,200,53.02
1527622689117885665,ARKW,S,200,53.02
1527622688183157739,ARKW,S,200,53.02
1527622688446155344,ARKW,S,200,53.02
1527622690392904436,ARKW,S,200,53.02
1527622687896442718,ARKW,S,200,53.02
1527622693961570580,ARKW,S,200,53.02
1527622694585145655,ARKW,S,200,53.02
1527622695548307820,ARKW,S,200,53.02
1527622695098757252,ARKW,S,500,53.01
1527622697655841057,ARKW,B,200,52.92
1527622696211624235,ARKW,S,100,52.98
1527622697826500361,ARKW,S,500,53
1527622696887041802,ARKW,B,200,52.74
1527622698343841546,ARKW,B,200,52.81
1527622695291371977,ARKW,B,200,52.73
1527622697410806224,ARKW,B,200,52.8
1527622720470707556,ARKW,S,170,52.99
1527622719419052660,ARKW,B,200,52.92
1527622718673256886,ARKW,B,200,52.73
1527622724882356421,ARKW,B,200,52.8
1527622724295424725,ARKW,S,100,52.98
1527622722000852845,ARKW,S,200,53.28
1527622721628806168,ARKW,S,200,53.29
1527622724612856935,ARKW,S,200,53.16
1527622738902404283,ARKW,B,200,52.92
1527622739038010156,ARKW,B,100,52.93
1527622738315017009,ARKW,B,200,52.87
1527622740277231391,ARKW,B,200,0
1527622741775188373,ARKW,S,500,53.01
1527622762516209280,ARKW,S,500,53
1527622760422923934,ARKW,B,200,52.74
1527622759954835786,ARKW,B,200,52.81
1527622766702712811,ARKW,B,200,52.92
1527622766037129196,ARKW,S,200,53.29
1527622766319458312,ARKW,S,500,53
1527622766574131210,ARKW,B,200,52.74
1527622765061298187,ARKW,S,200,53.04
1527622766724667457,ARKW,B,100,52.93
1527622764927080515,ARKW,B,200,52.86
1527622763966322773,ARKW,B,200,52.74
1527622765231954005,ARKW,B,200,52.85
1527622764592060506,ARKW,B,200,0
1527622765985427404,ARKW,B,200,52.81
1527622764955663563,ARKW,S,200,53.05
1527622769935092791,ARKW,B,200,52.92
1527622768633941110,ARKW,S,200,53.29
1527622770550673187,ARKW,S,500,53
1527622768613887783,ARKW,B,200,52.74
1527622771440127783,ARKW,S,200,53.04
1527622771124965375,ARKW,B,200,52.91
1527622768274280448,ARKW,S,200,53.29
1527622771174510593,ARKW,B,200,52.86
1527622769834233873,ARKW,B,100,52.92
1527622772096929830,ARKW,B,200,52.92
1527622771184668719,ARKW,S,100,53
1527622770271752242,ARKW,S,200,53.04
1527622770818715711,ARKW,S,500,53
1527622770072981597,ARKW,B,200,52.92
1527622770656841825,ARKW,S,200,53.29
1527622770764979587,ARKW,S,500,53
1527622771694673286,ARKW,S,200,53.04
1527622768743521715,ARKW,B,200,52.92
1527622771671014836,ARKW,S,200,53.29
1527622770200518075,ARKW,S,100,53
1527622768719797694,ARKW,S,200,53.04
1527622772047191499,ARKW,S,500,53
1527622768994360051,ARKW,B,200,52.85
1527622772979345138,ARKW,S,200,53.28
1527622773193932100,ARKW,B,200,52.84
1527622773635251528,ARKW,S,200,53.15
1527622777978220209,ARKW,B,200,52.73
1527622787874563147,ARKW,B,200,52.72
1527622786485275990,ARKW,B,200,52.79
1527622786711017166,ARKW,S,500,52.98
1527622786788415184,ARKW,B,100,52.92
1527622788749579987,ARKW,S,200,53.02
1527622789047637717,ARKW,B,200,52.72
1527622785378801961,ARKW,S,200,53.27
1527622793535135379,ARKW,S,200,53.28
1527622792192761496,ARKW,S,200,53.15
1527622791046012581,ARKW,B,200,52.79
1527622793704374512,ARKW,S,500,52.98
1527622793136111860,ARKW,S,200,53.02
1527622795591837292,ARKW,S,200,53.03
1527622799225345245,ARKW,S,200,53.28
1527622800745125102,ARKW,S,100,52.97
1527622801992996080,ARKW,S,200,53.03
1527622806017231749,ARKW,S,200,53.28
1527622806385747852,ARKW,B,200,52.91
1527622803346270412,ARKW,S,200,53.15
1527622809024653021,ARKW,B,200,52.86
1527622808668727026,ARKW,B,200,52.74
1527622809611790067,ARKW,B,200,52.73
1527622813639261853,ARKW,B,200,52.91
1527622811970453151,ARKW,B,200,52.85
1527622812417998510,ARKW,B,100,52.92
1527622813010135482,ARKW,B,14,52.92
1527622825206783734,ARKW,B,200,52.92
1527622832391800953,ARKW,S,500,53
1527622830853343794,ARKW,B,200,52.92
1527622829418760755,ARKW,S,200,53.29
1527622831023943185,ARKW,B,200,52.74
1527622830444025515,ARKW,S,200,53.16
1527622829214443094,ARKW,B,200,52.73
1527622831385389460,ARKW,B,200,52.91
1527622830368532886,ARKW,B,200,52.85
1527622829105326685,ARKW,B,200,52.92
1527622830970033569,ARKW,B,200,52.74
1527622832339408289,ARKW,B,200,52.84
1527622832125892136,ARKW,B,200,52.74
1527622833820443931,ARKW,B,200,52.73
1527622836444308994,ARKW,B,200,52.8
1527622838664791138,ARKW,B,200,52.91
1527622837328512313,ARKW,B,200,52.72
1527622838041744534,ARKW,B,200,52.79
1527622861107566132,ARKW,B,200,52.92
1527622860865934902,ARKW,B,200,52.86
1527622861686969938,ARKW,S,500,53
1527622862290294357,ARKW,B,200,52.74
1527622860057351778,ARKW,S,200,53.3
1527622858236565116,ARKW,B,200,52.91
1527622860837426813,ARKW,B,200,52.86
1527622859411166963,ARKW,B,100,52.92
1527622861953898245,ARKW,B,200,52.92
1527622862397708049,ARKW,S,500,53.01
1527622859802810131,ARKW,S,200,53.05
1527622864095163721,ARKW,S,200,53.3
1527622862596763560,ARKW,B,200,52.85
1527622864058745865,ARKW,S,200,53.16
1527622871484372434,ARKW,B,200,52.73
1527622874081646452,ARKW,B,200,52.8
1527622933254081100,ARKW,B,200,52.92
1527622934644099802,ARKW,B,100,52.93
1527622935198928144,ARKW,S,500,53.01
1527622934705442106,ARKW,S,200,53.29
1527622932976405845,ARKW,B,200,52.74
1527622931485068630,ARKW,B,200,52.79
1527622934902836568,ARKW,B,200,52.74
1527622932087999833,ARKW,B,200,52.76
1527622933085261145,ARKW,B,200,52.77
1527622934138883417,ARKW,B,200,52.78
1527622935276850521,ARKW,B,200,52.79
1527622932356566362,ARKW,B,200,52.74
1527622939027091028,ARKW,S,200,53.16
1527622935913475725,ARKW,B,200,52.73
1527622938496052885,ARKW,B,200,52.8
1527622950231965272,ARKW,B,200,52.91
1527622952080277080,ARKW,S,100,52.98
1527622952387640974,ARKW,B,100,52.92
1527622951871420607,ARKW,S,100,52.98
1527622949440109834,ARKW,S,200,53.29
1527622948478459241,ARKW,B,200,52.87
1527622950838935109,ARKW,S,200,53.3
1527622951716789907,ARKW,B,200,52.92
1527622951248535366,ARKW,S,200,53.17
1527622955466367733,ARKW,S,500,53
1527622953658426131,ARKW,B,200,52.86
1527622956564816680,ARKW,S,200,0
1527622955856307245,ARKW,S,100,52.98
1527622954318965069,ARKW,B,200,52.74
1527622954473957712,ARKW,B,100,52.92
1527622953295554900,ARKW,B,200,52.86
1527622953845139806,ARKW,B,200,52.74
1527622956523073212,ARKW,B,200,52.92
1527622953732288192,ARKW,B,200,52.86
1527622956628782784,ARKW,S,200,53.29
1527622955043862718,ARKW,B,200,52.74
1527622953805101262,ARKW,S,500,0
1527622956170623183,ARKW,S,200,53.04
1527622956343972722,ARKW,B,100,52.92
1527622953988608885,ARKW,B,200,52.86
1527622953223345028,ARKW,B,200,52.74
1527622953178387375,ARKW,B,200,52.92
1527622955669803953,ARKW,B,200,52.86
1527622954511061938,ARKW,S,200,53.29
1527622955536241586,ARKW,S,200,53.04
1527622954815018005,ARKW,S,200,53.28
1527622953548929047,ARKW,S,200,53.29
1527622956075937407,ARKW,S,500,53.01
1527622956027506305,ARKW,B,200,52.74
1527622954592923266,ARKW,S,200,53.04
1527622952820502147,ARKW,B,200,52.85
1527622953885724291,ARKW,B,200,52.74
1527622955937009325,ARKW,B,100,52.94
1527622954217672367,ARKW,B,200,52.86
1527622955016621760,ARKW,B,200,52.74
1527622953931411148,ARKW,B,100,52.94
1527622954831744717,ARKW,B,200,52.86
1527622955963354846,ARKW,B,200,52.74
1527622956648009450,ARKW,B,100,52.94
1527622956827184877,ARKW,B,200,52.86
1527622955982556924,ARKW,B,200,52.74
1527622954503147273,ARKW,B,100,52.94
1527622956496359179,ARKW,B,200,52.86
1527622954762014522,ARKW,B,200,52.74
1527622954068971502,ARKW,B,100,52.94
1527622956250992652,ARKW,B,100,52.94
1527622954504722987,ARKW,B,200,52.86
1527622953940735070,ARKW,B,200,52.74
1527622953381778533,ARKW,B,200,52.86
1527622955139454054,ARKW,B,200,52.74
1527622955025355882,ARKW,B,100,52.94
1527622953546011756,ARKW,B,200,52.86
1527622953691042942,ARKW,B,200,52.74
1527622955113567358,ARKW,B,200,52.85
1527622954439988355,ARKW,B,200,52.74
1527622953004946569,ARKW,B,100,52.94
1527622956320150671,ARKW,B,200,52.86
1527622955388621977,ARKW,B,200,52.74
1527622955151250599,ARKW,B,100,52.94
1527622954195211434,ARKW,B,200,52.86
1527622956917707963,ARKW,B,200,52.74
1527622953035551942,ARKW,B,100,52.94
1527622953964852424,ARKW,B,200,52.86
1527622956205397206,ARKW,B,200,52.74
1527622955973662562,ARKW,B,200,52.81
1527622954529249732,ARKW,S,200,53.05
1527622958135133541,ARKW,S,200,53.06
1527622958526200533,ARKW,B,100,52.93
1527622959695690468,ARKW,S,100,52.98
1527622958255012852,ARKW,B,200,52.74
1527622958250229153,ARKW,B,200,52.73
1527622958807678396,ARKW,B,100,52.92
1527622960197959103,ARKW,B,200,52.75
1527622959963602400,ARKW,B,200,52.85
1527622958285684196,ARKW,B,200,52.74
1527622959502491111,ARKW,B,200,52.73
1527622958610152940,ARKW,B,100,52.92
1527622960299474416,ARKW,B,200,52.85
1527622959613181439,ARKW,B,200,52.73
1527622960496082442,ARKW,B,100,52.92
1527622957994704398,ARKW,B,200,52.85
1527622958468857371,ARKW,B,200,52.73
1527622959656042025,ARKW,B,100,52.92
1527622960110534188,ARKW,B,200,52.85
1527622959493250618,ARKW,B,200,52.73
1527622958494286223,ARKW,B,100,52.92
1527622958371930512,ARKW,B,200,52.75
1527622959874277927,ARKW,B,100,0
1527622960766621474,ARKW,S,100,52.98
1527622961179105732,ARKW,S,200,53.29
1527622958151474552,ARKW,B,200,52.92
1527622957781523836,ARKW,B,200,52.86
1527622960333758195,ARKW,B,200,52.74
1527622960516014036,ARKW,B,200,52.92
1527622958174805974,ARKW,B,200,52.86
1527622957474624308,ARKW,B,200,52.85
1527622958227504041,ARKW,S,500,53.02
1527622957259340717,ARKW,B,200,52.73
1527622960378200572,ARKW,S,200,53.03
1527622958772699649,ARKW,B,200,52.8
1527622957832323702,ARKW,S,100,53.01
1527622959627682525,ARKW,S,500,53.01
1527622960936966597,ARKW,S,200,53.04
1527622966238337155,ARKW,S,200,53.02
1527622967560198275,ARKW,S,200,53.01
1527622969407723682,ARKW,B,200,52.91
1527622969421617329,ARKW,B,200,52.73
1527622967992473778,ARKW,B,200,52.79
1527622969231366322,ARKW,B,200,52.73
1527622967169079478,ARKW,S,100,52.98
1527622968677325029,ARKW,S,200,53.27
1527622969700473983,ARKW,S,200,53.28
1527622965695572147,ARKW,S,200,53.15
1527622967302187244,ARKW,B,200,52.72
1527622965939575898,ARKW,S,500,52.98
1527622967434517595,ARKW,S,200,53.02
1527622971220072609,ARKW,B,200,52.71
1527622972786975394,ARKW,B,200,52.78
1527622979036282475,ARKW,B,200,52.89
1527622986121672153,ARKW,S,500,52.97
1527622990831685549,ARKW,S,200,53.26
1527622988538974233,ARKW,B,100,52.9
1527622995539681133,ARKW,S,200,53.27
1527622991823671467,ARKW,B,200,52.9
1527622991983548469,ARKW,S,200,53.14
1527622999093230123,ARKW,S,500,52.98
1527622999223253554,ARKW,S,200,0
1527623001216286029,ARKW,S,500,52.97
1527623000219636693,ARKW,B,200,52.69
1527623002810537155,ARKW,S,200,53.24
1527623000747070886,ARKW,B,200,52.76
1527623000023497894,ARKW,S,200,53.25
1527622999924145361,ARKW,S,200,53.12
1527623007732140548,ARKW,B,100,52.88
1527623004943584344,ARKW,B,200,52.69
1527623006194354487,ARKW,B,200,52.76
1527623021140653981,ARKW,S,500,52.94
1527623021035206561,ARKW,S,200,52.98
1527623018277064191,ARKW,S,200,53.23
1527623020929765222,ARKW,S,200,53.1
1527623020126491735,ARKW,S,500,52.94
1527623021305943129,ARKW,S,200,52.97
1527623020017148315,ARKW,S,200,53.21
1527623020225421723,ARKW,B,200,52.85
1527623021257941403,ARKW,S,500,52.93
1527623021081321885,ARKW,S,200,52.96
1527623023481452143,ARKW,S,200,53.21
1527623025428461314,ARKW,B,100,52.86
1527623022687681050,ARKW,B,14,52.86
1527623029227146637,ARKW,B,100,52.85
1527623029497613709,ARKW,S,100,52.9
1527623026690837904,ARKW,S,200,52.95
1527623029268303249,ARKW,B,100,52.84
1527623028610780564,ARKW,S,200,53.2
1527623029468253593,ARKW,B,200,52.66
1527623027656379830,ARKW,B,200,52.84
1527623029837614521,ARKW,B,200,52.78
1527623027341610470,ARKW,B,100,52.85
1527623028027969029,ARKW,S,100,52.9
1527623027194744327,ARKW,S,200,52.95
1527623027265326614,ARKW,S,200,53.2
1527623028652068374,ARKW,S,200,52.96
1527623027795774999,ARKW,S,200,53.2
1527623028794150674,ARKW,S,200,53.21
1527623027490574153,ARKW,S,200,53.08
1527623027151884109,ARKW,S,200,53.21
1527623028292996958,ARKW,S,200,53.08
1527623026061111686,ARKW,B,200,52.66
1527623025907626399,ARKW,B,200,52.84
1527623027576172964,ARKW,B,200,52.78
1527623025958958035,ARKW,B,200,52.66
1527623027355268051,ARKW,B,200,52.77
1527623026612941780,ARKW,B,200,52.66
1527623025811633487,ARKW,B,200,52.73
1527623029331648920,ARKW,B,200,52.85
1527623029419336590,ARKW,S,500,52.93
1527623034183579301,ARKW,S,200,53.21
1527623030788945706,ARKW,S,100,52.9
1527623033635698477,ARKW,S,200,52.96
1527623031539660602,ARKW,S,200,53.21
1527623033160694949,ARKW,S,200,53.22
1527623032723770762,ARKW,S,500,52.93
1527623031760784781,ARKW,S,200,52.97
1527623033466442658,ARKW,S,200,53.22
1527623032906783306,ARKW,B,200,52.67
1527623030100597323,ARKW,B,200,52.72
1527623036843205845,ARKW,B,200,52.67
1527623038430150061,ARKW,S,500,52.93
1527623034681097647,ARKW,B,100,52.86
1527623037765877167,ARKW,S,200,52.97
1527623037948394932,ARKW,B,200,52.79
1527623036404366785,ARKW,B,200,52.67
1527623037852188114,ARKW,B,200,52.85
1527623036306128342,ARKW,B,200,52.79
1527623042257995102,ARKW,B,200,52.78
1527623045071953999,ARKW,S,200,53.21
1527623043099846715,ARKW,B,200,52.66
1527623045683934817,ARKW,B,200,52.84
1527623043089167972,ARKW,B,200,52.78
1527623043527931590,ARKW,B,200,52.66
1527623044862703302,ARKW,B,200,52.77
1527623046246037218,ARKW,S,500,52.92
1527623045399901928,ARKW,S,200,52.96
1527623046909851379,ARKW,S,200,53.21
1527623046827013890,ARKW,B,200,52.83
1527623045899089762,ARKW,B,100,52.84
1527623044034918261,ARKW,B,200,52.84
1527623047469935297,ARKW,S,200,53.08
1527623054371620190,ARKW,S,100,52.9
1527623051837605216,ARKW,S,200,52.95
1527623053794510191,ARKW,S,200,53.2
1527623054150108618,ARKW,B,200,52.66
1527623055369668042,ARKW,B,200,0
1527623053435766219,ARKW,B,200,52.66
1527623053135218368,ARKW,B,200,52.65
1527623055195277086,ARKW,B,200,52.71
1527623054225374064,ARKW,S,200,53.21
1527623054418312117,ARKW,S,200,53.08
1527623059753355817,ARKW,B,200,52.83
1527623057708567083,ARKW,B,200,52.78
1527623058859063813,ARKW,B,200,52.77
1527623060412172243,ARKW,B,200,52.76
1527623084404866490,ARKW,B,100,52.84
1527623082709321171,ARKW,S,500,52.9
1527623084254856660,ARKW,S,200,52.94
1527623084823840272,ARKW,B,200,52.65
1527623085058065981,ARKW,B,100,52.82
1527623085282788927,ARKW,B,200,52.76
1527623084597085777,ARKW,B,200,52.65
1527623081573975634,ARKW,B,200,52.76
1527623082269640278,ARKW,B,200,52.65
1527623084026399907,ARKW,S,200,52.95
1527623084536990887,ARKW,B,200,52.71
1527623084638440621,ARKW,B,100,52.81
1527623083737255087,ARKW,B,200,52.77
1527623082500525992,ARKW,B,200,52.82
1527623084398251948,ARKW,S,200,53.2
1527623084221042677,ARKW,B,100,52.83
1527623081653738236,ARKW,S,200,53.07
1527623083510307580,ARKW,B,200,52.76
1527623083944246170,ARKW,S,100,52.9
1527623082750180257,ARKW,S,200,52.94
1527623084921912234,ARKW,S,200,53.19
1527623082457235925,ARKW,S,200,53.06
1527623085722567127,ARKW,S,200,53.19
1527623088615803776,ARKW,S,200,53.06
1527623087901421616,ARKW,S,500,52.9
1527623086031024179,ARKW,S,200,52.93
1527623086512583678,ARKW,B,200,52.65
1527623087392404482,ARKW,B,200,52.64
1527623086378038294,ARKW,B,200,52.82
1527623089133433879,ARKW,B,200,52.75
1527623093563943961,ARKW,S,200,52.94
1527623094986498551,ARKW,S,200,52.95
1527623096094712699,ARKW,S,200,53.19
1527623095020708849,ARKW,S,200,53.2
1527623096992425024,ARKW,S,200,53.07
1527623102605259852,ARKW,S,500,52.9
1527623101575820368,ARKW,S,200,52.93
1527623101378885118,ARKW,S,200,52.94
1527623113683581834,ARKW,B,200,52.74
1527623114955963648,ARKW,S,200,53.17
1527623115429266151,ARKW,S,100,52.89
1527623113500607212,ARKW,S,200,52.92
1527623112398160633,ARKW,S,200,53.17
1527623113428255494,ARKW,S,100,52.89
1527623113810002698,ARKW,S,200,52.92
1527623113376678679,ARKW,S,200,53.17
1527623114987750167,ARKW,S,200,52.93
1527623111880557340,ARKW,S,200,53.17
1527623115613553444,ARKW,S,100,52.89
1527623113323070246,ARKW,S,200,52.92
1527623113107063607,ARKW,S,200,53.17
1527623115176362807,ARKW,S,200,52.93
1527623114221699896,ARKW,S,200,53.17
1527623113917481795,ARKW,S,100,52.89
1527623113839297349,ARKW,S,200,52.92
1527623114909893460,ARKW,S,200,53.17
1527623115846271841,ARKW,S,100,52.89
1527623114671277139,ARKW,S,500,52.89
1527623114391440425,ARKW,B,200,52.73
1527623115073289189,ARKW,S,200,52.92
1527623113727584636,ARKW,B,200,52.63
1527623115085883772,ARKW,B,200,52.72
1527623112535943715,ARKW,B,200,52.63
1527623112998694717,ARKW,B,200,52.69
1527623115229212936,ARKW,S,200,53.17
1527623113170727369,ARKW,B,200,52.81
1527623113236984386,ARKW,B,100,52.82
1527623111672117419,ARKW,S,500,52.9
1527623115703826606,ARKW,S,200,52.92
1527623115541051085,ARKW,S,200,52.9
1527623115812043997,ARKW,S,200,0
1527623112209340752,ARKW,S,200,52.9
1527623119088667329,ARKW,B,200,52.63
1527623119456127703,ARKW,B,200,52.8
1527623116302928601,ARKW,B,200,52.74
1527623116808538929,ARKW,B,200,52.63
1527623119822543622,ARKW,B,200,52.81
1527623116862610184,ARKW,B,200,52.74
1527623120138434267,ARKW,S,200,52.9
1527623116468159331,ARKW,B,200,52.73
1527623118353969468,ARKW,B,200,52.72
1527623119403725333,ARKW,B,200,52.62
1527623117877392447,ARKW,B,200,52.8
1527623117376701158,ARKW,B,100,52.81
1527623117061225507,ARKW,B,200,52.68
1527623116901514279,ARKW,S,200,52.9
1527623116371795694,ARKW,B,200,52.81
1527623118499159791,ARKW,B,200,52.74
1527623124319827118,ARKW,S,200,52.93
1527623122417798728,ARKW,S,200,52.94
1527623134395970337,ARKW,B,100,52.82
1527623136223246051,ARKW,B,200,52.82
1527623134251988708,ARKW,S,200,53.19
1527623136556825233,ARKW,S,200,53.2
1527623134641864265,ARKW,S,200,53.07
1527623134091690004,ARKW,B,100,52.83
1527623136126650377,ARKW,B,200,52.83
1527623133627021609,ARKW,S,500,52.91
1527623134651481050,ARKW,B,200,52.83
1527623135038995422,ARKW,S,200,53.2
1527623137844277708,ARKW,S,500,52.92
1527623138279240143,ARKW,S,200,52.95
1527623141077365209,ARKW,B,200,52.65
1527623138810737139,ARKW,S,200,53.2
1527623141434996444,ARKW,B,200,52.72
1527623138667739019,ARKW,S,200,53.21
1527623141358319552,ARKW,S,200,53.08
1527623141130778968,ARKW,B,200,52.84
1527623140510808569,ARKW,B,100,52.85
1527623137437367253,ARKW,S,500,52.94
1527623139689970647,ARKW,S,200,52.95
1527623138278731291,ARKW,S,200,52.96
1527623141243145883,ARKW,B,200,52.79
1527623140337438391,ARKW,S,200,52.97
1527623137887060359,ARKW,B,200,52.78
1527623143999824766,ARKW,B,200,52.85
1527623143225276127,ARKW,S,200,52.95
1527623144229353183,ARKW,S,200,52.94
1527623144766037374,ARKW,B,200,52.77
1527623145939419040,ARKW,B,14,52.85
1527623149723014536,ARKW,S,200,52.94
1527623147517073060,ARKW,S,200,52.94
1527623146727834140,ARKW,S,200,52.94
1527623155770976042,ARKW,S,170,52.93
1527623158172542779,ARKW,B,200,52.66
1527623158025545625,ARKW,S,500,52.93
1527623159714570464,ARKW,B,200,52.73
1527623159919219020,ARKW,B,200,52.85
1527623164112315703,ARKW,B,200,52.8
1527623167182284218,ARKW,S,200,52.98
1527623165257886030,ARKW,B,100,52.86
1527623166734674259,ARKW,S,200,53.23
1527623166039402846,ARKW,B,100,52.87
1527623166024199588,ARKW,S,500,52.94
1527623165977669030,ARKW,S,200,0
1527623165685799874,ARKW,B,200,52.79
1527623170107489769,ARKW,B,200,52.78
1527623174925491891,ARKW,B,200,52.66
1527623175499914952,ARKW,B,200,52.85
1527623173559590606,ARKW,B,200,52.78
1527623230939654927,ARKW,B,200,52.77
1527623228960074525,ARKW,S,200,52.96
1527623230278724381,ARKW,S,200,52.95
1527623231392836381,ARKW,S,200,52.94
1527623230743702510,ARKW,S,500,52.93
1527623230889716719,ARKW,B,200,52.66
1527623231000013808,ARKW,S,200,53.21
1527623228100307953,ARKW,B,200,52.76
1527623229155634161,ARKW,S,200,52.96
1527623227706895346,ARKW,B,200,52.66
1527623229884526123,ARKW,B,200,52.65
1527623227831288648,ARKW,B,200,52.72
1527623233794151748,ARKW,B,200,52.84
1527623236995982312,ARKW,B,200,52.79
1527623236268860409,ARKW,S,200,52.97
1527623240042363238,ARKW,B,200,52.78
1527623246498227317,ARKW,B,200,52.77
1527623250322321464,ARKW,S,170,52.92
1527623251444297807,ARKW,B,200,52.85
1527623255050051061,ARKW,S,500,52.92
1527623253757462144,ARKW,B,200,52.65
1527623254862071424,ARKW,B,200,52.77
1527623255526082180,ARKW,B,200,52.65
1527623257203345111,ARKW,B,200,52.71
1527623255923493149,ARKW,B,200,52.84
1527623253898365215,ARKW,B,200,52.77
1527623256886872351,ARKW,S,200,53.2
1527623253710342518,ARKW,B,100,52.85
1527623256692951566,ARKW,S,500,52.94
1527623256925800976,ARKW,S,200,52.95
1527623260096412463,ARKW,S,200,52.96
1527623259203812311,ARKW,S,200,52.94
1527623261094212548,ARKW,S,200,52.94
1527623268816613744,ARKW,B,200,52.85
1527623272321877726,ARKW,S,500,52.93
1527623288602032686,ARKW,B,200,52.76
1527623287731714677,ARKW,S,200,52.94
1527623290576763514,ARKW,S,200,52.93
1527623289910658034,ARKW,S,200,53.19
1527623291305657330,ARKW,S,200,52.95
1527623289472353267,ARKW,S,200,52.97
1527623290357417368,ARKW,B,200,52.65
1527623290719308288,ARKW,S,200,53.19
1527623288221142080,ARKW,B,200,52.82
1527623290638896233,ARKW,B,200,52.83
1527623291303562356,ARKW,B,100,52.84
1527623288665807084,ARKW,B,200,52.77
1527623287731656983,ARKW,B,200,52.76
1527623293824198303,ARKW,S,200,53.2
1527623295542295062,ARKW,S,200,53.07
1527623302270148820,ARKW,S,500,52.91
1527623301618524682,ARKW,B,200,52.66
1527623303233341075,ARKW,B,200,52.65
1527623308348113248,ARKW,B,200,52.72
1527623308610196472,ARKW,B,200,52.83
1527623307087008761,ARKW,S,200,53.2
1527623305350042757,ARKW,S,500,52.94
1527623306983396485,ARKW,B,200,52.65
1527623308653515910,ARKW,S,200,52.95
1527623308454548686,ARKW,S,100,52.93
1527623305990526177,ARKW,S,500,52.93
1527623308134601964,ARKW,B,200,52.83
1527623306297300209,ARKW,B,200,52.77
1527623310698910935,ARKW,S,200,52.93
1527623313352135918,ARKW,B,200,52.76
1527623315673271860,ARKW,S,200,52.93
1527623320833788359,ARKW,S,200,52.96
1527623336060287723,ARKW,B,200,52.84
1527623337010166507,ARKW,S,500,52.92
1527623350526787204,ARKW,B,200,52.66
1527623356273423708,ARKW,B,200,52.73
1527623355323545041,ARKW,S,200,52.97
1527623360054090248,ARKW,B,200,52.84
1527623357078624829,ARKW,S,200,53.19
1527623356418219273,ARKW,S,200,53.2
1527623360443049677,ARKW,B,200,52.66
1527623357546620622,ARKW,B,200,52.72
1527623356479629098,ARKW,B,200,52.66
1527623358871700305,ARKW,B,200,52.65
1527623357929493213,ARKW,B,200,52.72
1527623362275572004,ARKW,S,500,52.92
1527623364705515813,ARKW,S,200,52.96
1527623362212601034,ARKW,S,200,52.97
1527623370053939433,ARKW,B,200,52.84
1527623370733442071,ARKW,B,200,52.79
1527623372577035295,ARKW,B,200,0
1527623376440141351,ARKW,B,200,52.77
1527623380816126815,ARKW,B,200,52.67
1527623380075118589,ARKW,B,200,52.66
1527623380694433793,ARKW,B,200,52.68
1527623377951752200,ARKW,B,200,52.68
1527623379313462523,ARKW,B,200,52.65
1527623379903352109,ARKW,B,200,52.72
1527623385054839771,ARKW,B,200,52.84
1527623383533749225,ARKW,S,200,53.2
1527623386402456564,ARKW,B,200,52.65
1527623383547905013,ARKW,B,200,52.71
1527623385901302773,ARKW,B,200,52.65
1527623389078103973,ARKW,B,200,52.72
1527623389293902346,ARKW,S,200,53.07
1527623392614034921,ARKW,S,500,52.92
1527623394575134199,ARKW,B,200,52.84
1527623393206947541,ARKW,S,200,52.94
1527623394884408428,ARKW,S,200,53.19
1527623394334561415,ARKW,B,100,52.85
1527623394735512097,ARKW,B,200,52.65
1527623392826645028,ARKW,B,200,52.72
1527623394920192548,ARKW,B,200,52.65
1527623394861079098,ARKW,B,200,52.83
1527623394524551741,ARKW,B,200,52.76
1527623393448123029,ARKW,B,100,52.84
1527623392812581238,ARKW,S,200,53.2
1527623391683199429,ARKW,S,200,53.07
1527623399391810424,ARKW,B,200,52.84
1527623406679362120,ARKW,S,500,52.92
1527623407405042798,ARKW,B,200,52.65
1527623410860264000,ARKW,B,200,52.72
1527623410366668384,ARKW,S,200,52.94
1527623409075478458,ARKW,B,200,52.84
1527623411129573307,ARKW,S,200,53.19
1527623408286818236,ARKW,S,200,52.95
1527623408845512640,ARKW,S,200,53.19
1527623408253724841,ARKW,S,200,53.2
1527623409578736015,ARKW,S,200,53.07
1527623415892645627,ARKW,B,200,52.66
1527623416123463450,ARKW,B,200,52.65
1527623412265293596,ARKW,B,200,52.67
1527623414278625068,ARKW,B,200,52.71
1527623416037218363,ARKW,B,200,52.83
1527623412343223456,ARKW,B,200,52.77
1527623412315135247,ARKW,B,200,52.76
1527623421148557361,ARKW,S,500,52.9
1527623422921699379,ARKW,S,200,52.94
1527623423558775688,ARKW,B,200,52.65
1527623422775368049,ARKW,B,200,52.64
1527623423976594155,ARKW,B,200,52.63
1527623422139424130,ARKW,B,200,52.69
1527623453297254231,ARKW,S,500,52.89
1527623454543820066,ARKW,B,200,52.81
1527623452120888613,ARKW,B,200,52.76
1527623451560162794,ARKW,B,200,52.75
1527623452891271022,ARKW,B,200,52.82
1527623454058073966,ARKW,B,200,52.65
1527623452864597873,ARKW,B,200,52.76
1527623451190491032,ARKW,B,200,52.75
1527623463569476834,ARKW,B,200,52.64
1527623461874650339,ARKW,B,200,52.64
1527623460733738415,ARKW,B,200,52.81
1527623463631347120,ARKW,B,200,52.75
1527623460660207025,ARKW,B,200,52.76
1527623464282317318,ARKW,B,200,52.74
1527623473373944830,ARKW,B,200,52.76
1527623472364035071,ARKW,S,200,53.18
1527623474772220927,ARKW,S,200,53.18
1527623474584788012,ARKW,B,100,52.82
1527623474250161291,ARKW,S,500,52.89
1527623474016656525,ARKW,S,200,52.92
1527623475253714061,ARKW,S,200,52.93
1527623485269335393,ARKW,S,200,53.17
1527623487559949665,ARKW,S,200,53.17
1527623489068654589,ARKW,B,200,52.64
1527623487593635838,ARKW,B,200,52.64
1527623485350469741,ARKW,B,100,52.81
1527623485525319791,ARKW,B,200,52.76
1527623485803454575,ARKW,B,200,52.75
1527623487789720965,ARKW,S,500,52.9
1527623487345911175,ARKW,S,200,52.92
1527623487614412167,ARKW,S,200,52.91
1527623487218380450,ARKW,B,200,52.74
1527623486625485261,ARKW,S,200,52.93
1527623493418814552,ARKW,B,200,52.81
1527623496549769109,ARKW,S,200,52.94
1527623494889676694,ARKW,S,200,52.94
1527623513939945531,ARKW,S,500,52.89
1527623516008337993,ARKW,B,200,52.81
1527623534806557806,ARKW,S,100,52.88
1527623534909514896,ARKW,B,200,52.64
1527623533132178577,ARKW,B,200,52.64
1527623538359602810,ARKW,S,200,53.18
1527623540712279674,ARKW,S,200,0
1527623540139757205,ARKW,B,200,52.81
1527623539566513814,ARKW,S,500,52.89
1527623539693981335,ARKW,B,200,52.75
1527623540696419991,ARKW,B,200,52.76
1527623538933632667,ARKW,S,200,52.93
1527623539112742555,ARKW,S,200,52.92
1527623543414544493,ARKW,B,200,52.74
1527623543352227467,ARKW,B,200,52.63
1527623541446309516,ARKW,B,200,52.63
1527623552912204476,ARKW,B,200,52.69
1527623551172223677,ARKW,B,200,52.69
1527623554817142015,ARKW,S,200,52.91
1527623557637745919,ARKW,S,200,52.9
1527623556015205632,ARKW,S,200,52.89
1527623554531077378,ARKW,S,200,52.91
1527623556285346261,ARKW,S,200,52.89
1527623556514263665,ARKW,S,200,52.89
1527623557576670886,ARKW,S,200,52.89
1527623554012263140,ARKW,S,200,53.15
1527623556324176612,ARKW,S,200,53.15
1527623558873024284,ARKW,S,200,53.02
1527623561522317084,ARKW,S,200,53.02
1527623571464237114,ARKW,B,100,52.81
1527623574840521905,ARKW,S,500,52.9
1527623573042083000,ARKW,S,200,52.91
1527623571285259449,ARKW,S,200,52.91
1527623571512014050,ARKW,S,500,52.89
1527623573935738065,ARKW,S,200,52.92
1527623577870516671,ARKW,B,200,52.75
1527623576357028293,ARKW,B,200,52.76
1527623576006738543,ARKW,B,200,0
1527623577181739470,ARKW,B,200,52.81
1527623585300753240,ARKW,S,200,52.93
1527623587855870809,ARKW,S,200,52.93
1527623584053153602,ARKW,B,200,52.73
1527623592362912192,ARKW,S,200,53.18
1527623590521153985,ARKW,S,200,53.18
1527623591069952458,ARKW,S,500,52.89
1527623590246623693,ARKW,S,200,52.93
1527623590950811251,ARKW,B,200,52.82
1527623591062036391,ARKW,S,200,53.18
1527623592473812903,ARKW,S,200,52.94
1527623589203697576,ARKW,S,200,53.18
1527623591403872169,ARKW,S,200,53.18
1527623592308137917,ARKW,B,100,52.83
1527623589964636099,ARKW,S,500,52.9
1527623591903846340,ARKW,S,200,52.93
1527623592485216196,ARKW,S,200,52.92
1527623591497138721,ARKW,S,200,52.94
1527623590900274376,ARKW,S,200,52.92
1527623592200770760,ARKW,S,200,52.91
1527623589062907081,ARKW,S,200,52.9
1527623590533403849,ARKW,S,200,52.91
1527623591046027299,ARKW,B,200,52.63
1527623589169928228,ARKW,B,200,52.63
1527623608798930075,ARKW,S,500,52.89
1527623608932361374,ARKW,B,200,52.62
1527623607024805023,ARKW,B,200,52.62
1527623607266578209,ARKW,B,200,52.68
1527623609572658977,ARKW,B,200,52.68
1527623623727361739,ARKW,S,200,52.91
1527623625194254027,ARKW,S,200,52.9
1527623626466438859,ARKW,S,200,52.91
1527623623038643916,ARKW,S,200,52.89
1527623630754375515,ARKW,S,200,52.89
1527623628217160204,ARKW,S,500,52.88
1527623627286713559,ARKW,S,200,0
1527623629963138263,ARKW,S,200,53.15
1527623632213192016,ARKW,S,200,53.02
1527623633481837918,ARKW,S,200,53.02
1527623635345486423,ARKW,S,500,52.86
1527623632777065052,ARKW,S,200,52.89
1527623633883378268,ARKW,S,200,52.88
1527623633838051194,ARKW,S,200,52.9
1527623633403285372,ARKW,S,200,52.9
1527623637118970528,ARKW,S,200,53.15
1527623635601877665,ARKW,S,200,53.15
1527623638246361559,ARKW,S,500,52.87
1527623639231302106,ARKW,S,200,52.91
1527623637405600225,ARKW,S,200,52.9
1527623640306343390,ARKW,S,200,53.15
1527623642792910302,ARKW,S,200,53.15
1527623649490477757,ARKW,S,200,53.02
1527623652141343421,ARKW,S,200,53.02
1527623651939428062,ARKW,S,500,52.86
1527623652693878496,ARKW,S,200,52.89
1527623648655550177,ARKW,S,200,52.88
1527623652929380704,ARKW,S,200,52.9
1527623655713218912,ARKW,S,200,52.9
1527623755940710518,ARKW,S,200,52.88
1527623758546618486,ARKW,S,200,52.88
1527623758755612790,ARKW,S,200,52.87
1527623759785248886,ARKW,S,200,52.86
1527623757234732290,ARKW,S,200,52.86
1527623758306313095,ARKW,S,200,52.86
1527623763736342651,ARKW,S,200,52.86
1527623761765873218,ARKW,S,200,52.86
1527623764334973090,ARKW,S,200,52.86
1527623781918308261,ARKW,S,200,52.87
1527623782908164005,ARKW,S,200,52.86
1527623784754968485,ARKW,S,200,52.87
1527623783660124877,ARKW,S,200,52.86
1527623811557856467,ARKW,S,200,52.86
1527623838138177034,ARKW,S,200,52.88
1527623839201105418,ARKW,S,200,52.87
1527623840750769674,ARKW,S,200,52.86
1527623841551095306,ARKW,S,200,52.88
1527623841301599786,ARKW,S,500,52.85
1527623843850791834,ARKW,S,200,52.86
1527623845270039450,ARKW,S,200,52.85
1527623842551933851,ARKW,S,200,52.86
1527623843152309267,ARKW,S,200,52.85
1527623844311641337,ARKW,S,200,52.85
1527623845050036109,ARKW,S,200,52.85
1527623850472683476,ARKW,S,200,52.86
1527623853404633044,ARKW,S,200,52.85
1527623853582956500,ARKW,S,200,52.86
1527623856672044656,ARKW,S,200,52.85
1527623856834475924,ARKW,S,200,52.85
1527623868104391565,ARKW,S,200,52.86
1527623869646519181,ARKW,S,200,52.85
1527623870372592529,ARKW,S,200,52.86
1527623870906317836,ARKW,S,200,52.85
1527623868158869080,ARKW,S,200,52.85
1527623869176250125,ARKW,S,200,52.85
1527623902710507059,ARKW,S,200,52.87
1527623905419830835,ARKW,S,200,52.86
1527623904076867124,ARKW,S,200,52.85
1527623905403446836,ARKW,S,200,52.87
1527623955726778030,ARKW,S,200,52.9
1527623953962221231,ARKW,S,200,52.9
1527623959160259494,ARKW,S,200,53.15
1527623961538364326,ARKW,S,200,0
1527623959397304471,ARKW,S,500,52.88
1527623961117231257,ARKW,S,200,52.9
1527623958832056474,ARKW,S,200,52.89
1527623961614666663,ARKW,S,200,52.88
1527623961775164435,ARKW,S,200,52.88
1527623963385354496,ARKW,S,200,52.88
1527623964789135634,ARKW,B,100,52.81
1527623963174721882,ARKW,S,100,52.86
1527623962653186397,ARKW,B,200,52.6
1527623965317224797,ARKW,B,200,52.6
1527623966225946973,ARKW,B,200,52.67
1527623963025627486,ARKW,B,200,52.6
1527623962949803687,ARKW,S,500,52.86
1527623963738273748,ARKW,B,100,52.8
1527623964766992345,ARKW,B,200,52.7
1527623965176985561,ARKW,B,200,52.71
1527623964899964901,ARKW,B,200,52.59
1527623965293049842,ARKW,B,100,52.8
1527623962781120500,ARKW,B,200,52.7
1527623963067381748,ARKW,B,200,52.71
1527623964461135877,ARKW,B,200,52.59
1527623962434500614,ARKW,B,200,52.59
1527623963078260753,ARKW,B,100,52.8
1527623965490313234,ARKW,B,200,52.7
1527623965185802616,ARKW,B,200,52.6
1527623963885306233,ARKW,B,200,52.6
1527623962660831620,ARKW,B,100,52.8
1527623965738598793,ARKW,B,200,52.71
1527623965820715401,ARKW,B,200,52.72
1527623963144552853,ARKW,B,200,52.6
1527623965355016747,ARKW,B,100,52.8
1527623962527990320,ARKW,B,200,52.71
1527623963062305328,ARKW,B,200,52.72
1527623964599059004,ARKW,B,200,52.6
1527623963370062410,ARKW,B,100,52.8
1527623962535395916,ARKW,B,200,52.71
1527623962926645836,ARKW,B,200,52.72
1527623963546026590,ARKW,B,200,52.6
1527623965846602334,ARKW,B,200,52.6
1527623962829849208,ARKW,B,100,0
1527623963876655737,ARKW,B,200,52.71
1527623963942126201,ARKW,B,200,52.72
1527623963546616457,ARKW,B,200,52.6
1527623966213145225,ARKW,B,200,52.6
1527623964485747350,ARKW,B,100,52.8
1527623968910429654,ARKW,B,200,52.71
1527623969638665686,ARKW,B,200,52.72
1527623969952779746,ARKW,B,200,52.6
1527623970379943405,ARKW,B,100,52.8
1527623969556614641,ARKW,B,200,52.71
1527623966437559794,ARKW,B,200,0
1527623969575816702,ARKW,B,200,52.6
1527623967356505612,ARKW,B,100,52.8
1527623967945346573,ARKW,B,200,52.71
1527623968660999693,ARKW,B,200,52.72
1527623967043243550,ARKW,B,200,52.6
1527623966572629535,ARKW,B,200,52.6
1527623969680412965,ARKW,B,100,52.8
1527623967149216039,ARKW,B,200,52.71
1527623967944560935,ARKW,B,200,52.72
1527623966316253497,ARKW,B,200,52.6
1527623968981602617,ARKW,B,200,52.6
1527623967239329594,ARKW,B,100,52.8
1527623967014954742,ARKW,B,200,0
1527623967570044662,ARKW,B,200,52.72
1527623968979920639,ARKW,B,200,52.6
1527623970845903909,ARKW,B,100,52.8
1527623973062659111,ARKW,B,200,52.71
1527623970752187432,ARKW,B,200,52.72
1527623977246342907,ARKW,B,200,52.6
1527623975796424444,ARKW,B,200,52.6
1527623978846535420,ARKW,B,200,52.59
1527623975794790605,ARKW,B,200,52.65
1527623978186461389,ARKW,B,200,52.65
1527623980269269092,ARKW,B,100,52.8
1527623981119402087,ARKW,B,200,52.72
1527623982628368487,ARKW,B,200,52.73
1527623981182447735,ARKW,B,200,52.61
1527623979501187192,ARKW,B,200,52.61
1527623985036375909,ARKW,S,200,0
1527623986552289125,ARKW,S,200,52.86
1527623987626948453,ARKW,S,200,52.87
1527623987083655710,ARKW,S,200,52.86
1527623986057437136,ARKW,S,200,52.86
1527623989777347670,ARKW,S,200,52.86
1527623994951749461,ARKW,B,200,52.59
1527623993313021782,ARKW,B,200,52.59
1527623994466324334,ARKW,S,200,52.86
1527623996176498221,ARKW,S,200,52.86
1527624004590874263,ARKW,B,200,52.56
1527624002828021400,ARKW,B,200,52.56
1527624001760244000,ARKW,S,500,52.85
1527624003977261347,ARKW,S,200,0
1527624004424111634,ARKW,S,500,0
1527624007738004595,ARKW,B,200,52.62
1527624006584374388,ARKW,B,200,52.62
1527624027275508281,ARKW,S,200,53.13
1527624028625680953,ARKW,S,200,52.89
1527624029874862649,ARKW,S,200,53.13
1527624026743421498,ARKW,S,200,0
1527624028934946067,ARKW,S,500,52.86
1527624028717890838,ARKW,S,200,52.88
1527624028909780246,ARKW,S,200,52.87
1527624027483671924,ARKW,S,200,52.86
1527624034120917078,ARKW,S,200,52.86
1527624032908514579,ARKW,S,200,52.86
1527624037750907960,ARKW,S,200,52.89
1527624037465523272,ARKW,S,200,52.9
1527624036015932489,ARKW,S,200,52.9
1527624045391198709,ARKW,S,200,52.91
1527624076493755500,ARKW,S,200,53.16
1527624074819048557,ARKW,S,200,53.16
1527624076247667840,ARKW,S,1000,0
1527624073777484930,ARKW,S,200,52.91
1527624074908767362,ARKW,S,200,52.9
1527624097433443753,ARKW,B,200,52.68
1527624095903833516,ARKW,B,200,52.68
1527624097493938683,ARKW,S,200,52.92
1527624095786463740,ARKW,S,200,52.92
1527624124272520161,ARKW,S,200,53.15
1527624123159522274,ARKW,S,200,53.15
1527624124498244436,ARKW,S,1100,52.89
1527624125059101529,ARKW,S,200,52.9
1527624123870409562,ARKW,S,200,52.9
1527624127751628689,ARKW,S,200,52.91
1527624126968540718,ARKW,S,200,52.89
1527624128541339301,ARKW,S,200,52.89
1527624125681290399,ARKW,S,200,53.16
1527624128122047647,ARKW,S,200,53.16
1527624128492277327,ARKW,S,200,53.03
1527624126987898448,ARKW,S,200,53.03
1527624133437666846,ARKW,S,1000,52.86
1527624132537923106,ARKW,S,200,52.9
1527624132954797602,ARKW,S,200,52.89
1527624135947496914,ARKW,S,200,52.91
1527624141330095529,ARKW,S,200,53.16
1527624139928477098,ARKW,S,200,53.16
1527624145038485427,ARKW,S,200,53.03
1527624143288018868,ARKW,S,200,53.03
1527624146842399849,ARKW,S,1000,52.89
1527624156753408374,ARKW,S,200,52.9
1527624155293004151,ARKW,S,200,52.9
1527624158438158539,ARKW,S,200,52.91
1527624170653965645,ARKW,S,200,52.89
1527624170051493383,ARKW,S,1000,52.88
1527624177358043604,ARKW,S,200,52.92
1527624180359199188,ARKW,S,200,52.92
1527624194292397874,ARKW,S,200,53.15
1527624196651628338,ARKW,S,200,53.15
1527624195414579793,ARKW,S,900,52.87
1527624197046950483,ARKW,S,200,52.9
1527624198027106899,ARKW,S,200,52.89
1527624194420660826,ARKW,B,100,0
1527624197353986697,ARKW,B,200,52.62
1527624195628423818,ARKW,B,200,52.62
1527624194498452421,ARKW,S,200,53.15
1527624197372599237,ARKW,S,200,53.15
1527624195133597733,ARKW,S,1100,52.87
1527624197991491621,ARKW,B,100,52.83
1527624197451671592,ARKW,S,200,52.9
1527624197590542376,ARKW,S,200,52.89
1527624194799101998,ARKW,B,100,52.82
1527624195889752125,ARKW,S,200,53.15
1527624197984282685,ARKW,S,200,53.15
1527624197681837633,ARKW,B,200,52.61
1527624196023776834,ARKW,B,200,52.61
1527624195595433646,ARKW,B,200,52.67
1527624197866190510,ARKW,B,200,52.67
1527624197607323642,ARKW,S,1100,52.9
1527624194694313980,ARKW,S,200,52.91
1527624197530253308,ARKW,S,200,52.91
1527624198800630592,ARKW,S,200,52.92
1527624198605792072,ARKW,S,200,52.9
1527624214693474016,ARKW,B,130,52.83
1527624213738548965,ARKW,B,200,52.74
1527624214060330725,ARKW,B,200,52.75
1527624212965683048,ARKW,S,1000,52.89
1527624211661188969,ARKW,S,200,53.16
1527624214570921833,ARKW,S,200,53.16
1527624211894366060,ARKW,S,200,52.91
1527624214766875390,ARKW,B,200,52.73
1527624218468745800,ARKW,S,200,52.89
1527624217405757673,ARKW,B,200,52.62
1527624215671281898,ARKW,B,200,0
1527624226172740909,ARKW,S,200,52.89
1527624226137942379,ARKW,S,200,52.89
1527624226741273217,ARKW,S,200,52.92
1527624224878543513,ARKW,B,200,52.68
1527624227367338664,ARKW,S,200,52.92
1527624225415348932,ARKW,B,200,52.68
1527624249074888154,ARKW,S,200,52.9
1527624246974197211,ARKW,S,200,52.89
1527624247445794267,ARKW,S,200,52.9
1527624249500546587,ARKW,S,900,52.88
1527624246663100271,ARKW,B,100,52.82
1527624247859591055,ARKW,B,200,52.62
1527624245964945296,ARKW,B,200,52.62
1527624249399818308,ARKW,B,100,52.82
1527624247607408712,ARKW,B,200,52.73
1527624248396789832,ARKW,B,200,52.74
1527624248833325132,ARKW,B,200,52.62
1527624246796793936,ARKW,B,100,52.81
1527624246316939346,ARKW,B,200,0
1527624248713525347,ARKW,B,200,52.62
1527624246649075812,ARKW,B,200,52.62
1527624245454223486,ARKW,B,100,52.81
1527624249001621632,ARKW,B,200,52.73
1527624249194821760,ARKW,B,200,52.74
1527624249460373647,ARKW,B,200,52.62
1527624247287265424,ARKW,B,200,52.62
1527624247535843484,ARKW,B,100,52.81
1527624245555935390,ARKW,B,200,52.73
1527624249087932590,ARKW,B,200,52.62
1527624247152261295,ARKW,B,200,52.62
1527624245562947771,ARKW,B,100,52.81
1527624247930173657,ARKW,B,100,52.81
1527624245609609464,ARKW,B,100,52.81
1527624248189630742,ARKW,B,100,52.81
1527624245761521973,ARKW,B,100,52.81
1527624245676653530,ARKW,S,200,53.16
1527624247755914202,ARKW,S,200,53.16
1527624247573006283,ARKW,S,200,53.03
1527624246085797836,ARKW,S,200,53.03
1527624246137702377,ARKW,B,200,52.61
1527624245765720045,ARKW,B,200,52.61
1527624247112820409,ARKW,B,200,52.67
1527624245793384122,ARKW,B,200,52.67
1527624256583138665,ARKW,S,1100,52.86
1527624255193775468,ARKW,S,200,0
1527624256108985708,ARKW,S,200,52.89
1527624261434614847,ARKW,S,200,52.91
1527624260019767671,ARKW,S,200,53.16
1527624262457117047,ARKW,S,200,53.16
1527624262542006918,ARKW,S,200,53.03
1527624260670429831,ARKW,S,200,53.03
1527624258816186787,ARKW,S,900,52.86
1527624261817276838,ARKW,S,200,52.9
1527624261996452262,ARKW,S,200,52.89
1527624261651798445,ARKW,B,100,52.81
1527624259759970744,ARKW,B,200,52.61
1527624261834971576,ARKW,B,200,52.61
1527624263713972195,ARKW,B,200,52.67
1527624266242154467,ARKW,B,200,52.67
1527624264106706910,ARKW,S,200,52.91
1527624279872521006,ARKW,B,100,52.8
1527624280475111243,ARKW,B,200,52.6
1527624282922225483,ARKW,B,200,52.6
1527624281066704723,ARKW,B,100,52.8
1527624282712903508,ARKW,B,200,52.71
1527624279930638181,ARKW,B,200,52.6
1527624282135859045,ARKW,B,200,52.6
1527624283018366833,ARKW,B,100,52.8
1527624283610943349,ARKW,B,200,52.71
1527624279931490166,ARKW,B,200,52.72
1527624283588071298,ARKW,B,200,52.6
1527624280889036688,ARKW,B,100,52.8
1527624283316359058,ARKW,B,200,52.71
1527624283572080530,ARKW,B,200,52.72
1527624282842468257,ARKW,B,200,52.6
1527624281224056738,ARKW,B,200,0
1527624282553847726,ARKW,B,100,52.8
1527624282330763184,ARKW,B,200,52.71
1527624279829057473,ARKW,B,200,52.6
1527624282041814977,ARKW,B,200,52.6
1527624280547200973,ARKW,B,100,52.8
1527624283821838330,ARKW,B,100,52.8
1527624282844567742,ARKW,B,200,52.66
1527624281132112063,ARKW,B,200,0
1527624304638233035,ARKW,B,100,52.8
1527624307430502794,ARKW,B,200,52.6
1527624309819617674,ARKW,B,200,52.6
1527624309772824981,ARKW,B,100,52.8
1527624307268039063,ARKW,B,200,52.71
1527624306639483302,ARKW,B,200,52.6
1527624305701466535,ARKW,B,200,52.6
1527624306000310708,ARKW,B,100,52.8
1527624308988752310,ARKW,B,200,52.71
1527624309527851446,ARKW,B,200,52.72
1527624308966011336,ARKW,B,200,52.6
1527624306669695433,ARKW,B,200,0
1527624307693237453,ARKW,B,100,52.8
1527624309241590991,ARKW,B,200,52.71
1527624309690578127,ARKW,B,200,52.72
1527624306445825246,ARKW,B,200,52.6
1527624305951029986,ARKW,B,100,52.8
1527624305827298020,ARKW,B,200,52.71
1527624306597346020,ARKW,B,200,52.72
1527624308202584820,ARKW,B,200,52.6
1527624306141281013,ARKW,B,200,52.6
1527624306157668076,ARKW,B,100,52.8
1527624306445049570,ARKW,B,100,52.8
1527624305720352484,ARKW,B,200,52.71
1527624306375646948,ARKW,B,200,52.72
1527624305633058548,ARKW,B,200,52.6
1527624308471291636,ARKW,B,200,52.6
1527624306839522992,ARKW,B,100,52.8
1527624307963334327,ARKW,B,200,52.71
1527624308980387511,ARKW,B,200,52.72
1527624306911284929,ARKW,B,200,52.6
1527624310019878445,ARKW,B,100,52.8
1527624311119244847,ARKW,B,200,0
1527624312389201455,ARKW,B,200,52.72
1527624311879200318,ARKW,B,200,52.6
1527624310299651647,ARKW,B,200,52.6
1527624314503909616,ARKW,B,200,52.66
1527624317021475056,ARKW,B,200,52.66
1527624348157076865,ARKW,S,200,53.16
1527624346318857602,ARKW,S,200,53.16
1527624346199783998,ARKW,S,900,0
1527624347247835712,ARKW,S,200,52.91
1527624344488507969,ARKW,S,200,52.9
1527624344294195166,ARKW,S,200,53.16
1527624346659323870,ARKW,S,200,53.16
1527624351194347784,ARKW,S,1100,52.87
1527624348879223055,ARKW,S,200,52.92
1527624350139349263,ARKW,S,200,52.91
1527624348989323553,ARKW,S,200,53.17
1527624352190626081,ARKW,S,200,53.17
1527624352092986496,ARKW,S,900,52.87
1527624348831456386,ARKW,S,200,52.92
1527624349214448770,ARKW,S,200,52.91
1527624349900217503,ARKW,S,200,53.17
1527624352742448287,ARKW,S,200,53.17
1527624355226484051,ARKW,S,200,53.04
1527624353784823124,ARKW,S,200,53.04
1527624359951710706,ARKW,S,900,52.87
1527624360596733170,ARKW,S,200,52.91
1527624359541472503,ARKW,S,200,52.9
1527624365044844266,ARKW,S,200,0
1527624401844777280,ARKW,S,1100,52.86
1527624402738753856,ARKW,S,200,52.9
1527624400821694785,ARKW,S,200,52.9
1527624402226199406,ARKW,B,100,52.81
1527624400298916735,ARKW,B,200,52.6
1527624403593935743,ARKW,B,200,52.6
1527624402166234118,ARKW,B,100,52.81
1527624403610450951,ARKW,B,200,52.71
1527624401628183560,ARKW,B,200,52.72
1527624404000062488,ARKW,B,200,52.6
1527624401795562521,ARKW,B,200,52.6
1527624403955563556,ARKW,B,100,52.81
1527624401820335143,ARKW,B,200,52.71
1527624403530366006,ARKW,B,200,52.6
1527624402096831543,ARKW,B,200,52.6
1527624403627621443,ARKW,B,100,52.81
1527624402687573065,ARKW,B,200,52.71
1527624403115326537,ARKW,B,200,52.72
1527624400514006101,ARKW,B,200,0
1527624400362028130,ARKW,B,100,52.81
1527624400159325285,ARKW,B,200,52.71
1527624400964500581,ARKW,B,200,52.72
1527624403300072564,ARKW,B,200,52.6
1527624401020796021,ARKW,B,200,52.6
1527624403682737295,ARKW,B,100,52.81
1527624401522343086,ARKW,B,100,52.81
1527624403864009932,ARKW,B,100,52.81
1527624401776360683,ARKW,B,100,52.81
1527624403823574281,ARKW,B,100,52.81
1527624401653809187,ARKW,B,100,52.81
1527624403330221623,ARKW,B,100,52.81
1527624402064852537,ARKW,B,200,52.71
1527624402255627833,ARKW,B,200,52.72
1527624402702321226,ARKW,B,200,52.6
1527624400567158347,ARKW,B,200,52.6
1527624402696126888,ARKW,B,100,52.81
1527624402407834027,ARKW,B,200,52.71
1527624403034948011,ARKW,B,200,52.72
1527624402153554362,ARKW,B,200,52.6
1527624400299803067,ARKW,B,200,52.6
1527624406773488563,ARKW,B,200,52.66
1527624405408504756,ARKW,B,200,52.66
1527624405904677824,ARKW,B,100,52.81
1527624407677033412,ARKW,B,200,52.73
1527624404537465797,ARKW,B,200,52.72
1527624408304475092,ARKW,B,200,52.61
1527624407323663317,ARKW,B,200,52.61
1527624408518526377,ARKW,B,200,52.67
1527624406881174954,ARKW,B,200,52.67
1527624421691743955,ARKW,B,100,52.81
1527624438148500320,ARKW,B,200,52.6
1527624434497227619,ARKW,B,200,52.6
1527624444147668046,ARKW,B,200,52.66
1527624447044752462,ARKW,B,200,52.66
1527624446125806685,ARKW,B,100,52.81
1527624443730990194,ARKW,B,200,0
1527624445619016818,ARKW,B,200,52.65
1527624445855011954,ARKW,B,200,52.6
1527624445040137331,ARKW,B,200,52.6
1527624443315558190,ARKW,B,200,52.66
1527624445631534894,ARKW,B,200,52.66
1527624447970497336,ARKW,B,100,52.81
1527624447863608122,ARKW,B,200,52.72
1527624447944676154,ARKW,B,200,52.73
1527624450826294089,ARKW,B,200,52.61
1527624449904792394,ARKW,B,200,52.61
1527624459524722894,ARKW,B,100,52.81
1527624456045678801,ARKW,B,200,52.72
1527624458047410385,ARKW,B,200,52.73
1527624458373648608,ARKW,B,200,52.61
1527624456765198561,ARKW,B,200,52.61
1527624460652897787,ARKW,S,200,52.89
1527624460191131132,ARKW,S,200,52.88
1527624460228683261,ARKW,S,200,52.87
1527624463323751933,ARKW,S,200,52.86
1527624463894111743,ARKW,S,200,52.89
1527624462154589903,ARKW,S,200,52.86
1527624463942157641,ARKW,S,200,52.86
1527624465944892303,ARKW,S,200,52.86
1527624465977529239,ARKW,S,200,52.86
1527624466361635747,ARKW,S,200,52.86
1527624467474922483,ARKW,B,200,52.58
1527624465611865076,ARKW,B,200,52.58
1527624494944717118,ARKW,S,900,52.85
1527624498040572223,ARKW,S,200,52.87
1527624495262697792,ARKW,S,200,52.86
1527624496263235904,ARKW,S,200,52.87
1527624496405449024,ARKW,S,200,52.85
1527624496406694226,ARKW,S,1000,52.82
1527624495014644923,ARKW,B,200,52.57
1527624497377807547,ARKW,B,200,52.57
1527624500437405894,ARKW,S,200,53.1
1527624502802469062,ARKW,S,200,53.1
1527624502951956678,ARKW,S,200,52.89
1527624499295375562,ARKW,S,200,53.1
1527624500965889017,ARKW,S,1100,52.82
1527624502554022906,ARKW,S,200,52.85
1527624498958652411,ARKW,S,200,52.84
1527624498961629645,ARKW,S,200,52.86
1527624507500816923,ARKW,B,200,52.63
1527624511009810971,ARKW,B,200,52.63
1527624509610621810,ARKW,S,200,52.87
1527624507636743027,ARKW,S,200,52.87
1527624508560896672,ARKW,S,200,53.12
1527624510970196640,ARKW,S,200,53.12
1527624511589512444,ARKW,S,900,52.86
1527624509906613502,ARKW,S,200,52.87
1527624507910780159,ARKW,S,200,52.87
1527624508405642676,ARKW,B,100,52.8
1527624508343383479,ARKW,B,200,52.69
1527624508427990455,ARKW,B,200,52.7
1527624510079301061,ARKW,B,200,52.58
1527624510433523154,ARKW,B,100,52.8
1527624508977051093,ARKW,B,200,52.69
1527624509394056661,ARKW,B,200,52.7
1527624507570583013,ARKW,B,200,52.58
1527624508995335653,ARKW,B,200,52.68
1527624510863504869,ARKW,B,200,52.58
1527624511648364007,ARKW,B,200,52.58
1527624508288595441,ARKW,B,100,52.8
1527624509776262646,ARKW,B,200,52.69
1527624509987288566,ARKW,B,200,52.7
1527624507874145796,ARKW,B,200,52.58
1527624510580520463,ARKW,B,100,52.8
1527624510956500497,ARKW,B,200,52.69
1527624511035995665,ARKW,B,200,52.7
1527624509233755681,ARKW,B,200,52.58
1527624511208420897,ARKW,B,200,52.58
1527624508406429230,ARKW,B,100,52.8
1527624510650971724,ARKW,B,100,52.8
1527624508660971115,ARKW,B,100,52.8
1527624510800197257,ARKW,B,100,52.8
1527624508720150184,ARKW,B,100,52.8
1527624510845810374,ARKW,B,100,52.8
1527624508673227232,ARKW,B,100,52.8
1527624511090654263,ARKW,B,200,52.64
1527624507913600065,ARKW,B,200,52.64
1527624517050953322,ARKW,B,100,52.8
1527624520159591018,ARKW,B,100,52.8
1527624517818710653,ARKW,B,200,52.57
1527624520232139389,ARKW,B,200,52.57
1527624523474215254,ARKW,B,100,52.8
1527624522533708124,ARKW,B,200,52.69
1527624523704508764,ARKW,B,200,52.68
1527624523356512622,ARKW,B,200,52.57
1527624521923764591,ARKW,B,200,52.57
1527624523412354247,ARKW,B,200,52.63
1527624521720804552,ARKW,B,200,52.63
1527624520880312612,ARKW,B,100,52.8
1527624521667465510,ARKW,B,200,52.69
1527624521848672550,ARKW,B,200,52.7
1527624522352513333,ARKW,B,200,52.58
1527624520408715574,ARKW,B,200,52.58
1527624520814034577,ARKW,B,200,52.64
1527624523424071313,ARKW,B,200,52.64
1527624532658082215,ARKW,B,100,52.8
1527624530359538107,ARKW,B,200,52.58
1527624531820859835,ARKW,B,200,0
1527624532923830715,ARKW,B,200,52.58
1527624529519432138,ARKW,B,200,52.57
1527624529474015705,ARKW,B,200,52.63
1527624531930567129,ARKW,B,200,52.63
1527624536257142686,ARKW,B,100,52.8
1527624535102332852,ARKW,B,200,52.57
1527624533294981045,ARKW,B,200,52.57
1527624539939944086,ARKW,B,200,52.63
1527624538170799767,ARKW,B,200,52.63
1527624544261086517,ARKW,B,100,52.8
1527624543031303479,ARKW,B,200,52.69
1527624543945071927,ARKW,B,200,52.7
1527624545388109127,ARKW,B,200,52.58
1527624544366271816,ARKW,B,200,52.58
1527624553457460797,ARKW,B,200,52.64
1527624551736747582,ARKW,B,200,52.64
1527624552508633705,ARKW,S,200,52.88
1527624551116911210,ARKW,S,200,52.88
1527624553374632573,ARKW,S,200,52.89
1527624571319924877,ARKW,S,200,52.87
1527624568572983438,ARKW,S,200,52.86
1527624569787365518,ARKW,S,200,52.87
1527624573841858666,ARKW,S,200,52.86
1527624578796510437,ARKW,S,200,52.86
1527624579841482087,ARKW,S,200,52.86
1527624577629511044,ARKW,B,100,52.8
1527624577527668120,ARKW,B,200,52.58
1527624580414987672,ARKW,B,200,52.58
1527624577184864898,ARKW,B,200,52.64
1527624579569588866,ARKW,B,200,52.64
1527624577373953612,ARKW,S,200,52.86
1527624584034638916,ARKW,S,200,52.86
1527624586548974105,ARKW,S,200,52.86
1527624584886137474,ARKW,S,200,52.86
1527624615374513840,ARKW,S,200,52.87
1527624616784520880,ARKW,S,200,52.86
1527624618379863728,ARKW,S,200,52.87
1527624618745164607,ARKW,S,200,52.86
1527624623228690148,ARKW,S,200,52.86
1527624622669678879,ARKW,S,200,52.86
1527624627502929100,ARKW,S,200,52.86
1527624627190196727,ARKW,S,200,52.86
1527624627978444865,ARKW,S,200,52.86
1527624630034731338,ARKW,S,200,52.86
1527624629781440277,ARKW,S,200,52.86
1527624637780754875,ARKW,S,200,52.86
1527624637705544517,ARKW,S,200,52.86
1527624642328445345,ARKW,S,200,52.86
1527624643813228973,ARKW,B,100,52.8
1527624644001579455,ARKW,B,200,52.58
1527624642581479872,ARKW,B,200,52.58
1527624644128653825,ARKW,B,200,52.64
1527624642360689160,ARKW,B,200,0
1527624641736675125,ARKW,S,200,52.86
1527624664671470575,ARKW,S,200,52.86
1527624668066118140,ARKW,S,200,52.86
1527624670320163418,ARKW,B,100,52.8
1527624667315010158,ARKW,B,200,52.58
1527624670233066094,ARKW,B,200,52.58
1527624667836873432,ARKW,B,200,52.64
1527624670604786392,ARKW,B,200,52.64
1527624666783357759,ARKW,S,200,52.86
1527624671886846490,ARKW,S,200,52.86
1527624696731541692,ARKW,S,200,52.9
1527624700223168700,ARKW,S,200,52.9
1527624706716751717,ARKW,B,100,52.81
1527624706170443627,ARKW,B,200,52.7
1527624707100202888,ARKW,B,200,52.7
1527624706122864542,ARKW,B,200,52.64
1527624708275984316,ARKW,B,200,52.64
1527624707799406537,ARKW,B,200,52.69
1527624707591329742,ARKW,B,200,52.64
1527624708945958869,ARKW,B,200,52.64
1527624706164807655,ARKW,B,200,52.64
1527624707693990910,ARKW,B,100,52.8
1527624707918124033,ARKW,B,200,52.7
1527624708357084177,ARKW,B,200,52.59
1527624705418974226,ARKW,B,200,52.69
1527624707902198802,ARKW,B,200,52.59
1527624708426486812,ARKW,B,100,0
1527624708539995170,ARKW,B,200,52.7
1527624709214950445,ARKW,B,200,52.59
1527624706257048635,ARKW,B,100,52.8
1527624708592096316,ARKW,B,200,52.7
1527624707330200653,ARKW,B,200,52.59
1527624708457878617,ARKW,B,100,52.8
1527624706000606300,ARKW,B,200,52.7
1527624708594848876,ARKW,B,200,52.59
1527624706387596408,ARKW,B,100,52.8
1527624708603565206,ARKW,B,100,52.8
1527624706387268789,ARKW,B,100,52.8
1527624708814591187,ARKW,B,100,52.8
1527624707017266418,ARKW,B,100,0
1527624709074113808,ARKW,B,100,52.8
1527624706585909290,ARKW,B,100,52.8
1527624708240956990,ARKW,B,100,52.8
1527624705173875273,ARKW,B,100,52.8
1527624706244936621,ARKW,B,100,52.8
1527624705605239733,ARKW,B,200,52.7
1527624706277180350,ARKW,B,200,52.59
1527624713149952890,ARKW,B,100,52.8
1527624713059185532,ARKW,B,200,52.7
1527624713229644683,ARKW,B,200,52.59
1527624710336492428,ARKW,B,200,52.69
1527624710186283917,ARKW,B,200,52.68
1527624711397192592,ARKW,B,200,52.59
1527624712378989641,ARKW,B,200,52.65
1527624709444642589,ARKW,B,100,52.8
1527624712344938290,ARKW,B,200,52.59
1527624710948235389,ARKW,S,200,52.88
1527624712303388797,ARKW,S,200,52.87
1527624713355438205,ARKW,S,200,52.86
1527624709413054590,ARKW,S,200,52.88
1527624712913005890,ARKW,S,200,52.86
1527624712842492557,ARKW,B,200,52.58
1527624713400075758,ARKW,B,200,52.64
1527624713650999904,ARKW,B,100,52.8
1527624715773252193,ARKW,B,200,52.7
1527624717332486397,ARKW,S,200,52.86
1527624714831711783,ARKW,S,200,52.86
1527624719493977996,ARKW,S,200,52.86
1527624720217172207,ARKW,B,200,52.69
1527624721133248101,ARKW,S,200,52.86
1527624721058086527,ARKW,S,200,52.86
1527624720027729710,ARKW,S,200,52.86
1527624725285986985,ARKW,B,200,52.6
1527624723595158186,ARKW,B,200,52.68
1527624724586652330,ARKW,B,200,52.6
1527624724968727210,ARKW,B,200,52.6
1527624728216794896,ARKW,B,100,52.8
1527624728654640914,ARKW,B,200,52.7
1527624729415710482,ARKW,B,200,52.71
1527624729692796707,ARKW,B,200,52.59
1527624727751882532,ARKW,B,200,52.59
1527624729219954468,ARKW,B,200,52.69
1527624726962042661,ARKW,B,200,52.59
1527624729675567357,ARKW,S,200,52.87
1527624728674504958,ARKW,S,200,52.86
1527624729181163774,ARKW,S,200,52.87
1527624728805314941,ARKW,S,200,0
1527624731708964781,ARKW,S,200,52.86
1527624733622932739,ARKW,S,200,52.86
1527624738683491869,ARKW,S,200,52.86
1527624743578497554,ARKW,B,100,52.8
1527624743135015444,ARKW,B,200,52.69
1527624739931025941,ARKW,B,200,52.7
1527624739787108900,ARKW,B,200,52.58
1527624743140127268,ARKW,B,200,52.58
1527624751147159388,ARKW,B,200,52.64
1527624750414204772,ARKW,S,200,52.86
1527624749669781375,ARKW,B,200,52.64
1527624756243633733,ARKW,S,200,52.86
1527624760803830737,ARKW,B,100,52.8
1527624759262948324,ARKW,B,200,52.58
1527624758374476773,ARKW,B,200,52.58
1527624759259952968,ARKW,B,200,52.64
1527624757685122889,ARKW,B,200,52.64
1527624773332164964,ARKW,S,200,52.86
1527624771867046354,ARKW,S,200,0
1527624770745670376,ARKW,S,200,52.86
1527624777012515107,ARKW,B,100,52.8
1527624774247551269,ARKW,B,200,52.7
1527624774693130533,ARKW,B,200,52.71
1527624776729137461,ARKW,B,200,52.59
1527624774726422838,ARKW,B,200,52.59
1527624774352933681,ARKW,S,200,52.86
1527624776574604118,ARKW,S,200,52.86
1527624795877187402,ARKW,S,200,52.86
1527624798655455314,ARKW,S,200,52.86
1527624796650971423,ARKW,B,200,52.58
1527624799396864287,ARKW,B,200,52.58
1527624824644670864,ARKW,B,200,52.64
1527624824696575377,ARKW,B,200,52.64
1527624827080503687,ARKW,S,200,52.86
1527624826450309782,ARKW,S,200,0
1527624828284277367,ARKW,S,200,52.86
1527624826275349149,ARKW,S,200,52.86
1527624831006212175,ARKW,B,100,52.8
1527624832942407768,ARKW,B,200,52.7
1527624831674810459,ARKW,B,200,52.71
1527624833029242981,ARKW,B,200,52.59
1527624830294622310,ARKW,B,200,52.7
1527624829903831143,ARKW,B,200,52.69
1527624831126077596,ARKW,B,200,52.59
1527624833372913820,ARKW,B,200,52.59
1527624833811021980,ARKW,B,200,52.68
1527624831095341275,ARKW,B,200,52.59
1527624833626013915,ARKW,B,200,52.59
1527624837166539762,ARKW,B,200,0
1527624835561497587,ARKW,B,200,52.65
1527624834200226418,ARKW,S,200,52.86
1527624834366830067,ARKW,S,200,52.86
1527624837704971779,ARKW,S,200,52.86
1527624839504392504,ARKW,S,200,52.86
1527624879137383400,ARKW,S,200,52.86
1527624880790358983,ARKW,S,200,52.86
1527624879441247057,ARKW,S,200,52.86
1527624881411264209,ARKW,S,200,52.86
1527624889483241330,ARKW,S,200,52.86
1527624888071926538,ARKW,S,200,52.86
1527624944548274867,ARKW,S,200,52.86
1527624942259692387,ARKW,B,100,52.8
1527624941555114870,ARKW,B,200,52.59
1527624943948751734,ARKW,B,200,52.59
1527624941740544698,ARKW,S,200,52.86
1527624943178742627,ARKW,B,200,52.65
1527624941488044900,ARKW,B,200,52.65
1527624946518607496,ARKW,B,100,52.81
1527624945810097803,ARKW,B,200,52.72
1527624946182145675,ARKW,B,200,52.71
1527624948408469145,ARKW,B,200,52.6
1527624946291362535,ARKW,B,200,52.59
1527624945748462312,ARKW,B,200,52.59
1527624947000462072,ARKW,B,200,52.65
1527624949445741304,ARKW,B,200,52.65
1527624962609734840,ARKW,B,100,52.8
1527624960299984070,ARKW,S,200,52.87
1527624961131832519,ARKW,S,200,52.86
1527624962279367924,ARKW,S,200,52.87
1527624960409429262,ARKW,B,200,52.59
1527624961020093716,ARKW,B,100,52.8
1527624961957127446,ARKW,B,200,52.7
1527624959262876951,ARKW,B,200,52.59
1527624960912155968,ARKW,B,200,52.59
1527624961156801894,ARKW,B,200,52.59
1527624959724971500,ARKW,S,200,52.86
1527624973065941283,ARKW,B,200,0
1527624975542874403,ARKW,B,200,52.56
1527624971838201506,ARKW,B,200,52.62
1527624974524784290,ARKW,B,200,52.62
1527624971603388989,ARKW,S,900,52.85
1527624972875770431,ARKW,S,200,52.85
1527624977719642490,ARKW,S,500,52.85
1527625006588725673,ARKW,S,200,52.85
1527625011160171125,ARKW,S,200,52.85
1527625012222771829,ARKW,B,200,52.71
1527625010407359094,ARKW,B,200,52.68
1527625013139030664,ARKW,S,500,52.84
1527625010572098833,ARKW,S,200,52.84
1527625014117533578,ARKW,B,200,52.67
1527625010066556830,ARKW,S,200,52.84
1527625012219678428,ARKW,S,500,52.82
1527625010556178915,ARKW,S,200,52.83
1527625011856020182,ARKW,B,200,52.66
1527625018153576455,ARKW,B,200,52.65
1527625015574997080,ARKW,S,200,52.83
1527625016595392600,ARKW,S,200,52.82
1527625018153052248,ARKW,S,200,52.83
1527625112474953740,ARKW,S,200,52.84
1527625110481414157,ARKW,S,200,52.83
1527625111038863373,ARKW,S,200,52.84
1527625110078433294,ARKW,S,200,52.82
1527625110848681433,ARKW,S,200,52.82
1527625109749845718,ARKW,S,200,52.82
1527625110959181639,ARKW,S,200,52.82
1527625110506731803,ARKW,S,500,52.81
1527625112017733972,ARKW,S,500,52.8
1527625166547597253,ARKW,S,500,52.81
1527625174814003843,ARKW,S,500,0
1527625206881846417,ARKW,S,200,52.84
1527625203644826773,ARKW,S,200,52.83
1527625207388898454,ARKW,S,200,52.82
1527625204913079447,ARKW,S,200,52.84
1527625206696379555,ARKW,S,200,52.82
1527625205272478907,ARKW,S,200,52.82
1527625203947800514,ARKW,S,500,52.81
1527625213878101494,ARKW,S,500,52.8
1527625244259196626,ARKW,S,500,52.81
1527625258921948600,ARKW,B,200,52.64
1527625257140221369,ARKW,B,200,52.64
1527625258254136905,ARKW,S,200,52.83
1527625254939981386,ARKW,S,200,52.82
1527625255888811594,ARKW,S,200,52.81
1527625256965240394,ARKW,S,200,52.83
1527625256325478070,ARKW,S,200,52.81
1527625263032687633,ARKW,S,200,52.81
1527625317262980637,ARKW,S,500,52.78
1527625330942032518,ARKW,S,200,52.79
1527625355759464719,ARKW,S,500,52.8
1527625387326474157,ARKW,B,200,52.54
1527625385830287278,ARKW,B,200,52.54
1527625386828597166,ARKW,S,200,53.08
1527625384698415023,ARKW,S,200,53.08
1527625383765643401,ARKW,S,200,52.95
1527625386136866953,ARKW,S,200,52.95
1527625390510538114,ARKW,B,400,52.68
1527625390619262338,ARKW,S,400,52.8
1527625389917240708,ARKW,B,200,52.65
1527625390157495684,ARKW,B,200,52.66
1527625390953495944,ARKW,B,400,52.67
1527625388023840137,ARKW,S,400,52.81
1527625390166867337,ARKW,S,200,52.81
1527625395377108656,ARKW,S,200,52.82
1527625394540348890,ARKW,S,200,52.83
1527625397410570537,ARKW,B,200,52.64
1527625413054502185,ARKW,S,200,52.84
1527625411969226026,ARKW,S,200,0
1527625415669805896,ARKW,S,500,52.8
1527625413722994102,ARKW,S,200,52.85
1527625417672604603,ARKW,S,500,52.81
1527625419611937905,ARKW,S,200,52.86
1527625418245512306,ARKW,S,200,52.86
1527625502320590940,ARKW,S,500,52.82
1527625525327318849,ARKW,S,200,52.87
1527625523509940034,ARKW,S,200,52.87
1527625525836794311,ARKW,S,500,52.82
1527625525437455077,ARKW,S,500,52.82
1527625593093407912,ARKW,S,500,52.83
1527625630866291156,ARKW,B,200,52.7
1527625631190628820,ARKW,B,200,52.71
1527625629658659308,ARKW,S,500,52.83
1527625629597908114,ARKW,B,200,52.69
1527625638338568562,ARKW,S,500,52.83
1527625637056915618,ARKW,S,200,52.88
1527625639110420643,ARKW,S,200,52.88
1527625638942873774,ARKW,S,500,52.84
1527625666848980997,ARKW,B,200,52.68
1527625665260322822,ARKW,B,200,52.68
1527625682672164999,ARKW,S,500,52.82
1527625695195865525,ARKW,B,100,52.77
1527625693530727626,ARKW,B,200,52.67
1527625696152888522,ARKW,B,200,52.67
1527625693863132007,ARKW,S,200,52.83
1527625710994787092,ARKW,B,100,52.77
1527625732062367780,ARKW,B,100,52.77
1527625762151558145,ARKW,S,500,52.84
1527625768275262680,ARKW,S,500,52.84
1527625773238881770,ARKW,B,200,52.77
1527625770216558226,ARKW,S,200,52.89
1527625772823187090,ARKW,S,200,52.89
1527625770542605875,ARKW,S,500,52.85
1527625772552667914,ARKW,S,200,52.9
1527625772890637088,ARKW,S,200,52.9
1527625772029237918,ARKW,B,200,52.78
1527625771217182963,ARKW,S,500,52.86
1527625777845224805,ARKW,B,200,52.73
1527625778539840869,ARKW,B,200,52.74
1527625778721179134,ARKW,B,200,52.72
1527625775857657792,ARKW,S,200,52.91
1527625778706180032,ARKW,S,200,52.91
1527625792247607974,ARKW,S,200,52.92
1527625795611898534,ARKW,S,200,52.92
1527625793103582377,ARKW,S,500,52.88
1527625796759846571,ARKW,B,200,52.8
1527625798551666364,ARKW,S,500,52.88
1527625804204058572,ARKW,B,200,52.8
1527625820964885058,ARKW,B,200,52.8
1527625831637669291,ARKW,B,200,52.8
1527625838253146063,ARKW,B,200,52.8
1527625838128693226,ARKW,S,500,52.88
1527625843585024522,ARKW,B,200,52.8
1527625855985658913,ARKW,B,200,52.8
1527625853460575044,ARKW,B,130,52.81
1527625853089263794,ARKW,B,200,52.78
1527625855279870148,ARKW,S,500,52.88
1527625854099043352,ARKW,S,200,52.93
1527625852902093849,ARKW,S,200,52.93
1527625854002771505,ARKW,B,200,52.81
1527625858960990471,ARKW,S,500,52.89
1527625856886973526,ARKW,S,200,52.94
1527625859727369302,ARKW,S,200,52.94
1527625864241964086,ARKW,B,200,52.81
1527625871683860351,ARKW,B,200,52.81
1527625875609412003,ARKW,S,500,52.89
1527625873569997235,ARKW,B,200,52.81
1527625874009615542,ARKW,S,1100,52.89
1527625875665775819,ARKW,B,200,52.81
1527625898332460975,ARKW,S,1000,52.88
1527625900430878594,ARKW,S,200,52.89
1527625901191768979,ARKW,B,100,52.8
1527625905137146039,ARKW,S,1100,52.86
1527625905238955556,ARKW,S,200,52.87
1527625966498640667,ARKW,B,200,52.81
1527625966416851904,ARKW,B,200,52.78
1527625970786475177,ARKW,S,1000,52.89
1527625971952688319,ARKW,B,200,52.81
1527625971528293892,ARKW,B,200,52.79
1527625979636886026,ARKW,B,200,52.81
1527625987718001995,ARKW,S,100,52.88
1527625987789576933,ARKW,B,200,52.82
1527625985694012077,ARKW,S,900,52.9
1527625987437678844,ARKW,S,200,52.95
1527625986864238845,ARKW,S,200,52.95
1527625992073165727,ARKW,S,1000,52.91
1527625997253664513,ARKW,S,200,52.96
1527625993835306758,ARKW,S,200,52.96
1527625994592446104,ARKW,B,200,52.84
1527625996587689888,ARKW,B,100,52.85
1527626004747705220,ARKW,B,200,52.79
1527626005358697348,ARKW,B,200,52.8
1527626005860572042,ARKW,B,200,52.78
1527626002683266084,ARKW,B,200,52.82
1527626006668955538,ARKW,B,200,52.77
1527626023879083951,ARKW,S,200,52.97
1527626026395862959,ARKW,S,200,52.97
1527626023720489879,ARKW,B,200,52.85
1527626027348438322,ARKW,S,200,52.98
1527626025913482973,ARKW,B,200,52.86
1527626027565383830,ARKW,B,200,0
1527626025379303308,ARKW,S,1000,52.94
1527626046596163480,ARKW,S,200,52.99
1527626045168461721,ARKW,S,200,52.99
1527626053644750861,ARKW,S,1000,52.94
1527626087882292181,ARKW,S,100,52.94
1527626085256920045,ARKW,S,1000,52.95
1527626084026219502,ARKW,S,200,52.95
1527626087537769465,ARKW,S,900,52.94
1527626100126456391,ARKW,S,1000,52.95
1527626120707199896,ARKW,S,900,52.95
1527626121489787011,ARKW,S,900,52.94
1527626124276891046,ARKW,S,900,52.95
1527626127099852956,ARKW,S,900,52.94
1527626133558827621,ARKW,B,100,52.89
1527626148919402568,ARKW,S,1100,52.96
1527626150641712445,ARKW,S,1000,52.95
1527626160352239049,ARKW,S,200,53
1527626160938720935,ARKW,S,200,53
1527626159527012158,ARKW,B,130,52.9
1527626156961300057,ARKW,S,1100,52.96
1527626169621239954,ARKW,S,200,53.01
1527626172413991058,ARKW,S,200,53.01
1527626186064314893,ARKW,S,1000,52.97
1527626187211426386,ARKW,B,100,52.9
1527626190702005605,ARKW,B,200,52.89
1527626189683510630,ARKW,B,200,52.89
1527626187266027096,ARKW,B,200,52.9
1527626188282763930,ARKW,S,200,53.02
1527626190795283098,ARKW,S,200,53.02
1527626187601783464,ARKW,B,200,52.84
1527626188801360830,ARKW,B,200,52.83
1527626187067147199,ARKW,B,200,52.83
1527626194606737715,ARKW,S,200,53.03
1527626209120849067,ARKW,S,1000,52.98
1527626222854374587,ARKW,B,200,52.92
1527626222360889564,ARKW,B,200,52.92
1527626242636121464,ARKW,B,200,52.92
1527626251897271115,ARKW,S,200,53.01
1527626253163164491,ARKW,S,200,53
1527626254556656459,ARKW,S,200,53.01
1527626254745269192,ARKW,S,200,53
1527626252464357475,ARKW,S,200,53
1527626280870017034,ARKW,S,200,53.04
1527626279366227979,ARKW,S,200,53.04
1527626280114525427,ARKW,B,200,0
1527626286974844833,ARKW,S,1100,53
1527626308707723007,ARKW,S,900,52.99
1527626323297619152,ARKW,S,100,52.98
1527626331384989822,ARKW,S,1100,52.99
1527626359828705908,ARKW,S,900,0
1527626374043990699,ARKW,S,200,53.05
1527626372513266348,ARKW,S,200,53.05
1527626406652581182,ARKW,S,1000,53
1527626407318230538,ARKW,B,200,52.92
1527626408666240565,ARKW,B,100,52.93
1527626405928608306,ARKW,B,200,52.93
1527626408841618510,ARKW,B,200,52.9
1527626406009223434,ARKW,S,900,53.01
1527626414173950663,ARKW,B,200,52.91
1527626414108952963,ARKW,S,200,53.06
1527626414001736068,ARKW,S,200,53.06
1527626410438412746,ARKW,B,200,52.94
1527626427147277608,ARKW,B,200,52.94
1527626439505058358,ARKW,B,200,52.94
1527626450872943225,ARKW,B,200,0
1527626454965506632,ARKW,S,900,53
1527626458399068405,ARKW,B,100,52.95
1527626473541483774,ARKW,B,200,52.94
1527626478470457111,ARKW,B,200,52.94
1527626474782244033,ARKW,S,200,53.07
1527626478285798593,ARKW,S,200,53.07
1527626488634994425,ARKW,S,1100,53.01
1527626495825880800,ARKW,S,200,53.02
1527626503642709213,ARKW,S,100,53
1527626503694679262,ARKW,B,100,52.94
1527626502258000213,ARKW,S,1000,53
1527626500859735453,ARKW,S,200,53.01
1527626509507925523,ARKW,B,100,52.92
1527626510235899840,ARKW,S,1000,52.99
1527626520496177524,ARKW,B,200,52.92
1527626524478935334,ARKW,B,200,52.93
1527626525500707128,ARKW,B,100,52.94
1527626532384501182,ARKW,S,900,53
1527626547977490797,ARKW,S,1100,53
1527626581295294203,ARKW,S,1100,53
1527626599455147500,ARKW,B,100,52.94
1527626611678777528,ARKW,B,100,52.95
1527626609254273252,ARKW,S,1100,53.01
1527626621402234048,ARKW,B,100,0
1527626623323684878,ARKW,B,200,52.91
1527626624362375123,ARKW,B,100,52.96
1527626633510635100,ARKW,S,900,53.02
1527626633580627728,ARKW,B,100,52.97
1527626636659459214,ARKW,B,200,52.92
1527626650104990604,ARKW,B,100,52.97
1527626646382486526,ARKW,B,100,52.97
1527626660300964480,ARKW,S,200,53.08
1527626662965133952,ARKW,S,200,53.08
1527626665898025495,ARKW,S,1100,53.03
1527626664083923668,ARKW,B,100,52.97
1527626669655608389,ARKW,B,100,52.96
1527626680123746499,ARKW,S,200,53.06
1527626677193369796,ARKW,S,200,53.05
1527626678268684484,ARKW,S,200,53.04
1527626678692702404,ARKW,S,200,53.06
1527626679202113778,ARKW,S,200,53.04
1527626677417502975,ARKW,S,200,53.04
1527626677057841426,ARKW,S,200,53.04
1527626679668872810,ARKW,S,900,53.02
1527626678743242389,ARKW,B,100,52.97
1527626684068401622,ARKW,S,200,53.03
1527626697109027869,ARKW,B,100,52.97
1527626698676217847,ARKW,B,200,52.9
1527626699259488247,ARKW,B,200,52.91
1527626699172064775,ARKW,B,200,52.93
1527626700467253258,ARKW,B,200,52.89
1527626700911667903,ARKW,S,200,53.09
1527626699169589952,ARKW,S,200,53.09
1527626705438056818,ARKW,B,100,52.98
1527626705902541208,ARKW,B,100,53
1527626703216548249,ARKW,S,200,53.1
1527626706223864217,ARKW,S,200,53.1
1527626705816951217,ARKW,S,1000,53.05
1527626704615020998,ARKW,B,100,53
1527626702446107831,ARKW,B,200,52.95
1527626702600672278,ARKW,S,900,53.06
1527626705807545369,ARKW,B,100,53
1527626709829890794,ARKW,S,200,53.11
1527626708146008811,ARKW,S,200,53.11
1527626709775234550,ARKW,S,900,53.06
1527626707405260733,ARKW,S,200,53.12
1527626713687106157,ARKW,B,200,53
1527626711671744492,ARKW,S,900,53.07
1527626718422985488,ARKW,B,200,52.97
1527626721575087721,ARKW,B,200,53
1527626727338482321,ARKW,S,1000,53.07
1527626736227274575,ARKW,B,100,53
1527626763140728583,ARKW,S,900,53.06
1527626778799344285,ARKW,S,500,53.06
1527626779582313174,ARKW,B,100,53
1527626783319636227,ARKW,B,100,0
1527626783100288045,ARKW,S,500,53.07
1527626841852125963,ARKW,S,500,53.06
1527626842184928171,ARKW,S,200,53.07
1527626859173608032,ARKW,S,500,53.07
1527626877945210603,ARKW,B,100,53.01
1527626879581327597,ARKW,S,500,53.07
1527626878430449906,ARKW,B,100,53.01
1527626893901315421,ARKW,S,500,53.07
1527626913247254134,ARKW,S,500,53.06
1527626985186449913,ARKW,S,500,53.07
1527626985642198495,ARKW,B,100,53.01
1527626986977822193,ARKW,B,100,53.01
1527626989841286646,ARKW,S,500,53.07
1527627002238436769,ARKW,S,200,53.13
1527627000646108578,ARKW,S,200,53.13
1527627001467091456,ARKW,B,200,53.01
1527627002480868476,ARKW,B,200,52.98
1527626999540595952,ARKW,B,100,53.02
1527627002190358988,ARKW,S,500,0
1527627003384157130,ARKW,B,100,53.02
1527627009040548939,ARKW,S,200,53.14
1527627009139246160,ARKW,S,200,53.14
1527627011162211454,ARKW,B,200,52.96
1527627009531872384,ARKW,B,200,52.97
1527627010291438377,ARKW,S,500,53.09
1527627008445159360,ARKW,B,200,53.01
1527627010149099192,ARKW,B,200,52.99
1527627010437665584,ARKW,B,200,53.02
1527627009172367367,ARKW,B,200,52.95
1527627007898478600,ARKW,B,200,52.95
1527627011589860456,ARKW,S,200,53.15
1527627014444149864,ARKW,S,200,53.15
1527627018424824060,ARKW,S,500,53.1
1527627021854960812,ARKW,B,100,53.04
1527627027768034890,ARKW,B,200,53.04
1527627024900203262,ARKW,S,200,53.16
1527627027904373502,ARKW,S,200,53.16
1527627025847944933,ARKW,S,200,53.17
1527627031360036152,ARKW,B,100,53.05
1527627038210937608,ARKW,B,100,0
1527627043294198781,ARKW,B,200,53.02
1527627044225024236,ARKW,B,200,53.05
1527627047633525597,ARKW,S,200,53.18
1527627046270835550,ARKW,S,200,53.18
1527627051376310406,ARKW,B,100,53.05
1527627066407594885,ARKW,S,200,53.16
1527627063193447302,ARKW,S,200,53.15
1527627064340654982,ARKW,S,200,53.14
1527627064892009350,ARKW,S,200,53.16
1527627066885286790,ARKW,S,200,53.13
1527627063281902923,ARKW,S,500,53.1
1527627068919717724,ARKW,S,200,53.11
1527627133345669242,ARKW,B,200,52.94
1527627132759580795,ARKW,B,200,52.94
1527627140080164335,ARKW,S,200,53.13
1527627138362924528,ARKW,S,200,53.13
1527627139474546160,ARKW,S,200,53.12
1527627137800953329,ARKW,S,200,53.11
1527627139780992497,ARKW,S,200,53.1
1527627138685735360,ARKW,B,200,52.93
1527627137109070273,ARKW,B,200,52.93
1527627140539820297,ARKW,S,500,53.09
1527627142370780445,ARKW,S,200,53.09
1527627141437879424,ARKW,S,200,53.09
1527627142033406422,ARKW,S,500,53.08
1527627173202422657,ARKW,S,500,53.09
1527627179271299636,ARKW,B,100,53.05
1527627182257382051,ARKW,B,200,52.99
1527627181659170887,ARKW,S,500,53.1
1527627179959825469,ARKW,S,200,53.14
1527627182577071165,ARKW,S,200,53.14
1527627189224395416,ARKW,B,100,53.05
1527627203677406415,ARKW,B,100,53.05
1527627243591163757,ARKW,B,100,53.05
1527627273748179963,ARKW,S,200,53.12
1527627275108772859,ARKW,S,200,53.11
1527627276091288571,ARKW,S,200,53.1
1527627276460780539,ARKW,S,200,53.12
1527627278698771958,ARKW,S,200,53.1
1527627299874405504,ARKW,B,100,53.05
1527627304560333256,ARKW,B,100,53.04
1527627305627719151,ARKW,S,500,53.09
1527627318834852627,ARKW,S,200,53.12
1527627320083378963,ARKW,S,200,53.11
1527627316784624404,ARKW,S,200,53.1
1527627317403939604,ARKW,S,200,53.12
1527627317791716116,ARKW,S,200,53.09
1527627317704099139,ARKW,B,200,52.92
1527627320309482819,ARKW,B,200,52.92
1527627317863744849,ARKW,S,200,53.09
1527627325612120316,ARKW,S,200,53.09
1527627325623275433,ARKW,S,500,53.07
1527627328907219451,ARKW,S,500,53.07
1527627357272470468,ARKW,B,200,52.91
1527627356401365957,ARKW,B,200,52.91
1527627405749391318,ARKW,B,100,53.03
1527627408785370237,ARKW,B,100,53.03
1527627408953482179,ARKW,B,100,53.03
1527627407645659441,ARKW,B,100,53.03
1527627407554957865,ARKW,B,100,53.03
1527627417440587979,ARKW,B,100,53.03
1527627419783087755,ARKW,S,500,53.08
1527627423475813015,ARKW,B,100,53.03
1527627425185497065,ARKW,S,100,53.07
1527627425308573693,ARKW,S,500,53.07
1527627449293608402,ARKW,B,100,53.03
1527627445822626654,ARKW,B,100,53.03
1527627447177781191,ARKW,B,100,0
1527627449596453601,ARKW,B,100,53.03
1527627452738122449,ARKW,B,100,53.04
1527627455125085612,ARKW,S,500,53.07
1527627484742912552,ARKW,S,500,53.06
1527627487433842311,ARKW,S,200,53.07
1527627487698884988,ARKW,S,100,53.05
1527627490169040725,ARKW,S,500,53.07
1527627489037961235,ARKW,B,100,53.04
1527627495474377953,ARKW,B,200,52.97
1527627499310675203,ARKW,S,500,53.08
1527627511896178583,ARKW,S,500,53.09
1527627521616875531,ARKW,S,100,53.08
1527627523391447673,ARKW,S,500,53.09
1527627526433200116,ARKW,B,100,0
1527627532150300344,ARKW,S,100,53.08
1527627532465725134,ARKW,S,500,53.08
1527627540823291688,ARKW,B,10,53.06
1527627540598029208,ARKW,S,500,53.07
1527627542405192252,ARKW,S,200,53.08
1527627545501564171,ARKW,B,9,53.06
1527627551170183048,ARKW,B,100,53.06
1527627575287616021,ARKW,S,500,53.06
1527627577464328813,ARKW,B,300,53.04
1527627580766419647,ARKW,B,7,53.04
1527627599303949319,ARKW,B,200,52.85
1527627597461142536,ARKW,B,200,0
1527627598382316561,ARKW,S,200,53.18
1527627596782451730,ARKW,S,200,53.18
1527627598720811981,ARKW,B,200,52.96
1527627596222527796,ARKW,S,200,53.19
1527627599805200651,ARKW,S,200,53.2
1527627596734662534,ARKW,B,100,51.98
1527627598219121960,ARKW,B,100,50.39
1527627597590960293,ARKW,S,100,55.71
1527627600653473031,ARKW,B,200,52.94
1527627601357724099,ARKW,B,200,52.96
